Sample Name,Run List,Position,i5_Name,i5_MiSeq_Barcode,i5_NextSeq_Barcode,i7_Name,i7_Barcode,Panel,Instrument,,Sample ID,I7_barcode,I5_Barcode
21-8014,P125_2025-26,A1,i5_AAACGG,AAACGG,CCGTTT,i726,AATTTG,Ots Final,0,,21-8014_GT.0026_i726_A1_Ots Final,AATTTG,
21-8015,P125_2025-26,B1,i5_GAACCA,GAACCA,TGGTTC,i726,AATTTG,Ots Final,0,,21-8015_GT.0026_i726_B1_Ots Final,AATTTG,
21-8017,P125_2025-26,C1,i5_AAGACG,AAGACG,CGTCTT,i726,AATTTG,Ots Final,0,,21-8017_GT.0026_i726_C1_Ots Final,AATTTG,
21-8022,P125_2025-26,D1,i5_GAGAGA,GAGAGA,TCTCTC,i726,AATTTG,Ots Final,0,,21-8022_GT.0026_i726_D1_Ots Final,AATTTG,
21-8023,P125_2025-26,E1,i5_AATGAG,AATGAG,CTCATT,i726,AATTTG,Ots Final,0,,21-8023_GT.0026_i726_E1_Ots Final,AATTTG,
21-8028,P125_2025-26,F1,i5_GCATGG,GCATGG,CCATGC,i726,AATTTG,Ots Final,0,,21-8028_GT.0026_i726_F1_Ots Final,AATTTG,
21-8029,P125_2025-26,G1,i5_ACATAC,ACATAC,GTATGT,i726,AATTTG,Ots Final,0,,21-8029_GT.0026_i726_G1_Ots Final,AATTTG,
21-8030,P125_2025-26,H1,i5_GCGCTG,GCGCTG,CAGCGC,i726,AATTTG,Ots Final,0,,21-8030_GT.0026_i726_H1_Ots Final,AATTTG,
21-8031,P125_2025-26,A2,i5_ACTCTT,ACTCTT,AAGAGT,i726,AATTTG,Ots Final,0,,21-8031_GT.0026_i726_A2_Ots Final,AATTTG,
21-8032,P125_2025-26,B2,i5_GGCAAG,GGCAAG,CTTGCC,i726,AATTTG,Ots Final,0,,21-8032_GT.0026_i726_B2_Ots Final,AATTTG,
21-8037,P125_2025-26,C2,i5_AGCGCA,AGCGCA,TGCGCT,i726,AATTTG,Ots Final,0,,21-8037_GT.0026_i726_C2_Ots Final,AATTTG,
21-8039,P125_2025-26,D2,i5_GGTACA,GGTACA,TGTACC,i726,AATTTG,Ots Final,0,,21-8039_GT.0026_i726_D2_Ots Final,AATTTG,
21-8041,P125_2025-26,E2,i5_AGTAGG,AGTAGG,CCTACT,i726,AATTTG,Ots Final,0,,21-8041_GT.0026_i726_E2_Ots Final,AATTTG,
21-8043,P125_2025-26,F2,i5_GTATCC,GTATCC,GGATAC,i726,AATTTG,Ots Final,0,,21-8043_GT.0026_i726_F2_Ots Final,AATTTG,
21-8044,P125_2025-26,G2,i5_ATCAAA,ATCAAA,TTTGAT,i726,AATTTG,Ots Final,0,,21-8044_GT.0026_i726_G2_Ots Final,AATTTG,
21-8049,P125_2025-26,H2,i5_GTGTAA,GTGTAA,TTACAC,i726,AATTTG,Ots Final,0,,21-8049_GT.0026_i726_H2_Ots Final,AATTTG,
21-8051,P125_2025-26,A3,i5_ATTCCG,ATTCCG,CGGAAT,i726,AATTTG,Ots Final,0,,21-8051_GT.0026_i726_A3_Ots Final,AATTTG,
21-8052,P125_2025-26,B3,i5_TAATTC,TAATTC,GAATTA,i726,AATTTG,Ots Final,0,,21-8052_GT.0026_i726_B3_Ots Final,AATTTG,
21-8057,P125_2025-26,C3,i5_CACCTC,CACCTC,GAGGTG,i726,AATTTG,Ots Final,0,,21-8057_GT.0026_i726_C3_Ots Final,AATTTG,
21-8059,P125_2025-26,D3,i5_TAGTAT,TAGTAT,ATACTA,i726,AATTTG,Ots Final,0,,21-8059_GT.0026_i726_D3_Ots Final,AATTTG,
21-8072,P125_2025-26,E3,i5_CCATTT,CCATTT,AAATGG,i726,AATTTG,Ots Final,0,,21-8072_GT.0026_i726_E3_Ots Final,AATTTG,
21-8080,P125_2025-26,F3,i5_TCCTGC,TCCTGC,GCAGGA,i726,AATTTG,Ots Final,0,,21-8080_GT.0026_i726_F3_Ots Final,AATTTG,
21-8087,P125_2025-26,G3,i5_CCGAGG,CCGAGG,CCTCGG,i726,AATTTG,Ots Final,0,,21-8087_GT.0026_i726_G3_Ots Final,AATTTG,
21-8092,P125_2025-26,H3,i5_TCGGAC,TCGGAC,GTCCGA,i726,AATTTG,Ots Final,0,,21-8092_GT.0026_i726_H3_Ots Final,AATTTG,
21-8094,P125_2025-26,A4,i5_CGAGGC,CGAGGC,GCCTCG,i726,AATTTG,Ots Final,0,,21-8094_GT.0026_i726_A4_Ots Final,AATTTG,
21-8098,P125_2025-26,B4,i5_TGAACC,TGAACC,GGTTCA,i726,AATTTG,Ots Final,0,,21-8098_GT.0026_i726_B4_Ots Final,AATTTG,
21-8103,P125_2025-26,C4,i5_CGGTCC,CGGTCC,GGACCG,i726,AATTTG,Ots Final,0,,21-8103_GT.0026_i726_C4_Ots Final,AATTTG,
21-8105,P125_2025-26,D4,i5_TGCTTA,TGCTTA,TAAGCA,i726,AATTTG,Ots Final,0,,21-8105_GT.0026_i726_D4_Ots Final,AATTTG,
21-8108,P125_2025-26,E4,i5_CTACAG,CTACAG,CTGTAG,i726,AATTTG,Ots Final,0,,21-8108_GT.0026_i726_E4_Ots Final,AATTTG,
23-7202,P125_2025-26,F4,i5_TTCCGT,TTCCGT,ACGGAA,i726,AATTTG,Ots Final,0,,23-7202_GT.0026_i726_F4_Ots Final,AATTTG,
21-9003,P125_2025-26,G4,i5_CTGGTT,CTGGTT,AACCAG,i726,AATTTG,Ots Final,0,,21-9003_GT.0026_i726_G4_Ots Final,AATTTG,
21-9008,P125_2025-26,H4,i5_TTTAAT,TTTAAT,ATTAAA,i726,AATTTG,Ots Final,0,,21-9008_GT.0026_i726_H4_Ots Final,AATTTG,
21-9009,P125_2025-26,A5,i5_GAAATG,GAAATG,CATTTC,i726,AATTTG,Ots Final,0,,21-9009_GT.0026_i726_A5_Ots Final,AATTTG,
21-9015,P125_2025-26,B5,i5_AACTGA,AACTGA,TCAGTT,i726,AATTTG,Ots Final,0,,21-9015_GT.0026_i726_B5_Ots Final,AATTTG,
21-9022,P125_2025-26,C5,i5_GACTCT,GACTCT,AGAGTC,i726,AATTTG,Ots Final,0,,21-9022_GT.0026_i726_C5_Ots Final,AATTTG,
21-9030,P125_2025-26,D5,i5_AATATC,AATATC,GATATT,i726,AATTTG,Ots Final,0,,21-9030_GT.0026_i726_D5_Ots Final,AATTTG,
21-9031,P125_2025-26,E5,i5_GCAGAT,GCAGAT,ATCTGC,i726,AATTTG,Ots Final,0,,21-9031_GT.0026_i726_E5_Ots Final,AATTTG,
21-9036,P125_2025-26,F5,i5_ACAGCG,ACAGCG,CGCTGT,i726,AATTTG,Ots Final,0,,21-9036_GT.0026_i726_F5_Ots Final,AATTTG,
21-9038,P125_2025-26,G5,i5_GCGACC,GCGACC,GGTCGC,i726,AATTTG,Ots Final,0,,21-9038_GT.0026_i726_G5_Ots Final,AATTTG,
21-9040,P125_2025-26,H5,i5_ACCCCC,ACCCCC,GGGGGT,i726,AATTTG,Ots Final,0,,21-9040_GT.0026_i726_H5_Ots Final,AATTTG,
21-9041,P125_2025-26,A6,i5_GGACTT,GGACTT,AAGTCC,i726,AATTTG,Ots Final,0,,21-9041_GT.0026_i726_A6_Ots Final,AATTTG,
21-9049,P125_2025-26,B6,i5_AGCCAT,AGCCAT,ATGGCT,i726,AATTTG,Ots Final,0,,21-9049_GT.0026_i726_B6_Ots Final,AATTTG,
21-9051,P125_2025-26,C6,i5_GGGGCG,GGGGCG,CGCCCC,i726,AATTTG,Ots Final,0,,21-9051_GT.0026_i726_C6_Ots Final,AATTTG,
21-9062,P125_2025-26,D6,i5_AGGTGT,AGGTGT,ACACCT,i726,AATTTG,Ots Final,0,,21-9062_GT.0026_i726_D6_Ots Final,AATTTG,
21-9063,P125_2025-26,E6,i5_GTAAGT,GTAAGT,ACTTAC,i726,AATTTG,Ots Final,0,,21-9063_GT.0026_i726_E6_Ots Final,AATTTG,
21-9069,P125_2025-26,F6,i5_ATAGTA,ATAGTA,TACTAT,i726,AATTTG,Ots Final,0,,21-9069_GT.0026_i726_F6_Ots Final,AATTTG,
21-9074,P125_2025-26,G6,i5_GTGCCT,GTGCCT,AGGCAC,i726,AATTTG,Ots Final,0,,21-9074_GT.0026_i726_G6_Ots Final,AATTTG,
21-9075,P125_2025-26,H6,i5_ATGTTG,ATGTTG,CAACAT,i726,AATTTG,Ots Final,0,,21-9075_GT.0026_i726_H6_Ots Final,AATTTG,
21-9076,P125_2025-26,A7,i5_TAAGCT,TAAGCT,AGCTTA,i726,AATTTG,Ots Final,0,,21-9076_GT.0026_i726_A7_Ots Final,AATTTG,
21-9080,P125_2025-26,B7,i5_CAATCG,CAATCG,CGATTG,i726,AATTTG,Ots Final,0,,21-9080_GT.0026_i726_B7_Ots Final,AATTTG,
21-9082,P125_2025-26,C7,i5_TACGGG,TACGGG,CCCGTA,i726,AATTTG,Ots Final,0,,21-9082_GT.0026_i726_C7_Ots Final,AATTTG,
21-9083,P125_2025-26,D7,i5_CATACT,CATACT,AGTATG,i726,AATTTG,Ots Final,0,,21-9083_GT.0026_i726_D7_Ots Final,AATTTG,
21-9085,P125_2025-26,E7,i5_TCAAAG,TCAAAG,CTTTGA,i726,AATTTG,Ots Final,0,,21-9085_GT.0026_i726_E7_Ots Final,AATTTG,
21-9091,P125_2025-26,F7,i5_CCCTAA,CCCTAA,TTAGGG,i726,AATTTG,Ots Final,0,,21-9091_GT.0026_i726_F7_Ots Final,AATTTG,
21-9092,P125_2025-26,G7,i5_TCGCCA,TCGCCA,TGGCGA,i726,AATTTG,Ots Final,0,,21-9092_GT.0026_i726_G7_Ots Final,AATTTG,
21-9095,P125_2025-26,H7,i5_CCTAAC,CCTAAC,GTTAGG,i726,AATTTG,Ots Final,0,,21-9095_GT.0026_i726_H7_Ots Final,AATTTG,
21-9096,P125_2025-26,A8,i5_TCTTCT,TCTTCT,AGAAGA,i726,AATTTG,Ots Final,0,,21-9096_GT.0026_i726_A8_Ots Final,AATTTG,
21-9098,P125_2025-26,B8,i5_CGCGTG,CGCGTG,CACGCG,i726,AATTTG,Ots Final,0,,21-9098_GT.0026_i726_B8_Ots Final,AATTTG,
21-9103,P125_2025-26,C8,i5_TGCCCG,TGCCCG,CGGGCA,i726,AATTTG,Ots Final,0,,21-9103_GT.0026_i726_C8_Ots Final,AATTTG,
21-9107,P125_2025-26,D8,i5_CGTGAT,CGTGAT,ATCACG,i726,AATTTG,Ots Final,0,,21-9107_GT.0026_i726_D8_Ots Final,AATTTG,
21-9108,P125_2025-26,E8,i5_TTATGA,TTATGA,TCATAA,i726,AATTTG,Ots Final,0,,21-9108_GT.0026_i726_E8_Ots Final,AATTTG,
21-9112,P125_2025-26,F8,i5_CTGCGA,CTGCGA,TCGCAG,i726,AATTTG,Ots Final,0,,21-9112_GT.0026_i726_F8_Ots Final,AATTTG,
21-9121,P125_2025-26,G8,i5_TTGAGC,TTGAGC,GCTCAA,i726,AATTTG,Ots Final,0,,21-9121_GT.0026_i726_G8_Ots Final,AATTTG,
21-9122,P125_2025-26,H8,i5_CTTTGC,CTTTGC,GCAAAG,i726,AATTTG,Ots Final,0,,21-9122_GT.0026_i726_H8_Ots Final,AATTTG,
21-9123,P125_2025-26,A9,i5_AACGTT,AACGTT,AACGTT,i726,AATTTG,Ots Final,0,,21-9123_GT.0026_i726_A9_Ots Final,AATTTG,
21-9128,P125_2025-26,B9,i5_GACGAC,GACGAC,GTCGTC,i726,AATTTG,Ots Final,0,,21-9128_GT.0026_i726_B9_Ots Final,AATTTG,
21-9133,P125_2025-26,C9,i5_AAGCTA,AAGCTA,TAGCTT,i726,AATTTG,Ots Final,0,,21-9133_GT.0026_i726_C9_Ots Final,AATTTG,
21-9136,P125_2025-26,D9,i5_AATCGT,AATCGT,ACGATT,i726,AATTTG,Ots Final,0,,21-9136_GT.0026_i726_D9_Ots Final,AATTTG,
21-9137,P125_2025-26,E9,i5_ACAAGA,ACAAGA,TCTTGT,i726,AATTTG,Ots Final,0,,21-9137_GT.0026_i726_E9_Ots Final,AATTTG,
21-9142,P125_2025-26,F9,i5_GCCGTA,GCCGTA,TACGGC,i726,AATTTG,Ots Final,0,,21-9142_GT.0026_i726_F9_Ots Final,AATTTG,
21-9147,P125_2025-26,G9,i5_ACCATG,ACCATG,CATGGT,i726,AATTTG,Ots Final,0,,21-9147_GT.0026_i726_G9_Ots Final,AATTTG,
21-9153,P125_2025-26,H9,i5_GCTCAA,GCTCAA,TTGAGC,i726,AATTTG,Ots Final,0,,21-9153_GT.0026_i726_H9_Ots Final,AATTTG,
21-9160,P125_2025-26,A10,i5_ACTGGC,ACTGGC,GCCAGT,i726,AATTTG,Ots Final,0,,21-9160_GT.0026_i726_A10_Ots Final,AATTTG,
21-9166,P125_2025-26,B10,i5_GGGCGC,GGGCGC,GCGCCC,i726,AATTTG,Ots Final,0,,21-9166_GT.0026_i726_B10_Ots Final,AATTTG,
21-9167,P125_2025-26,C10,i5_AGGGTC,AGGGTC,GACCCT,i726,AATTTG,Ots Final,0,,21-9167_GT.0026_i726_C10_Ots Final,AATTTG,
21-9168,P125_2025-26,D10,i5_GGTTTG,GGTTTG,CAAACC,i726,AATTTG,Ots Final,0,,21-9168_GT.0026_i726_D10_Ots Final,AATTTG,
21-9177,P125_2025-26,E10,i5_AGTTAA,AGTTAA,TTAACT,i726,AATTTG,Ots Final,0,,21-9177_GT.0026_i726_E10_Ots Final,AATTTG,
21-9179,P125_2025-26,F10,i5_GTCATC,GTCATC,GATGAC,i726,AATTTG,Ots Final,0,,21-9179_GT.0026_i726_F10_Ots Final,AATTTG,
21-9191,P125_2025-26,G10,i5_ATGCAC,ATGCAC,GTGCAT,i726,AATTTG,Ots Final,0,,21-9191_GT.0026_i726_G10_Ots Final,AATTTG,
21-9193,P125_2025-26,H10,i5_GTTGGA,GTTGGA,TCCAAC,i726,AATTTG,Ots Final,0,,21-9193_GT.0026_i726_H10_Ots Final,AATTTG,
21-9194,P125_2025-26,A11,i5_CAAAAA,CAAAAA,TTTTTG,i726,AATTTG,Ots Final,0,,21-9194_GT.0026_i726_A11_Ots Final,AATTTG,
21-9201,P125_2025-26,B11,i5_TACACA,TACACA,TGTGTA,i726,AATTTG,Ots Final,0,,21-9201_GT.0026_i726_B11_Ots Final,AATTTG,
21-9202,P125_2025-26,C11,i5_CAGGCA,CAGGCA,TGCCTG,i726,AATTTG,Ots Final,0,,21-9202_GT.0026_i726_C11_Ots Final,AATTTG,
21-9204,P125_2025-26,D11,i5_TATCAC,TATCAC,GTGATA,i726,AATTTG,Ots Final,0,,21-9204_GT.0026_i726_D11_Ots Final,AATTTG,
21-9207,P125_2025-26,E11,i5_CCCGGT,CCCGGT,ACCGGG,i726,AATTTG,Ots Final,0,,21-9207_GT.0026_i726_E11_Ots Final,AATTTG,
21-9211,P125_2025-26,F11,i5_TCGATT,TCGATT,AATCGA,i726,AATTTG,Ots Final,0,,21-9211_GT.0026_i726_F11_Ots Final,AATTTG,
21-9214,P125_2025-26,G11,i5_CCGCAT,CCGCAT,ATGCGG,i726,AATTTG,Ots Final,0,,21-9214_GT.0026_i726_G11_Ots Final,AATTTG,
21-9215,P125_2025-26,H11,i5_TCTCGG,TCTCGG,CCGAGA,i726,AATTTG,Ots Final,0,,21-9215_GT.0026_i726_H11_Ots Final,AATTTG,
21-9216,P125_2025-26,A12,i5_CGCAGA,CGCAGA,TCTGCG,i726,AATTTG,Ots Final,0,,21-9216_GT.0026_i726_A12_Ots Final,AATTTG,
21-9218,P125_2025-26,B12,i5_TGACAA,TGACAA,TTGTCA,i726,AATTTG,Ots Final,0,,21-9218_GT.0026_i726_B12_Ots Final,AATTTG,
21-9223,P125_2025-26,C12,i5_CGTCTA,CGTCTA,TAGACG,i726,AATTTG,Ots Final,0,,21-9223_GT.0026_i726_C12_Ots Final,AATTTG,
21-9322,P125_2025-26,D12,i5_TGGGGA,TGGGGA,TCCCCA,i726,AATTTG,Ots Final,0,,21-9322_GT.0026_i726_D12_Ots Final,AATTTG,
21-9331,P125_2025-26,E12,i5_CTCGCC,CTCGCC,GGCGAG,i726,AATTTG,Ots Final,0,,21-9331_GT.0026_i726_E12_Ots Final,AATTTG,
21-9337,P125_2025-26,F12,i5_TTCTAG,TTCTAG,CTAGAA,i726,AATTTG,Ots Final,0,,21-9337_GT.0026_i726_F12_Ots Final,AATTTG,
21-9344,P125_2025-26,G12,i5_CTTATG,CTTATG,CATAAG,i726,AATTTG,Ots Final,0,,21-9344_GT.0026_i726_G12_Ots Final,AATTTG,
Negative,P125_2025-26,H12,i5_TTTGTC,TTTGTC,GACAAA,i726,AATTTG,Ots Final,0,,Negative_GT.0026_i726_H12_Ots Final,AATTTG,
21-9354,P125_2025-27,A1,i5_AAACGG,AAACGG,CCGTTT,i727,GGTTTG,Ots Final,0,,21-9354_GT.0026_i727_A1_Ots Final,GGTTTG,
21-9355,P125_2025-27,B1,i5_GAACCA,GAACCA,TGGTTC,i727,GGTTTG,Ots Final,0,,21-9355_GT.0026_i727_B1_Ots Final,GGTTTG,
21-9356,P125_2025-27,C1,i5_AAGACG,AAGACG,CGTCTT,i727,GGTTTG,Ots Final,0,,21-9356_GT.0026_i727_C1_Ots Final,GGTTTG,
21-9358,P125_2025-27,D1,i5_GAGAGA,GAGAGA,TCTCTC,i727,GGTTTG,Ots Final,0,,21-9358_GT.0026_i727_D1_Ots Final,GGTTTG,
21-9361,P125_2025-27,E1,i5_AATGAG,AATGAG,CTCATT,i727,GGTTTG,Ots Final,0,,21-9361_GT.0026_i727_E1_Ots Final,GGTTTG,
21-9366,P125_2025-27,F1,i5_GCATGG,GCATGG,CCATGC,i727,GGTTTG,Ots Final,0,,21-9366_GT.0026_i727_F1_Ots Final,GGTTTG,
21-9368,P125_2025-27,G1,i5_ACATAC,ACATAC,GTATGT,i727,GGTTTG,Ots Final,0,,21-9368_GT.0026_i727_G1_Ots Final,GGTTTG,
21-9369,P125_2025-27,H1,i5_GCGCTG,GCGCTG,CAGCGC,i727,GGTTTG,Ots Final,0,,21-9369_GT.0026_i727_H1_Ots Final,GGTTTG,
21-9376,P125_2025-27,A2,i5_ACTCTT,ACTCTT,AAGAGT,i727,GGTTTG,Ots Final,0,,21-9376_GT.0026_i727_A2_Ots Final,GGTTTG,
21-9378,P125_2025-27,B2,i5_GGCAAG,GGCAAG,CTTGCC,i727,GGTTTG,Ots Final,0,,21-9378_GT.0026_i727_B2_Ots Final,GGTTTG,
21-9379,P125_2025-27,C2,i5_AGCGCA,AGCGCA,TGCGCT,i727,GGTTTG,Ots Final,0,,21-9379_GT.0026_i727_C2_Ots Final,GGTTTG,
21-9382,P125_2025-27,D2,i5_GGTACA,GGTACA,TGTACC,i727,GGTTTG,Ots Final,0,,21-9382_GT.0026_i727_D2_Ots Final,GGTTTG,
21-9384,P125_2025-27,E2,i5_AGTAGG,AGTAGG,CCTACT,i727,GGTTTG,Ots Final,0,,21-9384_GT.0026_i727_E2_Ots Final,GGTTTG,
21-9396,P125_2025-27,F2,i5_GTATCC,GTATCC,GGATAC,i727,GGTTTG,Ots Final,0,,21-9396_GT.0026_i727_F2_Ots Final,GGTTTG,
21-9397,P125_2025-27,G2,i5_ATCAAA,ATCAAA,TTTGAT,i727,GGTTTG,Ots Final,0,,21-9397_GT.0026_i727_G2_Ots Final,GGTTTG,
21-9398,P125_2025-27,H2,i5_GTGTAA,GTGTAA,TTACAC,i727,GGTTTG,Ots Final,0,,21-9398_GT.0026_i727_H2_Ots Final,GGTTTG,
21-9400,P125_2025-27,A3,i5_ATTCCG,ATTCCG,CGGAAT,i727,GGTTTG,Ots Final,0,,21-9400_GT.0026_i727_A3_Ots Final,GGTTTG,
21-9413,P125_2025-27,B3,i5_TAATTC,TAATTC,GAATTA,i727,GGTTTG,Ots Final,0,,21-9413_GT.0026_i727_B3_Ots Final,GGTTTG,
21-9414,P125_2025-27,C3,i5_CACCTC,CACCTC,GAGGTG,i727,GGTTTG,Ots Final,0,,21-9414_GT.0026_i727_C3_Ots Final,GGTTTG,
21-9415,P125_2025-27,D3,i5_TAGTAT,TAGTAT,ATACTA,i727,GGTTTG,Ots Final,0,,21-9415_GT.0026_i727_D3_Ots Final,GGTTTG,
21-9417,P125_2025-27,E3,i5_CCATTT,CCATTT,AAATGG,i727,GGTTTG,Ots Final,0,,21-9417_GT.0026_i727_E3_Ots Final,GGTTTG,
21-9420,P125_2025-27,F3,i5_TCCTGC,TCCTGC,GCAGGA,i727,GGTTTG,Ots Final,0,,21-9420_GT.0026_i727_F3_Ots Final,GGTTTG,
21-9421,P125_2025-27,G3,i5_CCGAGG,CCGAGG,CCTCGG,i727,GGTTTG,Ots Final,0,,21-9421_GT.0026_i727_G3_Ots Final,GGTTTG,
21-9429,P125_2025-27,H3,i5_TCGGAC,TCGGAC,GTCCGA,i727,GGTTTG,Ots Final,0,,21-9429_GT.0026_i727_H3_Ots Final,GGTTTG,
21-9442,P125_2025-27,A4,i5_CGAGGC,CGAGGC,GCCTCG,i727,GGTTTG,Ots Final,0,,21-9442_GT.0026_i727_A4_Ots Final,GGTTTG,
21-9448,P125_2025-27,B4,i5_TGAACC,TGAACC,GGTTCA,i727,GGTTTG,Ots Final,0,,21-9448_GT.0026_i727_B4_Ots Final,GGTTTG,
21-9453,P125_2025-27,C4,i5_CGGTCC,CGGTCC,GGACCG,i727,GGTTTG,Ots Final,0,,21-9453_GT.0026_i727_C4_Ots Final,GGTTTG,
21-9463,P125_2025-27,D4,i5_TGCTTA,TGCTTA,TAAGCA,i727,GGTTTG,Ots Final,0,,21-9463_GT.0026_i727_D4_Ots Final,GGTTTG,
21-9471,P125_2025-27,E4,i5_CTACAG,CTACAG,CTGTAG,i727,GGTTTG,Ots Final,0,,21-9471_GT.0026_i727_E4_Ots Final,GGTTTG,
21-9472,P125_2025-27,F4,i5_TTCCGT,TTCCGT,ACGGAA,i727,GGTTTG,Ots Final,0,,21-9472_GT.0026_i727_F4_Ots Final,GGTTTG,
21-9473,P125_2025-27,G4,i5_CTGGTT,CTGGTT,AACCAG,i727,GGTTTG,Ots Final,0,,21-9473_GT.0026_i727_G4_Ots Final,GGTTTG,
21-9474,P125_2025-27,H4,i5_TTTAAT,TTTAAT,ATTAAA,i727,GGTTTG,Ots Final,0,,21-9474_GT.0026_i727_H4_Ots Final,GGTTTG,
21-9477,P125_2025-27,A5,i5_GAAATG,GAAATG,CATTTC,i727,GGTTTG,Ots Final,0,,21-9477_GT.0026_i727_A5_Ots Final,GGTTTG,
21-9564,P125_2025-27,B5,i5_AACTGA,AACTGA,TCAGTT,i727,GGTTTG,Ots Final,0,,21-9564_GT.0026_i727_B5_Ots Final,GGTTTG,
21-9565,P125_2025-27,C5,i5_GACTCT,GACTCT,AGAGTC,i727,GGTTTG,Ots Final,0,,21-9565_GT.0026_i727_C5_Ots Final,GGTTTG,
21-9566,P125_2025-27,D5,i5_AATATC,AATATC,GATATT,i727,GGTTTG,Ots Final,0,,21-9566_GT.0026_i727_D5_Ots Final,GGTTTG,
21-9567,P125_2025-27,E5,i5_GCAGAT,GCAGAT,ATCTGC,i727,GGTTTG,Ots Final,0,,21-9567_GT.0026_i727_E5_Ots Final,GGTTTG,
21-9569,P125_2025-27,F5,i5_ACAGCG,ACAGCG,CGCTGT,i727,GGTTTG,Ots Final,0,,21-9569_GT.0026_i727_F5_Ots Final,GGTTTG,
21-9570,P125_2025-27,G5,i5_GCGACC,GCGACC,GGTCGC,i727,GGTTTG,Ots Final,0,,21-9570_GT.0026_i727_G5_Ots Final,GGTTTG,
21-9573,P125_2025-27,H5,i5_ACCCCC,ACCCCC,GGGGGT,i727,GGTTTG,Ots Final,0,,21-9573_GT.0026_i727_H5_Ots Final,GGTTTG,
21-9576,P125_2025-27,A6,i5_GGACTT,GGACTT,AAGTCC,i727,GGTTTG,Ots Final,0,,21-9576_GT.0026_i727_A6_Ots Final,GGTTTG,
21-9578,P125_2025-27,B6,i5_AGCCAT,AGCCAT,ATGGCT,i727,GGTTTG,Ots Final,0,,21-9578_GT.0026_i727_B6_Ots Final,GGTTTG,
21-9582,P125_2025-27,C6,i5_GGGGCG,GGGGCG,CGCCCC,i727,GGTTTG,Ots Final,0,,21-9582_GT.0026_i727_C6_Ots Final,GGTTTG,
21-9584,P125_2025-27,D6,i5_AGGTGT,AGGTGT,ACACCT,i727,GGTTTG,Ots Final,0,,21-9584_GT.0026_i727_D6_Ots Final,GGTTTG,
21-9585,P125_2025-27,E6,i5_GTAAGT,GTAAGT,ACTTAC,i727,GGTTTG,Ots Final,0,,21-9585_GT.0026_i727_E6_Ots Final,GGTTTG,
21-9589,P125_2025-27,F6,i5_ATAGTA,ATAGTA,TACTAT,i727,GGTTTG,Ots Final,0,,21-9589_GT.0026_i727_F6_Ots Final,GGTTTG,
21-9590,P125_2025-27,G6,i5_GTGCCT,GTGCCT,AGGCAC,i727,GGTTTG,Ots Final,0,,21-9590_GT.0026_i727_G6_Ots Final,GGTTTG,
21-9592,P125_2025-27,H6,i5_ATGTTG,ATGTTG,CAACAT,i727,GGTTTG,Ots Final,0,,21-9592_GT.0026_i727_H6_Ots Final,GGTTTG,
21-9593,P125_2025-27,A7,i5_TAAGCT,TAAGCT,AGCTTA,i727,GGTTTG,Ots Final,0,,21-9593_GT.0026_i727_A7_Ots Final,GGTTTG,
21-9595,P125_2025-27,B7,i5_CAATCG,CAATCG,CGATTG,i727,GGTTTG,Ots Final,0,,21-9595_GT.0026_i727_B7_Ots Final,GGTTTG,
21-9597,P125_2025-27,C7,i5_TACGGG,TACGGG,CCCGTA,i727,GGTTTG,Ots Final,0,,21-9597_GT.0026_i727_C7_Ots Final,GGTTTG,
21-9601,P125_2025-27,D7,i5_CATACT,CATACT,AGTATG,i727,GGTTTG,Ots Final,0,,21-9601_GT.0026_i727_D7_Ots Final,GGTTTG,
21-9622,P125_2025-27,E7,i5_TCAAAG,TCAAAG,CTTTGA,i727,GGTTTG,Ots Final,0,,21-9622_GT.0026_i727_E7_Ots Final,GGTTTG,
21-9623,P125_2025-27,F7,i5_CCCTAA,CCCTAA,TTAGGG,i727,GGTTTG,Ots Final,0,,21-9623_GT.0026_i727_F7_Ots Final,GGTTTG,
21-9624,P125_2025-27,G7,i5_TCGCCA,TCGCCA,TGGCGA,i727,GGTTTG,Ots Final,0,,21-9624_GT.0026_i727_G7_Ots Final,GGTTTG,
21-9900,P125_2025-27,H7,i5_CCTAAC,CCTAAC,GTTAGG,i727,GGTTTG,Ots Final,0,,21-9900_GT.0026_i727_H7_Ots Final,GGTTTG,
21-9902,P125_2025-27,A8,i5_TCTTCT,TCTTCT,AGAAGA,i727,GGTTTG,Ots Final,0,,21-9902_GT.0026_i727_A8_Ots Final,GGTTTG,
21-9903,P125_2025-27,B8,i5_CGCGTG,CGCGTG,CACGCG,i727,GGTTTG,Ots Final,0,,21-9903_GT.0026_i727_B8_Ots Final,GGTTTG,
21-9904,P125_2025-27,C8,i5_TGCCCG,TGCCCG,CGGGCA,i727,GGTTTG,Ots Final,0,,21-9904_GT.0026_i727_C8_Ots Final,GGTTTG,
21-9906,P125_2025-27,D8,i5_CGTGAT,CGTGAT,ATCACG,i727,GGTTTG,Ots Final,0,,21-9906_GT.0026_i727_D8_Ots Final,GGTTTG,
21-9907,P125_2025-27,E8,i5_TTATGA,TTATGA,TCATAA,i727,GGTTTG,Ots Final,0,,21-9907_GT.0026_i727_E8_Ots Final,GGTTTG,
21-9908,P125_2025-27,F8,i5_CTGCGA,CTGCGA,TCGCAG,i727,GGTTTG,Ots Final,0,,21-9908_GT.0026_i727_F8_Ots Final,GGTTTG,
21-9913,P125_2025-27,G8,i5_TTGAGC,TTGAGC,GCTCAA,i727,GGTTTG,Ots Final,0,,21-9913_GT.0026_i727_G8_Ots Final,GGTTTG,
21-9916,P125_2025-27,H8,i5_CTTTGC,CTTTGC,GCAAAG,i727,GGTTTG,Ots Final,0,,21-9916_GT.0026_i727_H8_Ots Final,GGTTTG,
21-9917,P125_2025-27,A9,i5_AACGTT,AACGTT,AACGTT,i727,GGTTTG,Ots Final,0,,21-9917_GT.0026_i727_A9_Ots Final,GGTTTG,
21-9918,P125_2025-27,B9,i5_GACGAC,GACGAC,GTCGTC,i727,GGTTTG,Ots Final,0,,21-9918_GT.0026_i727_B9_Ots Final,GGTTTG,
21-9921,P125_2025-27,C9,i5_AAGCTA,AAGCTA,TAGCTT,i727,GGTTTG,Ots Final,0,,21-9921_GT.0026_i727_C9_Ots Final,GGTTTG,
21-9922,P125_2025-27,D9,i5_AATCGT,AATCGT,ACGATT,i727,GGTTTG,Ots Final,0,,21-9922_GT.0026_i727_D9_Ots Final,GGTTTG,
21-9923,P125_2025-27,E9,i5_ACAAGA,ACAAGA,TCTTGT,i727,GGTTTG,Ots Final,0,,21-9923_GT.0026_i727_E9_Ots Final,GGTTTG,
21-9924,P125_2025-27,F9,i5_GCCGTA,GCCGTA,TACGGC,i727,GGTTTG,Ots Final,0,,21-9924_GT.0026_i727_F9_Ots Final,GGTTTG,
21-9927,P125_2025-27,G9,i5_ACCATG,ACCATG,CATGGT,i727,GGTTTG,Ots Final,0,,21-9927_GT.0026_i727_G9_Ots Final,GGTTTG,
21-9930,P125_2025-27,H9,i5_GCTCAA,GCTCAA,TTGAGC,i727,GGTTTG,Ots Final,0,,21-9930_GT.0026_i727_H9_Ots Final,GGTTTG,
21-9931,P125_2025-27,A10,i5_ACTGGC,ACTGGC,GCCAGT,i727,GGTTTG,Ots Final,0,,21-9931_GT.0026_i727_A10_Ots Final,GGTTTG,
21-9932,P125_2025-27,B10,i5_GGGCGC,GGGCGC,GCGCCC,i727,GGTTTG,Ots Final,0,,21-9932_GT.0026_i727_B10_Ots Final,GGTTTG,
21-9934,P125_2025-27,C10,i5_AGGGTC,AGGGTC,GACCCT,i727,GGTTTG,Ots Final,0,,21-9934_GT.0026_i727_C10_Ots Final,GGTTTG,
21-9937,P125_2025-27,D10,i5_GGTTTG,GGTTTG,CAAACC,i727,GGTTTG,Ots Final,0,,21-9937_GT.0026_i727_D10_Ots Final,GGTTTG,
21-9938,P125_2025-27,E10,i5_AGTTAA,AGTTAA,TTAACT,i727,GGTTTG,Ots Final,0,,21-9938_GT.0026_i727_E10_Ots Final,GGTTTG,
21-9940,P125_2025-27,F10,i5_GTCATC,GTCATC,GATGAC,i727,GGTTTG,Ots Final,0,,21-9940_GT.0026_i727_F10_Ots Final,GGTTTG,
21-9941,P125_2025-27,G10,i5_ATGCAC,ATGCAC,GTGCAT,i727,GGTTTG,Ots Final,0,,21-9941_GT.0026_i727_G10_Ots Final,GGTTTG,
21-9944,P125_2025-27,H10,i5_GTTGGA,GTTGGA,TCCAAC,i727,GGTTTG,Ots Final,0,,21-9944_GT.0026_i727_H10_Ots Final,GGTTTG,
21-9948,P125_2025-27,A11,i5_CAAAAA,CAAAAA,TTTTTG,i727,GGTTTG,Ots Final,0,,21-9948_GT.0026_i727_A11_Ots Final,GGTTTG,
21-9950,P125_2025-27,B11,i5_TACACA,TACACA,TGTGTA,i727,GGTTTG,Ots Final,0,,21-9950_GT.0026_i727_B11_Ots Final,GGTTTG,
21-9955,P125_2025-27,C11,i5_CAGGCA,CAGGCA,TGCCTG,i727,GGTTTG,Ots Final,0,,21-9955_GT.0026_i727_C11_Ots Final,GGTTTG,
21-9959,P125_2025-27,D11,i5_TATCAC,TATCAC,GTGATA,i727,GGTTTG,Ots Final,0,,21-9959_GT.0026_i727_D11_Ots Final,GGTTTG,
21-9962,P125_2025-27,E11,i5_CCCGGT,CCCGGT,ACCGGG,i727,GGTTTG,Ots Final,0,,21-9962_GT.0026_i727_E11_Ots Final,GGTTTG,
21-9963,P125_2025-27,F11,i5_TCGATT,TCGATT,AATCGA,i727,GGTTTG,Ots Final,0,,21-9963_GT.0026_i727_F11_Ots Final,GGTTTG,
21-9965,P125_2025-27,G11,i5_CCGCAT,CCGCAT,ATGCGG,i727,GGTTTG,Ots Final,0,,21-9965_GT.0026_i727_G11_Ots Final,GGTTTG,
21-9972,P125_2025-27,H11,i5_TCTCGG,TCTCGG,CCGAGA,i727,GGTTTG,Ots Final,0,,21-9972_GT.0026_i727_H11_Ots Final,GGTTTG,
21-9975,P125_2025-27,A12,i5_CGCAGA,CGCAGA,TCTGCG,i727,GGTTTG,Ots Final,0,,21-9975_GT.0026_i727_A12_Ots Final,GGTTTG,
21-9976,P125_2025-27,B12,i5_TGACAA,TGACAA,TTGTCA,i727,GGTTTG,Ots Final,0,,21-9976_GT.0026_i727_B12_Ots Final,GGTTTG,
21-9978,P125_2025-27,C12,i5_CGTCTA,CGTCTA,TAGACG,i727,GGTTTG,Ots Final,0,,21-9978_GT.0026_i727_C12_Ots Final,GGTTTG,
22-5006,P125_2025-27,D12,i5_TGGGGA,TGGGGA,TCCCCA,i727,GGTTTG,Ots Final,0,,22-5006_GT.0026_i727_D12_Ots Final,GGTTTG,
22-5008,P125_2025-27,E12,i5_CTCGCC,CTCGCC,GGCGAG,i727,GGTTTG,Ots Final,0,,22-5008_GT.0026_i727_E12_Ots Final,GGTTTG,
22-5011,P125_2025-27,F12,i5_TTCTAG,TTCTAG,CTAGAA,i727,GGTTTG,Ots Final,0,,22-5011_GT.0026_i727_F12_Ots Final,GGTTTG,
22-5027,P125_2025-27,G12,i5_CTTATG,CTTATG,CATAAG,i727,GGTTTG,Ots Final,0,,22-5027_GT.0026_i727_G12_Ots Final,GGTTTG,
Negative,P125_2025-27,H12,i5_TTTGTC,TTTGTC,GACAAA,i727,GGTTTG,Ots Final,0,,Negative_GT.0026_i727_H12_Ots Final,GGTTTG,
22-5029,P125_2025-28,A1,i5_AAACGG,AAACGG,CCGTTT,i728,TATCAG,Ots Final,0,,22-5029_GT.0026_i728_A1_Ots Final,TATCAG,
22-5040,P125_2025-28,B1,i5_GAACCA,GAACCA,TGGTTC,i728,TATCAG,Ots Final,0,,22-5040_GT.0026_i728_B1_Ots Final,TATCAG,
22-5041,P125_2025-28,C1,i5_AAGACG,AAGACG,CGTCTT,i728,TATCAG,Ots Final,0,,22-5041_GT.0026_i728_C1_Ots Final,TATCAG,
22-5045,P125_2025-28,D1,i5_GAGAGA,GAGAGA,TCTCTC,i728,TATCAG,Ots Final,0,,22-5045_GT.0026_i728_D1_Ots Final,TATCAG,
22-5046,P125_2025-28,E1,i5_AATGAG,AATGAG,CTCATT,i728,TATCAG,Ots Final,0,,22-5046_GT.0026_i728_E1_Ots Final,TATCAG,
22-5052,P125_2025-28,F1,i5_GCATGG,GCATGG,CCATGC,i728,TATCAG,Ots Final,0,,22-5052_GT.0026_i728_F1_Ots Final,TATCAG,
22-5059,P125_2025-28,G1,i5_ACATAC,ACATAC,GTATGT,i728,TATCAG,Ots Final,0,,22-5059_GT.0026_i728_G1_Ots Final,TATCAG,
22-5061,P125_2025-28,H1,i5_GCGCTG,GCGCTG,CAGCGC,i728,TATCAG,Ots Final,0,,22-5061_GT.0026_i728_H1_Ots Final,TATCAG,
22-5065,P125_2025-28,A2,i5_ACTCTT,ACTCTT,AAGAGT,i728,TATCAG,Ots Final,0,,22-5065_GT.0026_i728_A2_Ots Final,TATCAG,
22-5079,P125_2025-28,B2,i5_GGCAAG,GGCAAG,CTTGCC,i728,TATCAG,Ots Final,0,,22-5079_GT.0026_i728_B2_Ots Final,TATCAG,
22-5084,P125_2025-28,C2,i5_AGCGCA,AGCGCA,TGCGCT,i728,TATCAG,Ots Final,0,,22-5084_GT.0026_i728_C2_Ots Final,TATCAG,
22-5086,P125_2025-28,D2,i5_GGTACA,GGTACA,TGTACC,i728,TATCAG,Ots Final,0,,22-5086_GT.0026_i728_D2_Ots Final,TATCAG,
22-5089,P125_2025-28,E2,i5_AGTAGG,AGTAGG,CCTACT,i728,TATCAG,Ots Final,0,,22-5089_GT.0026_i728_E2_Ots Final,TATCAG,
22-5095,P125_2025-28,F2,i5_GTATCC,GTATCC,GGATAC,i728,TATCAG,Ots Final,0,,22-5095_GT.0026_i728_F2_Ots Final,TATCAG,
22-5097,P125_2025-28,G2,i5_ATCAAA,ATCAAA,TTTGAT,i728,TATCAG,Ots Final,0,,22-5097_GT.0026_i728_G2_Ots Final,TATCAG,
22-5098,P125_2025-28,H2,i5_GTGTAA,GTGTAA,TTACAC,i728,TATCAG,Ots Final,0,,22-5098_GT.0026_i728_H2_Ots Final,TATCAG,
22-5100,P125_2025-28,A3,i5_ATTCCG,ATTCCG,CGGAAT,i728,TATCAG,Ots Final,0,,22-5100_GT.0026_i728_A3_Ots Final,TATCAG,
22-5112,P125_2025-28,B3,i5_TAATTC,TAATTC,GAATTA,i728,TATCAG,Ots Final,0,,22-5112_GT.0026_i728_B3_Ots Final,TATCAG,
22-5114,P125_2025-28,C3,i5_CACCTC,CACCTC,GAGGTG,i728,TATCAG,Ots Final,0,,22-5114_GT.0026_i728_C3_Ots Final,TATCAG,
22-5118,P125_2025-28,D3,i5_TAGTAT,TAGTAT,ATACTA,i728,TATCAG,Ots Final,0,,22-5118_GT.0026_i728_D3_Ots Final,TATCAG,
22-5122,P125_2025-28,E3,i5_CCATTT,CCATTT,AAATGG,i728,TATCAG,Ots Final,0,,22-5122_GT.0026_i728_E3_Ots Final,TATCAG,
22-5135,P125_2025-28,F3,i5_TCCTGC,TCCTGC,GCAGGA,i728,TATCAG,Ots Final,0,,22-5135_GT.0026_i728_F3_Ots Final,TATCAG,
22-5145,P125_2025-28,G3,i5_CCGAGG,CCGAGG,CCTCGG,i728,TATCAG,Ots Final,0,,22-5145_GT.0026_i728_G3_Ots Final,TATCAG,
22-5146,P125_2025-28,H3,i5_TCGGAC,TCGGAC,GTCCGA,i728,TATCAG,Ots Final,0,,22-5146_GT.0026_i728_H3_Ots Final,TATCAG,
22-5151,P125_2025-28,A4,i5_CGAGGC,CGAGGC,GCCTCG,i728,TATCAG,Ots Final,0,,22-5151_GT.0026_i728_A4_Ots Final,TATCAG,
22-5163,P125_2025-28,B4,i5_TGAACC,TGAACC,GGTTCA,i728,TATCAG,Ots Final,0,,22-5163_GT.0026_i728_B4_Ots Final,TATCAG,
22-5167,P125_2025-28,C4,i5_CGGTCC,CGGTCC,GGACCG,i728,TATCAG,Ots Final,0,,22-5167_GT.0026_i728_C4_Ots Final,TATCAG,
22-5170,P125_2025-28,D4,i5_TGCTTA,TGCTTA,TAAGCA,i728,TATCAG,Ots Final,0,,22-5170_GT.0026_i728_D4_Ots Final,TATCAG,
22-5182,P125_2025-28,E4,i5_CTACAG,CTACAG,CTGTAG,i728,TATCAG,Ots Final,0,,22-5182_GT.0026_i728_E4_Ots Final,TATCAG,
22-5190,P125_2025-28,F4,i5_TTCCGT,TTCCGT,ACGGAA,i728,TATCAG,Ots Final,0,,22-5190_GT.0026_i728_F4_Ots Final,TATCAG,
22-5191,P125_2025-28,G4,i5_CTGGTT,CTGGTT,AACCAG,i728,TATCAG,Ots Final,0,,22-5191_GT.0026_i728_G4_Ots Final,TATCAG,
22-5203,P125_2025-28,H4,i5_TTTAAT,TTTAAT,ATTAAA,i728,TATCAG,Ots Final,0,,22-5203_GT.0026_i728_H4_Ots Final,TATCAG,
22-5207,P125_2025-28,A5,i5_GAAATG,GAAATG,CATTTC,i728,TATCAG,Ots Final,0,,22-5207_GT.0026_i728_A5_Ots Final,TATCAG,
22-5211,P125_2025-28,B5,i5_AACTGA,AACTGA,TCAGTT,i728,TATCAG,Ots Final,0,,22-5211_GT.0026_i728_B5_Ots Final,TATCAG,
22-5240,P125_2025-28,C5,i5_GACTCT,GACTCT,AGAGTC,i728,TATCAG,Ots Final,0,,22-5240_GT.0026_i728_C5_Ots Final,TATCAG,
22-5244,P125_2025-28,D5,i5_AATATC,AATATC,GATATT,i728,TATCAG,Ots Final,0,,22-5244_GT.0026_i728_D5_Ots Final,TATCAG,
22-5245,P125_2025-28,E5,i5_GCAGAT,GCAGAT,ATCTGC,i728,TATCAG,Ots Final,0,,22-5245_GT.0026_i728_E5_Ots Final,TATCAG,
22-5246,P125_2025-28,F5,i5_ACAGCG,ACAGCG,CGCTGT,i728,TATCAG,Ots Final,0,,22-5246_GT.0026_i728_F5_Ots Final,TATCAG,
22-5249,P125_2025-28,G5,i5_GCGACC,GCGACC,GGTCGC,i728,TATCAG,Ots Final,0,,22-5249_GT.0026_i728_G5_Ots Final,TATCAG,
22-5250,P125_2025-28,H5,i5_ACCCCC,ACCCCC,GGGGGT,i728,TATCAG,Ots Final,0,,22-5250_GT.0026_i728_H5_Ots Final,TATCAG,
22-5252,P125_2025-28,A6,i5_GGACTT,GGACTT,AAGTCC,i728,TATCAG,Ots Final,0,,22-5252_GT.0026_i728_A6_Ots Final,TATCAG,
22-5276,P125_2025-28,B6,i5_AGCCAT,AGCCAT,ATGGCT,i728,TATCAG,Ots Final,0,,22-5276_GT.0026_i728_B6_Ots Final,TATCAG,
22-5279,P125_2025-28,C6,i5_GGGGCG,GGGGCG,CGCCCC,i728,TATCAG,Ots Final,0,,22-5279_GT.0026_i728_C6_Ots Final,TATCAG,
22-5284,P125_2025-28,D6,i5_AGGTGT,AGGTGT,ACACCT,i728,TATCAG,Ots Final,0,,22-5284_GT.0026_i728_D6_Ots Final,TATCAG,
22-5286,P125_2025-28,E6,i5_GTAAGT,GTAAGT,ACTTAC,i728,TATCAG,Ots Final,0,,22-5286_GT.0026_i728_E6_Ots Final,TATCAG,
22-5298,P125_2025-28,F6,i5_ATAGTA,ATAGTA,TACTAT,i728,TATCAG,Ots Final,0,,22-5298_GT.0026_i728_F6_Ots Final,TATCAG,
22-5299,P125_2025-28,G6,i5_GTGCCT,GTGCCT,AGGCAC,i728,TATCAG,Ots Final,0,,22-5299_GT.0026_i728_G6_Ots Final,TATCAG,
22-5301,P125_2025-28,H6,i5_ATGTTG,ATGTTG,CAACAT,i728,TATCAG,Ots Final,0,,22-5301_GT.0026_i728_H6_Ots Final,TATCAG,
22-5305,P125_2025-28,A7,i5_TAAGCT,TAAGCT,AGCTTA,i728,TATCAG,Ots Final,0,,22-5305_GT.0026_i728_A7_Ots Final,TATCAG,
22-5307,P125_2025-28,B7,i5_CAATCG,CAATCG,CGATTG,i728,TATCAG,Ots Final,0,,22-5307_GT.0026_i728_B7_Ots Final,TATCAG,
22-5311,P125_2025-28,C7,i5_TACGGG,TACGGG,CCCGTA,i728,TATCAG,Ots Final,0,,22-5311_GT.0026_i728_C7_Ots Final,TATCAG,
22-5312,P125_2025-28,D7,i5_CATACT,CATACT,AGTATG,i728,TATCAG,Ots Final,0,,22-5312_GT.0026_i728_D7_Ots Final,TATCAG,
22-5313,P125_2025-28,E7,i5_TCAAAG,TCAAAG,CTTTGA,i728,TATCAG,Ots Final,0,,22-5313_GT.0026_i728_E7_Ots Final,TATCAG,
22-5322,P125_2025-28,F7,i5_CCCTAA,CCCTAA,TTAGGG,i728,TATCAG,Ots Final,0,,22-5322_GT.0026_i728_F7_Ots Final,TATCAG,
22-5323,P125_2025-28,G7,i5_TCGCCA,TCGCCA,TGGCGA,i728,TATCAG,Ots Final,0,,22-5323_GT.0026_i728_G7_Ots Final,TATCAG,
22-5404,P125_2025-28,H7,i5_CCTAAC,CCTAAC,GTTAGG,i728,TATCAG,Ots Final,0,,22-5404_GT.0026_i728_H7_Ots Final,TATCAG,
22-5406,P125_2025-28,A8,i5_TCTTCT,TCTTCT,AGAAGA,i728,TATCAG,Ots Final,0,,22-5406_GT.0026_i728_A8_Ots Final,TATCAG,
22-5408,P125_2025-28,B8,i5_CGCGTG,CGCGTG,CACGCG,i728,TATCAG,Ots Final,0,,22-5408_GT.0026_i728_B8_Ots Final,TATCAG,
22-5409,P125_2025-28,C8,i5_TGCCCG,TGCCCG,CGGGCA,i728,TATCAG,Ots Final,0,,22-5409_GT.0026_i728_C8_Ots Final,TATCAG,
22-5415,P125_2025-28,D8,i5_CGTGAT,CGTGAT,ATCACG,i728,TATCAG,Ots Final,0,,22-5415_GT.0026_i728_D8_Ots Final,TATCAG,
22-5418,P125_2025-28,E8,i5_TTATGA,TTATGA,TCATAA,i728,TATCAG,Ots Final,0,,22-5418_GT.0026_i728_E8_Ots Final,TATCAG,
22-5422,P125_2025-28,F8,i5_CTGCGA,CTGCGA,TCGCAG,i728,TATCAG,Ots Final,0,,22-5422_GT.0026_i728_F8_Ots Final,TATCAG,
22-5428,P125_2025-28,G8,i5_TTGAGC,TTGAGC,GCTCAA,i728,TATCAG,Ots Final,0,,22-5428_GT.0026_i728_G8_Ots Final,TATCAG,
22-5429,P125_2025-28,H8,i5_CTTTGC,CTTTGC,GCAAAG,i728,TATCAG,Ots Final,0,,22-5429_GT.0026_i728_H8_Ots Final,TATCAG,
22-5432,P125_2025-28,A9,i5_AACGTT,AACGTT,AACGTT,i728,TATCAG,Ots Final,0,,22-5432_GT.0026_i728_A9_Ots Final,TATCAG,
22-5438,P125_2025-28,B9,i5_GACGAC,GACGAC,GTCGTC,i728,TATCAG,Ots Final,0,,22-5438_GT.0026_i728_B9_Ots Final,TATCAG,
22-5445,P125_2025-28,C9,i5_AAGCTA,AAGCTA,TAGCTT,i728,TATCAG,Ots Final,0,,22-5445_GT.0026_i728_C9_Ots Final,TATCAG,
22-5460,P125_2025-28,D9,i5_AATCGT,AATCGT,ACGATT,i728,TATCAG,Ots Final,0,,22-5460_GT.0026_i728_D9_Ots Final,TATCAG,
22-5472,P125_2025-28,E9,i5_ACAAGA,ACAAGA,TCTTGT,i728,TATCAG,Ots Final,0,,22-5472_GT.0026_i728_E9_Ots Final,TATCAG,
22-5482,P125_2025-28,F9,i5_GCCGTA,GCCGTA,TACGGC,i728,TATCAG,Ots Final,0,,22-5482_GT.0026_i728_F9_Ots Final,TATCAG,
22-5496,P125_2025-28,G9,i5_ACCATG,ACCATG,CATGGT,i728,TATCAG,Ots Final,0,,22-5496_GT.0026_i728_G9_Ots Final,TATCAG,
22-5497,P125_2025-28,H9,i5_GCTCAA,GCTCAA,TTGAGC,i728,TATCAG,Ots Final,0,,22-5497_GT.0026_i728_H9_Ots Final,TATCAG,
22-5505,P125_2025-28,A10,i5_ACTGGC,ACTGGC,GCCAGT,i728,TATCAG,Ots Final,0,,22-5505_GT.0026_i728_A10_Ots Final,TATCAG,
22-5506,P125_2025-28,B10,i5_GGGCGC,GGGCGC,GCGCCC,i728,TATCAG,Ots Final,0,,22-5506_GT.0026_i728_B10_Ots Final,TATCAG,
22-5515,P125_2025-28,C10,i5_AGGGTC,AGGGTC,GACCCT,i728,TATCAG,Ots Final,0,,22-5515_GT.0026_i728_C10_Ots Final,TATCAG,
22-5523,P125_2025-28,D10,i5_GGTTTG,GGTTTG,CAAACC,i728,TATCAG,Ots Final,0,,22-5523_GT.0026_i728_D10_Ots Final,TATCAG,
22-5531,P125_2025-28,E10,i5_AGTTAA,AGTTAA,TTAACT,i728,TATCAG,Ots Final,0,,22-5531_GT.0026_i728_E10_Ots Final,TATCAG,
22-5532,P125_2025-28,F10,i5_GTCATC,GTCATC,GATGAC,i728,TATCAG,Ots Final,0,,22-5532_GT.0026_i728_F10_Ots Final,TATCAG,
22-5550,P125_2025-28,G10,i5_ATGCAC,ATGCAC,GTGCAT,i728,TATCAG,Ots Final,0,,22-5550_GT.0026_i728_G10_Ots Final,TATCAG,
22-5552,P125_2025-28,H10,i5_GTTGGA,GTTGGA,TCCAAC,i728,TATCAG,Ots Final,0,,22-5552_GT.0026_i728_H10_Ots Final,TATCAG,
22-5555,P125_2025-28,A11,i5_CAAAAA,CAAAAA,TTTTTG,i728,TATCAG,Ots Final,0,,22-5555_GT.0026_i728_A11_Ots Final,TATCAG,
22-5563,P125_2025-28,B11,i5_TACACA,TACACA,TGTGTA,i728,TATCAG,Ots Final,0,,22-5563_GT.0026_i728_B11_Ots Final,TATCAG,
22-5565,P125_2025-28,C11,i5_CAGGCA,CAGGCA,TGCCTG,i728,TATCAG,Ots Final,0,,22-5565_GT.0026_i728_C11_Ots Final,TATCAG,
22-7001,P125_2025-28,D11,i5_TATCAC,TATCAC,GTGATA,i728,TATCAG,Ots Final,0,,22-7001_GT.0026_i728_D11_Ots Final,TATCAG,
22-7002,P125_2025-28,E11,i5_CCCGGT,CCCGGT,ACCGGG,i728,TATCAG,Ots Final,0,,22-7002_GT.0026_i728_E11_Ots Final,TATCAG,
22-7004,P125_2025-28,F11,i5_TCGATT,TCGATT,AATCGA,i728,TATCAG,Ots Final,0,,22-7004_GT.0026_i728_F11_Ots Final,TATCAG,
22-7005,P125_2025-28,G11,i5_CCGCAT,CCGCAT,ATGCGG,i728,TATCAG,Ots Final,0,,22-7005_GT.0026_i728_G11_Ots Final,TATCAG,
22-7006,P125_2025-28,H11,i5_TCTCGG,TCTCGG,CCGAGA,i728,TATCAG,Ots Final,0,,22-7006_GT.0026_i728_H11_Ots Final,TATCAG,
22-7020,P125_2025-28,A12,i5_CGCAGA,CGCAGA,TCTGCG,i728,TATCAG,Ots Final,0,,22-7020_GT.0026_i728_A12_Ots Final,TATCAG,
22-7031,P125_2025-28,B12,i5_TGACAA,TGACAA,TTGTCA,i728,TATCAG,Ots Final,0,,22-7031_GT.0026_i728_B12_Ots Final,TATCAG,
22-7038,P125_2025-28,C12,i5_CGTCTA,CGTCTA,TAGACG,i728,TATCAG,Ots Final,0,,22-7038_GT.0026_i728_C12_Ots Final,TATCAG,
22-7039,P125_2025-28,D12,i5_TGGGGA,TGGGGA,TCCCCA,i728,TATCAG,Ots Final,0,,22-7039_GT.0026_i728_D12_Ots Final,TATCAG,
22-7049,P125_2025-28,E12,i5_CTCGCC,CTCGCC,GGCGAG,i728,TATCAG,Ots Final,0,,22-7049_GT.0026_i728_E12_Ots Final,TATCAG,
22-7050,P125_2025-28,F12,i5_TTCTAG,TTCTAG,CTAGAA,i728,TATCAG,Ots Final,0,,22-7050_GT.0026_i728_F12_Ots Final,TATCAG,
22-7051,P125_2025-28,G12,i5_CTTATG,CTTATG,CATAAG,i728,TATCAG,Ots Final,0,,22-7051_GT.0026_i728_G12_Ots Final,TATCAG,
Negative,P125_2025-28,H12,i5_TTTGTC,TTTGTC,GACAAA,i728,TATCAG,Ots Final,0,,Negative_GT.0026_i728_H12_Ots Final,TATCAG,
22-7053,P125_2025-29,A1,i5_AAACGG,AAACGG,CCGTTT,i729,ACGTAT,Ots Final,0,,22-7053_GT.0026_i729_A1_Ots Final,ACGTAT,
22-7057,P125_2025-29,B1,i5_GAACCA,GAACCA,TGGTTC,i729,ACGTAT,Ots Final,0,,22-7057_GT.0026_i729_B1_Ots Final,ACGTAT,
22-7058,P125_2025-29,C1,i5_AAGACG,AAGACG,CGTCTT,i729,ACGTAT,Ots Final,0,,22-7058_GT.0026_i729_C1_Ots Final,ACGTAT,
22-7059,P125_2025-29,D1,i5_GAGAGA,GAGAGA,TCTCTC,i729,ACGTAT,Ots Final,0,,22-7059_GT.0026_i729_D1_Ots Final,ACGTAT,
22-7060,P125_2025-29,E1,i5_AATGAG,AATGAG,CTCATT,i729,ACGTAT,Ots Final,0,,22-7060_GT.0026_i729_E1_Ots Final,ACGTAT,
22-7063,P125_2025-29,F1,i5_GCATGG,GCATGG,CCATGC,i729,ACGTAT,Ots Final,0,,22-7063_GT.0026_i729_F1_Ots Final,ACGTAT,
22-7066,P125_2025-29,G1,i5_ACATAC,ACATAC,GTATGT,i729,ACGTAT,Ots Final,0,,22-7066_GT.0026_i729_G1_Ots Final,ACGTAT,
22-7069,P125_2025-29,H1,i5_GCGCTG,GCGCTG,CAGCGC,i729,ACGTAT,Ots Final,0,,22-7069_GT.0026_i729_H1_Ots Final,ACGTAT,
22-7071,P125_2025-29,A2,i5_ACTCTT,ACTCTT,AAGAGT,i729,ACGTAT,Ots Final,0,,22-7071_GT.0026_i729_A2_Ots Final,ACGTAT,
22-7079,P125_2025-29,B2,i5_GGCAAG,GGCAAG,CTTGCC,i729,ACGTAT,Ots Final,0,,22-7079_GT.0026_i729_B2_Ots Final,ACGTAT,
22-7085,P125_2025-29,C2,i5_AGCGCA,AGCGCA,TGCGCT,i729,ACGTAT,Ots Final,0,,22-7085_GT.0026_i729_C2_Ots Final,ACGTAT,
22-7097,P125_2025-29,D2,i5_GGTACA,GGTACA,TGTACC,i729,ACGTAT,Ots Final,0,,22-7097_GT.0026_i729_D2_Ots Final,ACGTAT,
22-7098,P125_2025-29,E2,i5_AGTAGG,AGTAGG,CCTACT,i729,ACGTAT,Ots Final,0,,22-7098_GT.0026_i729_E2_Ots Final,ACGTAT,
22-7099,P125_2025-29,F2,i5_GTATCC,GTATCC,GGATAC,i729,ACGTAT,Ots Final,0,,22-7099_GT.0026_i729_F2_Ots Final,ACGTAT,
22-7100,P125_2025-29,G2,i5_ATCAAA,ATCAAA,TTTGAT,i729,ACGTAT,Ots Final,0,,22-7100_GT.0026_i729_G2_Ots Final,ACGTAT,
22-7102,P125_2025-29,H2,i5_GTGTAA,GTGTAA,TTACAC,i729,ACGTAT,Ots Final,0,,22-7102_GT.0026_i729_H2_Ots Final,ACGTAT,
22-7122,P125_2025-29,A3,i5_ATTCCG,ATTCCG,CGGAAT,i729,ACGTAT,Ots Final,0,,22-7122_GT.0026_i729_A3_Ots Final,ACGTAT,
22-7127,P125_2025-29,B3,i5_TAATTC,TAATTC,GAATTA,i729,ACGTAT,Ots Final,0,,22-7127_GT.0026_i729_B3_Ots Final,ACGTAT,
22-7129,P125_2025-29,C3,i5_CACCTC,CACCTC,GAGGTG,i729,ACGTAT,Ots Final,0,,22-7129_GT.0026_i729_C3_Ots Final,ACGTAT,
22-7131,P125_2025-29,D3,i5_TAGTAT,TAGTAT,ATACTA,i729,ACGTAT,Ots Final,0,,22-7131_GT.0026_i729_D3_Ots Final,ACGTAT,
22-7134,P125_2025-29,E3,i5_CCATTT,CCATTT,AAATGG,i729,ACGTAT,Ots Final,0,,22-7134_GT.0026_i729_E3_Ots Final,ACGTAT,
22-7136,P125_2025-29,F3,i5_TCCTGC,TCCTGC,GCAGGA,i729,ACGTAT,Ots Final,0,,22-7136_GT.0026_i729_F3_Ots Final,ACGTAT,
22-7141,P125_2025-29,G3,i5_CCGAGG,CCGAGG,CCTCGG,i729,ACGTAT,Ots Final,0,,22-7141_GT.0026_i729_G3_Ots Final,ACGTAT,
22-7154,P125_2025-29,H3,i5_TCGGAC,TCGGAC,GTCCGA,i729,ACGTAT,Ots Final,0,,22-7154_GT.0026_i729_H3_Ots Final,ACGTAT,
22-7157,P125_2025-29,A4,i5_CGAGGC,CGAGGC,GCCTCG,i729,ACGTAT,Ots Final,0,,22-7157_GT.0026_i729_A4_Ots Final,ACGTAT,
22-7171,P125_2025-29,B4,i5_TGAACC,TGAACC,GGTTCA,i729,ACGTAT,Ots Final,0,,22-7171_GT.0026_i729_B4_Ots Final,ACGTAT,
22-7186,P125_2025-29,C4,i5_CGGTCC,CGGTCC,GGACCG,i729,ACGTAT,Ots Final,0,,22-7186_GT.0026_i729_C4_Ots Final,ACGTAT,
22-7187,P125_2025-29,D4,i5_TGCTTA,TGCTTA,TAAGCA,i729,ACGTAT,Ots Final,0,,22-7187_GT.0026_i729_D4_Ots Final,ACGTAT,
22-7194,P125_2025-29,E4,i5_CTACAG,CTACAG,CTGTAG,i729,ACGTAT,Ots Final,0,,22-7194_GT.0026_i729_E4_Ots Final,ACGTAT,
22-7212,P125_2025-29,F4,i5_TTCCGT,TTCCGT,ACGGAA,i729,ACGTAT,Ots Final,0,,22-7212_GT.0026_i729_F4_Ots Final,ACGTAT,
22-7213,P125_2025-29,G4,i5_CTGGTT,CTGGTT,AACCAG,i729,ACGTAT,Ots Final,0,,22-7213_GT.0026_i729_G4_Ots Final,ACGTAT,
22-7220,P125_2025-29,H4,i5_TTTAAT,TTTAAT,ATTAAA,i729,ACGTAT,Ots Final,0,,22-7220_GT.0026_i729_H4_Ots Final,ACGTAT,
22-7221,P125_2025-29,A5,i5_GAAATG,GAAATG,CATTTC,i729,ACGTAT,Ots Final,0,,22-7221_GT.0026_i729_A5_Ots Final,ACGTAT,
22-7231,P125_2025-29,B5,i5_AACTGA,AACTGA,TCAGTT,i729,ACGTAT,Ots Final,0,,22-7231_GT.0026_i729_B5_Ots Final,ACGTAT,
22-7235,P125_2025-29,C5,i5_GACTCT,GACTCT,AGAGTC,i729,ACGTAT,Ots Final,0,,22-7235_GT.0026_i729_C5_Ots Final,ACGTAT,
22-7241,P125_2025-29,D5,i5_AATATC,AATATC,GATATT,i729,ACGTAT,Ots Final,0,,22-7241_GT.0026_i729_D5_Ots Final,ACGTAT,
22-7244,P125_2025-29,E5,i5_GCAGAT,GCAGAT,ATCTGC,i729,ACGTAT,Ots Final,0,,22-7244_GT.0026_i729_E5_Ots Final,ACGTAT,
22-7245,P125_2025-29,F5,i5_ACAGCG,ACAGCG,CGCTGT,i729,ACGTAT,Ots Final,0,,22-7245_GT.0026_i729_F5_Ots Final,ACGTAT,
22-7246,P125_2025-29,G5,i5_GCGACC,GCGACC,GGTCGC,i729,ACGTAT,Ots Final,0,,22-7246_GT.0026_i729_G5_Ots Final,ACGTAT,
22-7253,P125_2025-29,H5,i5_ACCCCC,ACCCCC,GGGGGT,i729,ACGTAT,Ots Final,0,,22-7253_GT.0026_i729_H5_Ots Final,ACGTAT,
22-7256,P125_2025-29,A6,i5_GGACTT,GGACTT,AAGTCC,i729,ACGTAT,Ots Final,0,,22-7256_GT.0026_i729_A6_Ots Final,ACGTAT,
22-7258,P125_2025-29,B6,i5_AGCCAT,AGCCAT,ATGGCT,i729,ACGTAT,Ots Final,0,,22-7258_GT.0026_i729_B6_Ots Final,ACGTAT,
22-7265,P125_2025-29,C6,i5_GGGGCG,GGGGCG,CGCCCC,i729,ACGTAT,Ots Final,0,,22-7265_GT.0026_i729_C6_Ots Final,ACGTAT,
22-7274,P125_2025-29,D6,i5_AGGTGT,AGGTGT,ACACCT,i729,ACGTAT,Ots Final,0,,22-7274_GT.0026_i729_D6_Ots Final,ACGTAT,
22-7276,P125_2025-29,E6,i5_GTAAGT,GTAAGT,ACTTAC,i729,ACGTAT,Ots Final,0,,22-7276_GT.0026_i729_E6_Ots Final,ACGTAT,
22-7280,P125_2025-29,F6,i5_ATAGTA,ATAGTA,TACTAT,i729,ACGTAT,Ots Final,0,,22-7280_GT.0026_i729_F6_Ots Final,ACGTAT,
22-7284,P125_2025-29,G6,i5_GTGCCT,GTGCCT,AGGCAC,i729,ACGTAT,Ots Final,0,,22-7284_GT.0026_i729_G6_Ots Final,ACGTAT,
22-7287,P125_2025-29,H6,i5_ATGTTG,ATGTTG,CAACAT,i729,ACGTAT,Ots Final,0,,22-7287_GT.0026_i729_H6_Ots Final,ACGTAT,
22-7301,P125_2025-29,A7,i5_TAAGCT,TAAGCT,AGCTTA,i729,ACGTAT,Ots Final,0,,22-7301_GT.0026_i729_A7_Ots Final,ACGTAT,
22-7303,P125_2025-29,B7,i5_CAATCG,CAATCG,CGATTG,i729,ACGTAT,Ots Final,0,,22-7303_GT.0026_i729_B7_Ots Final,ACGTAT,
22-7306,P125_2025-29,C7,i5_TACGGG,TACGGG,CCCGTA,i729,ACGTAT,Ots Final,0,,22-7306_GT.0026_i729_C7_Ots Final,ACGTAT,
22-7310,P125_2025-29,D7,i5_CATACT,CATACT,AGTATG,i729,ACGTAT,Ots Final,0,,22-7310_GT.0026_i729_D7_Ots Final,ACGTAT,
22-7318,P125_2025-29,E7,i5_TCAAAG,TCAAAG,CTTTGA,i729,ACGTAT,Ots Final,0,,22-7318_GT.0026_i729_E7_Ots Final,ACGTAT,
22-7322,P125_2025-29,F7,i5_CCCTAA,CCCTAA,TTAGGG,i729,ACGTAT,Ots Final,0,,22-7322_GT.0026_i729_F7_Ots Final,ACGTAT,
22-7325,P125_2025-29,G7,i5_TCGCCA,TCGCCA,TGGCGA,i729,ACGTAT,Ots Final,0,,22-7325_GT.0026_i729_G7_Ots Final,ACGTAT,
22-7332,P125_2025-29,H7,i5_CCTAAC,CCTAAC,GTTAGG,i729,ACGTAT,Ots Final,0,,22-7332_GT.0026_i729_H7_Ots Final,ACGTAT,
22-7340,P125_2025-29,A8,i5_TCTTCT,TCTTCT,AGAAGA,i729,ACGTAT,Ots Final,0,,22-7340_GT.0026_i729_A8_Ots Final,ACGTAT,
22-7346,P125_2025-29,B8,i5_CGCGTG,CGCGTG,CACGCG,i729,ACGTAT,Ots Final,0,,22-7346_GT.0026_i729_B8_Ots Final,ACGTAT,
22-7361,P125_2025-29,C8,i5_TGCCCG,TGCCCG,CGGGCA,i729,ACGTAT,Ots Final,0,,22-7361_GT.0026_i729_C8_Ots Final,ACGTAT,
22-7379,P125_2025-29,D8,i5_CGTGAT,CGTGAT,ATCACG,i729,ACGTAT,Ots Final,0,,22-7379_GT.0026_i729_D8_Ots Final,ACGTAT,
22-7382,P125_2025-29,E8,i5_TTATGA,TTATGA,TCATAA,i729,ACGTAT,Ots Final,0,,22-7382_GT.0026_i729_E8_Ots Final,ACGTAT,
22-7400,P125_2025-29,F8,i5_CTGCGA,CTGCGA,TCGCAG,i729,ACGTAT,Ots Final,0,,22-7400_GT.0026_i729_F8_Ots Final,ACGTAT,
22-7421,P125_2025-29,G8,i5_TTGAGC,TTGAGC,GCTCAA,i729,ACGTAT,Ots Final,0,,22-7421_GT.0026_i729_G8_Ots Final,ACGTAT,
22-7428,P125_2025-29,H8,i5_CTTTGC,CTTTGC,GCAAAG,i729,ACGTAT,Ots Final,0,,22-7428_GT.0026_i729_H8_Ots Final,ACGTAT,
22-7429,P125_2025-29,A9,i5_AACGTT,AACGTT,AACGTT,i729,ACGTAT,Ots Final,0,,22-7429_GT.0026_i729_A9_Ots Final,ACGTAT,
22-7430,P125_2025-29,B9,i5_GACGAC,GACGAC,GTCGTC,i729,ACGTAT,Ots Final,0,,22-7430_GT.0026_i729_B9_Ots Final,ACGTAT,
22-7432,P125_2025-29,C9,i5_AAGCTA,AAGCTA,TAGCTT,i729,ACGTAT,Ots Final,0,,22-7432_GT.0026_i729_C9_Ots Final,ACGTAT,
22-7433,P125_2025-29,D9,i5_AATCGT,AATCGT,ACGATT,i729,ACGTAT,Ots Final,0,,22-7433_GT.0026_i729_D9_Ots Final,ACGTAT,
22-7448,P125_2025-29,E9,i5_ACAAGA,ACAAGA,TCTTGT,i729,ACGTAT,Ots Final,0,,22-7448_GT.0026_i729_E9_Ots Final,ACGTAT,
22-7456,P125_2025-29,F9,i5_GCCGTA,GCCGTA,TACGGC,i729,ACGTAT,Ots Final,0,,22-7456_GT.0026_i729_F9_Ots Final,ACGTAT,
22-7466,P125_2025-29,G9,i5_ACCATG,ACCATG,CATGGT,i729,ACGTAT,Ots Final,0,,22-7466_GT.0026_i729_G9_Ots Final,ACGTAT,
22-7469,P125_2025-29,H9,i5_GCTCAA,GCTCAA,TTGAGC,i729,ACGTAT,Ots Final,0,,22-7469_GT.0026_i729_H9_Ots Final,ACGTAT,
22-7470,P125_2025-29,A10,i5_ACTGGC,ACTGGC,GCCAGT,i729,ACGTAT,Ots Final,0,,22-7470_GT.0026_i729_A10_Ots Final,ACGTAT,
22-7475,P125_2025-29,B10,i5_GGGCGC,GGGCGC,GCGCCC,i729,ACGTAT,Ots Final,0,,22-7475_GT.0026_i729_B10_Ots Final,ACGTAT,
22-7477,P125_2025-29,C10,i5_AGGGTC,AGGGTC,GACCCT,i729,ACGTAT,Ots Final,0,,22-7477_GT.0026_i729_C10_Ots Final,ACGTAT,
22-7485,P125_2025-29,D10,i5_GGTTTG,GGTTTG,CAAACC,i729,ACGTAT,Ots Final,0,,22-7485_GT.0026_i729_D10_Ots Final,ACGTAT,
22-7492,P125_2025-29,E10,i5_AGTTAA,AGTTAA,TTAACT,i729,ACGTAT,Ots Final,0,,22-7492_GT.0026_i729_E10_Ots Final,ACGTAT,
22-7516,P125_2025-29,F10,i5_GTCATC,GTCATC,GATGAC,i729,ACGTAT,Ots Final,0,,22-7516_GT.0026_i729_F10_Ots Final,ACGTAT,
22-7520,P125_2025-29,G10,i5_ATGCAC,ATGCAC,GTGCAT,i729,ACGTAT,Ots Final,0,,22-7520_GT.0026_i729_G10_Ots Final,ACGTAT,
22-7523,P125_2025-29,H10,i5_GTTGGA,GTTGGA,TCCAAC,i729,ACGTAT,Ots Final,0,,22-7523_GT.0026_i729_H10_Ots Final,ACGTAT,
22-7525,P125_2025-29,A11,i5_CAAAAA,CAAAAA,TTTTTG,i729,ACGTAT,Ots Final,0,,22-7525_GT.0026_i729_A11_Ots Final,ACGTAT,
22-7542,P125_2025-29,B11,i5_TACACA,TACACA,TGTGTA,i729,ACGTAT,Ots Final,0,,22-7542_GT.0026_i729_B11_Ots Final,ACGTAT,
22-7547,P125_2025-29,C11,i5_CAGGCA,CAGGCA,TGCCTG,i729,ACGTAT,Ots Final,0,,22-7547_GT.0026_i729_C11_Ots Final,ACGTAT,
22-7553,P125_2025-29,D11,i5_TATCAC,TATCAC,GTGATA,i729,ACGTAT,Ots Final,0,,22-7553_GT.0026_i729_D11_Ots Final,ACGTAT,
22-7558,P125_2025-29,E11,i5_CCCGGT,CCCGGT,ACCGGG,i729,ACGTAT,Ots Final,0,,22-7558_GT.0026_i729_E11_Ots Final,ACGTAT,
22-7564,P125_2025-29,F11,i5_TCGATT,TCGATT,AATCGA,i729,ACGTAT,Ots Final,0,,22-7564_GT.0026_i729_F11_Ots Final,ACGTAT,
22-7570,P125_2025-29,G11,i5_CCGCAT,CCGCAT,ATGCGG,i729,ACGTAT,Ots Final,0,,22-7570_GT.0026_i729_G11_Ots Final,ACGTAT,
22-7575,P125_2025-29,H11,i5_TCTCGG,TCTCGG,CCGAGA,i729,ACGTAT,Ots Final,0,,22-7575_GT.0026_i729_H11_Ots Final,ACGTAT,
22-7583,P125_2025-29,A12,i5_CGCAGA,CGCAGA,TCTGCG,i729,ACGTAT,Ots Final,0,,22-7583_GT.0026_i729_A12_Ots Final,ACGTAT,
22-7585,P125_2025-29,B12,i5_TGACAA,TGACAA,TTGTCA,i729,ACGTAT,Ots Final,0,,22-7585_GT.0026_i729_B12_Ots Final,ACGTAT,
22-7601,P125_2025-29,C12,i5_CGTCTA,CGTCTA,TAGACG,i729,ACGTAT,Ots Final,0,,22-7601_GT.0026_i729_C12_Ots Final,ACGTAT,
22-7605,P125_2025-29,D12,i5_TGGGGA,TGGGGA,TCCCCA,i729,ACGTAT,Ots Final,0,,22-7605_GT.0026_i729_D12_Ots Final,ACGTAT,
22-7608,P125_2025-29,E12,i5_CTCGCC,CTCGCC,GGCGAG,i729,ACGTAT,Ots Final,0,,22-7608_GT.0026_i729_E12_Ots Final,ACGTAT,
23-5006,P125_2025-29,F12,i5_TTCTAG,TTCTAG,CTAGAA,i729,ACGTAT,Ots Final,0,,23-5006_GT.0026_i729_F12_Ots Final,ACGTAT,
23-5010,P125_2025-29,G12,i5_CTTATG,CTTATG,CATAAG,i729,ACGTAT,Ots Final,0,,23-5010_GT.0026_i729_G12_Ots Final,ACGTAT,
Negative,P125_2025-29,H12,i5_TTTGTC,TTTGTC,GACAAA,i729,ACGTAT,Ots Final,0,,Negative_GT.0026_i729_H12_Ots Final,ACGTAT,
23-5023,P125_2025-30,A1,i5_AAACGG,AAACGG,CCGTTT,i730,GTACCT,Ots Final,0,,23-5023_GT.0026_i730_A1_Ots Final,GTACCT,
23-5029,P125_2025-30,B1,i5_GAACCA,GAACCA,TGGTTC,i730,GTACCT,Ots Final,0,,23-5029_GT.0026_i730_B1_Ots Final,GTACCT,
23-5037,P125_2025-30,C1,i5_AAGACG,AAGACG,CGTCTT,i730,GTACCT,Ots Final,0,,23-5037_GT.0026_i730_C1_Ots Final,GTACCT,
23-5040,P125_2025-30,D1,i5_GAGAGA,GAGAGA,TCTCTC,i730,GTACCT,Ots Final,0,,23-5040_GT.0026_i730_D1_Ots Final,GTACCT,
23-5044,P125_2025-30,E1,i5_AATGAG,AATGAG,CTCATT,i730,GTACCT,Ots Final,0,,23-5044_GT.0026_i730_E1_Ots Final,GTACCT,
23-5053,P125_2025-30,F1,i5_GCATGG,GCATGG,CCATGC,i730,GTACCT,Ots Final,0,,23-5053_GT.0026_i730_F1_Ots Final,GTACCT,
23-5055,P125_2025-30,G1,i5_ACATAC,ACATAC,GTATGT,i730,GTACCT,Ots Final,0,,23-5055_GT.0026_i730_G1_Ots Final,GTACCT,
23-5056,P125_2025-30,H1,i5_GCGCTG,GCGCTG,CAGCGC,i730,GTACCT,Ots Final,0,,23-5056_GT.0026_i730_H1_Ots Final,GTACCT,
23-5066,P125_2025-30,A2,i5_ACTCTT,ACTCTT,AAGAGT,i730,GTACCT,Ots Final,0,,23-5066_GT.0026_i730_A2_Ots Final,GTACCT,
23-5078,P125_2025-30,B2,i5_GGCAAG,GGCAAG,CTTGCC,i730,GTACCT,Ots Final,0,,23-5078_GT.0026_i730_B2_Ots Final,GTACCT,
23-5081,P125_2025-30,C2,i5_AGCGCA,AGCGCA,TGCGCT,i730,GTACCT,Ots Final,0,,23-5081_GT.0026_i730_C2_Ots Final,GTACCT,
23-5084,P125_2025-30,D2,i5_GGTACA,GGTACA,TGTACC,i730,GTACCT,Ots Final,0,,23-5084_GT.0026_i730_D2_Ots Final,GTACCT,
23-5087,P125_2025-30,E2,i5_AGTAGG,AGTAGG,CCTACT,i730,GTACCT,Ots Final,0,,23-5087_GT.0026_i730_E2_Ots Final,GTACCT,
23-5096,P125_2025-30,F2,i5_GTATCC,GTATCC,GGATAC,i730,GTACCT,Ots Final,0,,23-5096_GT.0026_i730_F2_Ots Final,GTACCT,
23-5097,P125_2025-30,G2,i5_ATCAAA,ATCAAA,TTTGAT,i730,GTACCT,Ots Final,0,,23-5097_GT.0026_i730_G2_Ots Final,GTACCT,
23-5098,P125_2025-30,H2,i5_GTGTAA,GTGTAA,TTACAC,i730,GTACCT,Ots Final,0,,23-5098_GT.0026_i730_H2_Ots Final,GTACCT,
23-5101,P125_2025-30,A3,i5_ATTCCG,ATTCCG,CGGAAT,i730,GTACCT,Ots Final,0,,23-5101_GT.0026_i730_A3_Ots Final,GTACCT,
23-5103,P125_2025-30,B3,i5_TAATTC,TAATTC,GAATTA,i730,GTACCT,Ots Final,0,,23-5103_GT.0026_i730_B3_Ots Final,GTACCT,
23-5106,P125_2025-30,C3,i5_CACCTC,CACCTC,GAGGTG,i730,GTACCT,Ots Final,0,,23-5106_GT.0026_i730_C3_Ots Final,GTACCT,
23-5110,P125_2025-30,D3,i5_TAGTAT,TAGTAT,ATACTA,i730,GTACCT,Ots Final,0,,23-5110_GT.0026_i730_D3_Ots Final,GTACCT,
23-5113,P125_2025-30,E3,i5_CCATTT,CCATTT,AAATGG,i730,GTACCT,Ots Final,0,,23-5113_GT.0026_i730_E3_Ots Final,GTACCT,
23-5114,P125_2025-30,F3,i5_TCCTGC,TCCTGC,GCAGGA,i730,GTACCT,Ots Final,0,,23-5114_GT.0026_i730_F3_Ots Final,GTACCT,
23-5117,P125_2025-30,G3,i5_CCGAGG,CCGAGG,CCTCGG,i730,GTACCT,Ots Final,0,,23-5117_GT.0026_i730_G3_Ots Final,GTACCT,
23-5118,P125_2025-30,H3,i5_TCGGAC,TCGGAC,GTCCGA,i730,GTACCT,Ots Final,0,,23-5118_GT.0026_i730_H3_Ots Final,GTACCT,
23-5120,P125_2025-30,A4,i5_CGAGGC,CGAGGC,GCCTCG,i730,GTACCT,Ots Final,0,,23-5120_GT.0026_i730_A4_Ots Final,GTACCT,
23-5121,P125_2025-30,B4,i5_TGAACC,TGAACC,GGTTCA,i730,GTACCT,Ots Final,0,,23-5121_GT.0026_i730_B4_Ots Final,GTACCT,
23-5124,P125_2025-30,C4,i5_CGGTCC,CGGTCC,GGACCG,i730,GTACCT,Ots Final,0,,23-5124_GT.0026_i730_C4_Ots Final,GTACCT,
23-5136,P125_2025-30,D4,i5_TGCTTA,TGCTTA,TAAGCA,i730,GTACCT,Ots Final,0,,23-5136_GT.0026_i730_D4_Ots Final,GTACCT,
23-5144,P125_2025-30,E4,i5_CTACAG,CTACAG,CTGTAG,i730,GTACCT,Ots Final,0,,23-5144_GT.0026_i730_E4_Ots Final,GTACCT,
23-5147,P125_2025-30,F4,i5_TTCCGT,TTCCGT,ACGGAA,i730,GTACCT,Ots Final,0,,23-5147_GT.0026_i730_F4_Ots Final,GTACCT,
23-5151,P125_2025-30,G4,i5_CTGGTT,CTGGTT,AACCAG,i730,GTACCT,Ots Final,0,,23-5151_GT.0026_i730_G4_Ots Final,GTACCT,
23-5157,P125_2025-30,H4,i5_TTTAAT,TTTAAT,ATTAAA,i730,GTACCT,Ots Final,0,,23-5157_GT.0026_i730_H4_Ots Final,GTACCT,
23-5165,P125_2025-30,A5,i5_GAAATG,GAAATG,CATTTC,i730,GTACCT,Ots Final,0,,23-5165_GT.0026_i730_A5_Ots Final,GTACCT,
23-5174,P125_2025-30,B5,i5_AACTGA,AACTGA,TCAGTT,i730,GTACCT,Ots Final,0,,23-5174_GT.0026_i730_B5_Ots Final,GTACCT,
23-5175,P125_2025-30,C5,i5_GACTCT,GACTCT,AGAGTC,i730,GTACCT,Ots Final,0,,23-5175_GT.0026_i730_C5_Ots Final,GTACCT,
23-5176,P125_2025-30,D5,i5_AATATC,AATATC,GATATT,i730,GTACCT,Ots Final,0,,23-5176_GT.0026_i730_D5_Ots Final,GTACCT,
23-5177,P125_2025-30,E5,i5_GCAGAT,GCAGAT,ATCTGC,i730,GTACCT,Ots Final,0,,23-5177_GT.0026_i730_E5_Ots Final,GTACCT,
23-7004,P125_2025-30,F5,i5_ACAGCG,ACAGCG,CGCTGT,i730,GTACCT,Ots Final,0,,23-7004_GT.0026_i730_F5_Ots Final,GTACCT,
23-7005,P125_2025-30,G5,i5_GCGACC,GCGACC,GGTCGC,i730,GTACCT,Ots Final,0,,23-7005_GT.0026_i730_G5_Ots Final,GTACCT,
23-7011,P125_2025-30,H5,i5_ACCCCC,ACCCCC,GGGGGT,i730,GTACCT,Ots Final,0,,23-7011_GT.0026_i730_H5_Ots Final,GTACCT,
23-7017,P125_2025-30,A6,i5_GGACTT,GGACTT,AAGTCC,i730,GTACCT,Ots Final,0,,23-7017_GT.0026_i730_A6_Ots Final,GTACCT,
23-7028,P125_2025-30,B6,i5_AGCCAT,AGCCAT,ATGGCT,i730,GTACCT,Ots Final,0,,23-7028_GT.0026_i730_B6_Ots Final,GTACCT,
23-7030,P125_2025-30,C6,i5_GGGGCG,GGGGCG,CGCCCC,i730,GTACCT,Ots Final,0,,23-7030_GT.0026_i730_C6_Ots Final,GTACCT,
23-7034,P125_2025-30,D6,i5_AGGTGT,AGGTGT,ACACCT,i730,GTACCT,Ots Final,0,,23-7034_GT.0026_i730_D6_Ots Final,GTACCT,
23-7037,P125_2025-30,E6,i5_GTAAGT,GTAAGT,ACTTAC,i730,GTACCT,Ots Final,0,,23-7037_GT.0026_i730_E6_Ots Final,GTACCT,
23-7038,P125_2025-30,F6,i5_ATAGTA,ATAGTA,TACTAT,i730,GTACCT,Ots Final,0,,23-7038_GT.0026_i730_F6_Ots Final,GTACCT,
23-7040,P125_2025-30,G6,i5_GTGCCT,GTGCCT,AGGCAC,i730,GTACCT,Ots Final,0,,23-7040_GT.0026_i730_G6_Ots Final,GTACCT,
23-7042,P125_2025-30,H6,i5_ATGTTG,ATGTTG,CAACAT,i730,GTACCT,Ots Final,0,,23-7042_GT.0026_i730_H6_Ots Final,GTACCT,
23-7048,P125_2025-30,A7,i5_TAAGCT,TAAGCT,AGCTTA,i730,GTACCT,Ots Final,0,,23-7048_GT.0026_i730_A7_Ots Final,GTACCT,
23-7049,P125_2025-30,B7,i5_CAATCG,CAATCG,CGATTG,i730,GTACCT,Ots Final,0,,23-7049_GT.0026_i730_B7_Ots Final,GTACCT,
23-7050,P125_2025-30,C7,i5_TACGGG,TACGGG,CCCGTA,i730,GTACCT,Ots Final,0,,23-7050_GT.0026_i730_C7_Ots Final,GTACCT,
23-7051,P125_2025-30,D7,i5_CATACT,CATACT,AGTATG,i730,GTACCT,Ots Final,0,,23-7051_GT.0026_i730_D7_Ots Final,GTACCT,
23-7060,P125_2025-30,E7,i5_TCAAAG,TCAAAG,CTTTGA,i730,GTACCT,Ots Final,0,,23-7060_GT.0026_i730_E7_Ots Final,GTACCT,
23-7063,P125_2025-30,F7,i5_CCCTAA,CCCTAA,TTAGGG,i730,GTACCT,Ots Final,0,,23-7063_GT.0026_i730_F7_Ots Final,GTACCT,
23-7072,P125_2025-30,G7,i5_TCGCCA,TCGCCA,TGGCGA,i730,GTACCT,Ots Final,0,,23-7072_GT.0026_i730_G7_Ots Final,GTACCT,
23-7081,P125_2025-30,H7,i5_CCTAAC,CCTAAC,GTTAGG,i730,GTACCT,Ots Final,0,,23-7081_GT.0026_i730_H7_Ots Final,GTACCT,
23-7088,P125_2025-30,A8,i5_TCTTCT,TCTTCT,AGAAGA,i730,GTACCT,Ots Final,0,,23-7088_GT.0026_i730_A8_Ots Final,GTACCT,
23-7092,P125_2025-30,B8,i5_CGCGTG,CGCGTG,CACGCG,i730,GTACCT,Ots Final,0,,23-7092_GT.0026_i730_B8_Ots Final,GTACCT,
23-7099,P125_2025-30,C8,i5_TGCCCG,TGCCCG,CGGGCA,i730,GTACCT,Ots Final,0,,23-7099_GT.0026_i730_C8_Ots Final,GTACCT,
23-7100,P125_2025-30,D8,i5_CGTGAT,CGTGAT,ATCACG,i730,GTACCT,Ots Final,0,,23-7100_GT.0026_i730_D8_Ots Final,GTACCT,
23-7101,P125_2025-30,E8,i5_TTATGA,TTATGA,TCATAA,i730,GTACCT,Ots Final,0,,23-7101_GT.0026_i730_E8_Ots Final,GTACCT,
23-7107,P125_2025-30,F8,i5_CTGCGA,CTGCGA,TCGCAG,i730,GTACCT,Ots Final,0,,23-7107_GT.0026_i730_F8_Ots Final,GTACCT,
23-7114,P125_2025-30,G8,i5_TTGAGC,TTGAGC,GCTCAA,i730,GTACCT,Ots Final,0,,23-7114_GT.0026_i730_G8_Ots Final,GTACCT,
23-7115,P125_2025-30,H8,i5_CTTTGC,CTTTGC,GCAAAG,i730,GTACCT,Ots Final,0,,23-7115_GT.0026_i730_H8_Ots Final,GTACCT,
23-7119,P125_2025-30,A9,i5_AACGTT,AACGTT,AACGTT,i730,GTACCT,Ots Final,0,,23-7119_GT.0026_i730_A9_Ots Final,GTACCT,
23-7121,P125_2025-30,B9,i5_GACGAC,GACGAC,GTCGTC,i730,GTACCT,Ots Final,0,,23-7121_GT.0026_i730_B9_Ots Final,GTACCT,
23-7123,P125_2025-30,C9,i5_AAGCTA,AAGCTA,TAGCTT,i730,GTACCT,Ots Final,0,,23-7123_GT.0026_i730_C9_Ots Final,GTACCT,
23-7126,P125_2025-30,D9,i5_AATCGT,AATCGT,ACGATT,i730,GTACCT,Ots Final,0,,23-7126_GT.0026_i730_D9_Ots Final,GTACCT,
23-7132,P125_2025-30,E9,i5_ACAAGA,ACAAGA,TCTTGT,i730,GTACCT,Ots Final,0,,23-7132_GT.0026_i730_E9_Ots Final,GTACCT,
23-7134,P125_2025-30,F9,i5_GCCGTA,GCCGTA,TACGGC,i730,GTACCT,Ots Final,0,,23-7134_GT.0026_i730_F9_Ots Final,GTACCT,
23-7140,P125_2025-30,G9,i5_ACCATG,ACCATG,CATGGT,i730,GTACCT,Ots Final,0,,23-7140_GT.0026_i730_G9_Ots Final,GTACCT,
23-7142,P125_2025-30,H9,i5_GCTCAA,GCTCAA,TTGAGC,i730,GTACCT,Ots Final,0,,23-7142_GT.0026_i730_H9_Ots Final,GTACCT,
23-7143,P125_2025-30,A10,i5_ACTGGC,ACTGGC,GCCAGT,i730,GTACCT,Ots Final,0,,23-7143_GT.0026_i730_A10_Ots Final,GTACCT,
23-7145,P125_2025-30,B10,i5_GGGCGC,GGGCGC,GCGCCC,i730,GTACCT,Ots Final,0,,23-7145_GT.0026_i730_B10_Ots Final,GTACCT,
23-7147,P125_2025-30,C10,i5_AGGGTC,AGGGTC,GACCCT,i730,GTACCT,Ots Final,0,,23-7147_GT.0026_i730_C10_Ots Final,GTACCT,
23-7150,P125_2025-30,D10,i5_GGTTTG,GGTTTG,CAAACC,i730,GTACCT,Ots Final,0,,23-7150_GT.0026_i730_D10_Ots Final,GTACCT,
23-7152,P125_2025-30,E10,i5_AGTTAA,AGTTAA,TTAACT,i730,GTACCT,Ots Final,0,,23-7152_GT.0026_i730_E10_Ots Final,GTACCT,
23-7161,P125_2025-30,F10,i5_GTCATC,GTCATC,GATGAC,i730,GTACCT,Ots Final,0,,23-7161_GT.0026_i730_F10_Ots Final,GTACCT,
23-7164,P125_2025-30,G10,i5_ATGCAC,ATGCAC,GTGCAT,i730,GTACCT,Ots Final,0,,23-7164_GT.0026_i730_G10_Ots Final,GTACCT,
23-7166,P125_2025-30,H10,i5_GTTGGA,GTTGGA,TCCAAC,i730,GTACCT,Ots Final,0,,23-7166_GT.0026_i730_H10_Ots Final,GTACCT,
23-7167,P125_2025-30,A11,i5_CAAAAA,CAAAAA,TTTTTG,i730,GTACCT,Ots Final,0,,23-7167_GT.0026_i730_A11_Ots Final,GTACCT,
23-7172,P125_2025-30,B11,i5_TACACA,TACACA,TGTGTA,i730,GTACCT,Ots Final,0,,23-7172_GT.0026_i730_B11_Ots Final,GTACCT,
23-7173,P125_2025-30,C11,i5_CAGGCA,CAGGCA,TGCCTG,i730,GTACCT,Ots Final,0,,23-7173_GT.0026_i730_C11_Ots Final,GTACCT,
23-7174,P125_2025-30,D11,i5_TATCAC,TATCAC,GTGATA,i730,GTACCT,Ots Final,0,,23-7174_GT.0026_i730_D11_Ots Final,GTACCT,
23-7184,P125_2025-30,E11,i5_CCCGGT,CCCGGT,ACCGGG,i730,GTACCT,Ots Final,0,,23-7184_GT.0026_i730_E11_Ots Final,GTACCT,
23-7185,P125_2025-30,F11,i5_TCGATT,TCGATT,AATCGA,i730,GTACCT,Ots Final,0,,23-7185_GT.0026_i730_F11_Ots Final,GTACCT,
23-7186,P125_2025-30,G11,i5_CCGCAT,CCGCAT,ATGCGG,i730,GTACCT,Ots Final,0,,23-7186_GT.0026_i730_G11_Ots Final,GTACCT,
23-7187,P125_2025-30,H11,i5_TCTCGG,TCTCGG,CCGAGA,i730,GTACCT,Ots Final,0,,23-7187_GT.0026_i730_H11_Ots Final,GTACCT,
23-7191,P125_2025-30,A12,i5_CGCAGA,CGCAGA,TCTGCG,i730,GTACCT,Ots Final,0,,23-7191_GT.0026_i730_A12_Ots Final,GTACCT,
23-7193,P125_2025-30,B12,i5_TGACAA,TGACAA,TTGTCA,i730,GTACCT,Ots Final,0,,23-7193_GT.0026_i730_B12_Ots Final,GTACCT,
23-7194,P125_2025-30,C12,i5_CGTCTA,CGTCTA,TAGACG,i730,GTACCT,Ots Final,0,,23-7194_GT.0026_i730_C12_Ots Final,GTACCT,
23-7196,P125_2025-30,D12,i5_TGGGGA,TGGGGA,TCCCCA,i730,GTACCT,Ots Final,0,,23-7196_GT.0026_i730_D12_Ots Final,GTACCT,
23-7197,P125_2025-30,E12,i5_CTCGCC,CTCGCC,GGCGAG,i730,GTACCT,Ots Final,0,,23-7197_GT.0026_i730_E12_Ots Final,GTACCT,
23-7199,P125_2025-30,F12,i5_TTCTAG,TTCTAG,CTAGAA,i730,GTACCT,Ots Final,0,,23-7199_GT.0026_i730_F12_Ots Final,GTACCT,
23-7200,P125_2025-30,G12,i5_CTTATG,CTTATG,CATAAG,i730,GTACCT,Ots Final,0,,23-7200_GT.0026_i730_G12_Ots Final,GTACCT,
Negative,P125_2025-30,H12,i5_TTTGTC,TTTGTC,GACAAA,i730,GTACCT,Ots Final,0,,Negative_GT.0026_i730_H12_Ots Final,GTACCT,
21-12001,P133_2025-01,A1,i5_AAACGG,AAACGG,CCGTTT,i701,CGTGAT,Ots Final,0,,21-12001_GT.0026_i701_A1_Ots Final,CGTGAT,
21-12002,P133_2025-01,B1,i5_GAACCA,GAACCA,TGGTTC,i701,CGTGAT,Ots Final,0,,21-12002_GT.0026_i701_B1_Ots Final,CGTGAT,
21-12003,P133_2025-01,C1,i5_AAGACG,AAGACG,CGTCTT,i701,CGTGAT,Ots Final,0,,21-12003_GT.0026_i701_C1_Ots Final,CGTGAT,
21-12004,P133_2025-01,D1,i5_GAGAGA,GAGAGA,TCTCTC,i701,CGTGAT,Ots Final,0,,21-12004_GT.0026_i701_D1_Ots Final,CGTGAT,
21-12005,P133_2025-01,E1,i5_AATGAG,AATGAG,CTCATT,i701,CGTGAT,Ots Final,0,,21-12005_GT.0026_i701_E1_Ots Final,CGTGAT,
21-12006,P133_2025-01,F1,i5_GCATGG,GCATGG,CCATGC,i701,CGTGAT,Ots Final,0,,21-12006_GT.0026_i701_F1_Ots Final,CGTGAT,
21-12007,P133_2025-01,G1,i5_ACATAC,ACATAC,GTATGT,i701,CGTGAT,Ots Final,0,,21-12007_GT.0026_i701_G1_Ots Final,CGTGAT,
21-12008,P133_2025-01,H1,i5_GCGCTG,GCGCTG,CAGCGC,i701,CGTGAT,Ots Final,0,,21-12008_GT.0026_i701_H1_Ots Final,CGTGAT,
21-12009,P133_2025-01,A2,i5_ACTCTT,ACTCTT,AAGAGT,i701,CGTGAT,Ots Final,0,,21-12009_GT.0026_i701_A2_Ots Final,CGTGAT,
21-12010,P133_2025-01,B2,i5_GGCAAG,GGCAAG,CTTGCC,i701,CGTGAT,Ots Final,0,,21-12010_GT.0026_i701_B2_Ots Final,CGTGAT,
21-12011,P133_2025-01,C2,i5_AGCGCA,AGCGCA,TGCGCT,i701,CGTGAT,Ots Final,0,,21-12011_GT.0026_i701_C2_Ots Final,CGTGAT,
21-12012,P133_2025-01,D2,i5_GGTACA,GGTACA,TGTACC,i701,CGTGAT,Ots Final,0,,21-12012_GT.0026_i701_D2_Ots Final,CGTGAT,
21-12013,P133_2025-01,E2,i5_AGTAGG,AGTAGG,CCTACT,i701,CGTGAT,Ots Final,0,,21-12013_GT.0026_i701_E2_Ots Final,CGTGAT,
21-12014,P133_2025-01,F2,i5_GTATCC,GTATCC,GGATAC,i701,CGTGAT,Ots Final,0,,21-12014_GT.0026_i701_F2_Ots Final,CGTGAT,
21-12015,P133_2025-01,G2,i5_ATCAAA,ATCAAA,TTTGAT,i701,CGTGAT,Ots Final,0,,21-12015_GT.0026_i701_G2_Ots Final,CGTGAT,
21-12016,P133_2025-01,H2,i5_GTGTAA,GTGTAA,TTACAC,i701,CGTGAT,Ots Final,0,,21-12016_GT.0026_i701_H2_Ots Final,CGTGAT,
21-12017,P133_2025-01,A3,i5_ATTCCG,ATTCCG,CGGAAT,i701,CGTGAT,Ots Final,0,,21-12017_GT.0026_i701_A3_Ots Final,CGTGAT,
21-12018,P133_2025-01,B3,i5_TAATTC,TAATTC,GAATTA,i701,CGTGAT,Ots Final,0,,21-12018_GT.0026_i701_B3_Ots Final,CGTGAT,
21-12019,P133_2025-01,C3,i5_CACCTC,CACCTC,GAGGTG,i701,CGTGAT,Ots Final,0,,21-12019_GT.0026_i701_C3_Ots Final,CGTGAT,
21-12020,P133_2025-01,D3,i5_TAGTAT,TAGTAT,ATACTA,i701,CGTGAT,Ots Final,0,,21-12020_GT.0026_i701_D3_Ots Final,CGTGAT,
21-12021,P133_2025-01,E3,i5_CCATTT,CCATTT,AAATGG,i701,CGTGAT,Ots Final,0,,21-12021_GT.0026_i701_E3_Ots Final,CGTGAT,
21-12022,P133_2025-01,F3,i5_TCCTGC,TCCTGC,GCAGGA,i701,CGTGAT,Ots Final,0,,21-12022_GT.0026_i701_F3_Ots Final,CGTGAT,
21-12023,P133_2025-01,G3,i5_CCGAGG,CCGAGG,CCTCGG,i701,CGTGAT,Ots Final,0,,21-12023_GT.0026_i701_G3_Ots Final,CGTGAT,
21-12024,P133_2025-01,H3,i5_TCGGAC,TCGGAC,GTCCGA,i701,CGTGAT,Ots Final,0,,21-12024_GT.0026_i701_H3_Ots Final,CGTGAT,
21-12025,P133_2025-01,A4,i5_CGAGGC,CGAGGC,GCCTCG,i701,CGTGAT,Ots Final,0,,21-12025_GT.0026_i701_A4_Ots Final,CGTGAT,
21-12026,P133_2025-01,B4,i5_TGAACC,TGAACC,GGTTCA,i701,CGTGAT,Ots Final,0,,21-12026_GT.0026_i701_B4_Ots Final,CGTGAT,
21-12027,P133_2025-01,C4,i5_CGGTCC,CGGTCC,GGACCG,i701,CGTGAT,Ots Final,0,,21-12027_GT.0026_i701_C4_Ots Final,CGTGAT,
21-12028,P133_2025-01,D4,i5_TGCTTA,TGCTTA,TAAGCA,i701,CGTGAT,Ots Final,0,,21-12028_GT.0026_i701_D4_Ots Final,CGTGAT,
21-12029,P133_2025-01,E4,i5_CTACAG,CTACAG,CTGTAG,i701,CGTGAT,Ots Final,0,,21-12029_GT.0026_i701_E4_Ots Final,CGTGAT,
21-12030,P133_2025-01,F4,i5_TTCCGT,TTCCGT,ACGGAA,i701,CGTGAT,Ots Final,0,,21-12030_GT.0026_i701_F4_Ots Final,CGTGAT,
21-12031,P133_2025-01,G4,i5_CTGGTT,CTGGTT,AACCAG,i701,CGTGAT,Ots Final,0,,21-12031_GT.0026_i701_G4_Ots Final,CGTGAT,
21-12032,P133_2025-01,H4,i5_TTTAAT,TTTAAT,ATTAAA,i701,CGTGAT,Ots Final,0,,21-12032_GT.0026_i701_H4_Ots Final,CGTGAT,
21-12033,P133_2025-01,A5,i5_GAAATG,GAAATG,CATTTC,i701,CGTGAT,Ots Final,0,,21-12033_GT.0026_i701_A5_Ots Final,CGTGAT,
21-12034,P133_2025-01,B5,i5_AACTGA,AACTGA,TCAGTT,i701,CGTGAT,Ots Final,0,,21-12034_GT.0026_i701_B5_Ots Final,CGTGAT,
21-12035,P133_2025-01,C5,i5_GACTCT,GACTCT,AGAGTC,i701,CGTGAT,Ots Final,0,,21-12035_GT.0026_i701_C5_Ots Final,CGTGAT,
21-12036,P133_2025-01,D5,i5_AATATC,AATATC,GATATT,i701,CGTGAT,Ots Final,0,,21-12036_GT.0026_i701_D5_Ots Final,CGTGAT,
21-12037,P133_2025-01,E5,i5_GCAGAT,GCAGAT,ATCTGC,i701,CGTGAT,Ots Final,0,,21-12037_GT.0026_i701_E5_Ots Final,CGTGAT,
21-12038,P133_2025-01,F5,i5_ACAGCG,ACAGCG,CGCTGT,i701,CGTGAT,Ots Final,0,,21-12038_GT.0026_i701_F5_Ots Final,CGTGAT,
21-12039,P133_2025-01,G5,i5_GCGACC,GCGACC,GGTCGC,i701,CGTGAT,Ots Final,0,,21-12039_GT.0026_i701_G5_Ots Final,CGTGAT,
21-12040,P133_2025-01,H5,i5_ACCCCC,ACCCCC,GGGGGT,i701,CGTGAT,Ots Final,0,,21-12040_GT.0026_i701_H5_Ots Final,CGTGAT,
21-12041,P133_2025-01,A6,i5_GGACTT,GGACTT,AAGTCC,i701,CGTGAT,Ots Final,0,,21-12041_GT.0026_i701_A6_Ots Final,CGTGAT,
21-12042,P133_2025-01,B6,i5_AGCCAT,AGCCAT,ATGGCT,i701,CGTGAT,Ots Final,0,,21-12042_GT.0026_i701_B6_Ots Final,CGTGAT,
21-12043,P133_2025-01,C6,i5_GGGGCG,GGGGCG,CGCCCC,i701,CGTGAT,Ots Final,0,,21-12043_GT.0026_i701_C6_Ots Final,CGTGAT,
21-12044,P133_2025-01,D6,i5_AGGTGT,AGGTGT,ACACCT,i701,CGTGAT,Ots Final,0,,21-12044_GT.0026_i701_D6_Ots Final,CGTGAT,
21-12045,P133_2025-01,E6,i5_GTAAGT,GTAAGT,ACTTAC,i701,CGTGAT,Ots Final,0,,21-12045_GT.0026_i701_E6_Ots Final,CGTGAT,
21-12046,P133_2025-01,F6,i5_ATAGTA,ATAGTA,TACTAT,i701,CGTGAT,Ots Final,0,,21-12046_GT.0026_i701_F6_Ots Final,CGTGAT,
21-12047,P133_2025-01,G6,i5_GTGCCT,GTGCCT,AGGCAC,i701,CGTGAT,Ots Final,0,,21-12047_GT.0026_i701_G6_Ots Final,CGTGAT,
21-12048,P133_2025-01,H6,i5_ATGTTG,ATGTTG,CAACAT,i701,CGTGAT,Ots Final,0,,21-12048_GT.0026_i701_H6_Ots Final,CGTGAT,
21-12049,P133_2025-01,A7,i5_TAAGCT,TAAGCT,AGCTTA,i701,CGTGAT,Ots Final,0,,21-12049_GT.0026_i701_A7_Ots Final,CGTGAT,
21-12050,P133_2025-01,B7,i5_CAATCG,CAATCG,CGATTG,i701,CGTGAT,Ots Final,0,,21-12050_GT.0026_i701_B7_Ots Final,CGTGAT,
21-12051,P133_2025-01,C7,i5_TACGGG,TACGGG,CCCGTA,i701,CGTGAT,Ots Final,0,,21-12051_GT.0026_i701_C7_Ots Final,CGTGAT,
21-12052,P133_2025-01,D7,i5_CATACT,CATACT,AGTATG,i701,CGTGAT,Ots Final,0,,21-12052_GT.0026_i701_D7_Ots Final,CGTGAT,
21-12053,P133_2025-01,E7,i5_TCAAAG,TCAAAG,CTTTGA,i701,CGTGAT,Ots Final,0,,21-12053_GT.0026_i701_E7_Ots Final,CGTGAT,
21-12054,P133_2025-01,F7,i5_CCCTAA,CCCTAA,TTAGGG,i701,CGTGAT,Ots Final,0,,21-12054_GT.0026_i701_F7_Ots Final,CGTGAT,
21-12055,P133_2025-01,G7,i5_TCGCCA,TCGCCA,TGGCGA,i701,CGTGAT,Ots Final,0,,21-12055_GT.0026_i701_G7_Ots Final,CGTGAT,
21-12056,P133_2025-01,H7,i5_CCTAAC,CCTAAC,GTTAGG,i701,CGTGAT,Ots Final,0,,21-12056_GT.0026_i701_H7_Ots Final,CGTGAT,
21-12057,P133_2025-01,A8,i5_TCTTCT,TCTTCT,AGAAGA,i701,CGTGAT,Ots Final,0,,21-12057_GT.0026_i701_A8_Ots Final,CGTGAT,
21-12058,P133_2025-01,B8,i5_CGCGTG,CGCGTG,CACGCG,i701,CGTGAT,Ots Final,0,,21-12058_GT.0026_i701_B8_Ots Final,CGTGAT,
21-12059,P133_2025-01,C8,i5_TGCCCG,TGCCCG,CGGGCA,i701,CGTGAT,Ots Final,0,,21-12059_GT.0026_i701_C8_Ots Final,CGTGAT,
21-12060,P133_2025-01,D8,i5_CGTGAT,CGTGAT,ATCACG,i701,CGTGAT,Ots Final,0,,21-12060_GT.0026_i701_D8_Ots Final,CGTGAT,
21-12061,P133_2025-01,E8,i5_TTATGA,TTATGA,TCATAA,i701,CGTGAT,Ots Final,0,,21-12061_GT.0026_i701_E8_Ots Final,CGTGAT,
21-12062,P133_2025-01,F8,i5_CTGCGA,CTGCGA,TCGCAG,i701,CGTGAT,Ots Final,0,,21-12062_GT.0026_i701_F8_Ots Final,CGTGAT,
21-12063,P133_2025-01,G8,i5_TTGAGC,TTGAGC,GCTCAA,i701,CGTGAT,Ots Final,0,,21-12063_GT.0026_i701_G8_Ots Final,CGTGAT,
21-12064,P133_2025-01,H8,i5_CTTTGC,CTTTGC,GCAAAG,i701,CGTGAT,Ots Final,0,,21-12064_GT.0026_i701_H8_Ots Final,CGTGAT,
21-12065,P133_2025-01,A9,i5_AACGTT,AACGTT,AACGTT,i701,CGTGAT,Ots Final,0,,21-12065_GT.0026_i701_A9_Ots Final,CGTGAT,
21-12066,P133_2025-01,B9,i5_GACGAC,GACGAC,GTCGTC,i701,CGTGAT,Ots Final,0,,21-12066_GT.0026_i701_B9_Ots Final,CGTGAT,
21-12067,P133_2025-01,C9,i5_AAGCTA,AAGCTA,TAGCTT,i701,CGTGAT,Ots Final,0,,21-12067_GT.0026_i701_C9_Ots Final,CGTGAT,
21-12068,P133_2025-01,D9,i5_AATCGT,AATCGT,ACGATT,i701,CGTGAT,Ots Final,0,,21-12068_GT.0026_i701_D9_Ots Final,CGTGAT,
21-12069,P133_2025-01,E9,i5_ACAAGA,ACAAGA,TCTTGT,i701,CGTGAT,Ots Final,0,,21-12069_GT.0026_i701_E9_Ots Final,CGTGAT,
21-12070,P133_2025-01,F9,i5_GCCGTA,GCCGTA,TACGGC,i701,CGTGAT,Ots Final,0,,21-12070_GT.0026_i701_F9_Ots Final,CGTGAT,
21-12071,P133_2025-01,G9,i5_ACCATG,ACCATG,CATGGT,i701,CGTGAT,Ots Final,0,,21-12071_GT.0026_i701_G9_Ots Final,CGTGAT,
21-12072,P133_2025-01,H9,i5_GCTCAA,GCTCAA,TTGAGC,i701,CGTGAT,Ots Final,0,,21-12072_GT.0026_i701_H9_Ots Final,CGTGAT,
21-12073,P133_2025-01,A10,i5_ACTGGC,ACTGGC,GCCAGT,i701,CGTGAT,Ots Final,0,,21-12073_GT.0026_i701_A10_Ots Final,CGTGAT,
21-12074,P133_2025-01,B10,i5_GGGCGC,GGGCGC,GCGCCC,i701,CGTGAT,Ots Final,0,,21-12074_GT.0026_i701_B10_Ots Final,CGTGAT,
21-12075,P133_2025-01,C10,i5_AGGGTC,AGGGTC,GACCCT,i701,CGTGAT,Ots Final,0,,21-12075_GT.0026_i701_C10_Ots Final,CGTGAT,
21-12076,P133_2025-01,D10,i5_GGTTTG,GGTTTG,CAAACC,i701,CGTGAT,Ots Final,0,,21-12076_GT.0026_i701_D10_Ots Final,CGTGAT,
21-12077,P133_2025-01,E10,i5_AGTTAA,AGTTAA,TTAACT,i701,CGTGAT,Ots Final,0,,21-12077_GT.0026_i701_E10_Ots Final,CGTGAT,
21-12078,P133_2025-01,F10,i5_GTCATC,GTCATC,GATGAC,i701,CGTGAT,Ots Final,0,,21-12078_GT.0026_i701_F10_Ots Final,CGTGAT,
21-12079,P133_2025-01,G10,i5_ATGCAC,ATGCAC,GTGCAT,i701,CGTGAT,Ots Final,0,,21-12079_GT.0026_i701_G10_Ots Final,CGTGAT,
21-12080,P133_2025-01,H10,i5_GTTGGA,GTTGGA,TCCAAC,i701,CGTGAT,Ots Final,0,,21-12080_GT.0026_i701_H10_Ots Final,CGTGAT,
21-12081,P133_2025-01,A11,i5_CAAAAA,CAAAAA,TTTTTG,i701,CGTGAT,Ots Final,0,,21-12081_GT.0026_i701_A11_Ots Final,CGTGAT,
21-12082,P133_2025-01,B11,i5_TACACA,TACACA,TGTGTA,i701,CGTGAT,Ots Final,0,,21-12082_GT.0026_i701_B11_Ots Final,CGTGAT,
21-12083,P133_2025-01,C11,i5_CAGGCA,CAGGCA,TGCCTG,i701,CGTGAT,Ots Final,0,,21-12083_GT.0026_i701_C11_Ots Final,CGTGAT,
21-12084,P133_2025-01,D11,i5_TATCAC,TATCAC,GTGATA,i701,CGTGAT,Ots Final,0,,21-12084_GT.0026_i701_D11_Ots Final,CGTGAT,
21-12085,P133_2025-01,E11,i5_CCCGGT,CCCGGT,ACCGGG,i701,CGTGAT,Ots Final,0,,21-12085_GT.0026_i701_E11_Ots Final,CGTGAT,
21-12086,P133_2025-01,F11,i5_TCGATT,TCGATT,AATCGA,i701,CGTGAT,Ots Final,0,,21-12086_GT.0026_i701_F11_Ots Final,CGTGAT,
21-12087,P133_2025-01,G11,i5_CCGCAT,CCGCAT,ATGCGG,i701,CGTGAT,Ots Final,0,,21-12087_GT.0026_i701_G11_Ots Final,CGTGAT,
21-12088,P133_2025-01,H11,i5_TCTCGG,TCTCGG,CCGAGA,i701,CGTGAT,Ots Final,0,,21-12088_GT.0026_i701_H11_Ots Final,CGTGAT,
21-12089,P133_2025-01,A12,i5_CGCAGA,CGCAGA,TCTGCG,i701,CGTGAT,Ots Final,0,,21-12089_GT.0026_i701_A12_Ots Final,CGTGAT,
21-12090,P133_2025-01,B12,i5_TGACAA,TGACAA,TTGTCA,i701,CGTGAT,Ots Final,0,,21-12090_GT.0026_i701_B12_Ots Final,CGTGAT,
21-12091,P133_2025-01,C12,i5_CGTCTA,CGTCTA,TAGACG,i701,CGTGAT,Ots Final,0,,21-12091_GT.0026_i701_C12_Ots Final,CGTGAT,
21-12092,P133_2025-01,D12,i5_TGGGGA,TGGGGA,TCCCCA,i701,CGTGAT,Ots Final,0,,21-12092_GT.0026_i701_D12_Ots Final,CGTGAT,
21-12093,P133_2025-01,E12,i5_CTCGCC,CTCGCC,GGCGAG,i701,CGTGAT,Ots Final,0,,21-12093_GT.0026_i701_E12_Ots Final,CGTGAT,
21-12094,P133_2025-01,F12,i5_TTCTAG,TTCTAG,CTAGAA,i701,CGTGAT,Ots Final,0,,21-12094_GT.0026_i701_F12_Ots Final,CGTGAT,
21-12095,P133_2025-01,G12,i5_CTTATG,CTTATG,CATAAG,i701,CGTGAT,Ots Final,0,,21-12095_GT.0026_i701_G12_Ots Final,CGTGAT,
Negative,P133_2025-01,H12,i5_TTTGTC,TTTGTC,GACAAA,i701,CGTGAT,Ots Final,0,,Negative_GT.0026_i701_H12_Ots Final,CGTGAT,
21-12096,P133_2025-02,A1,i5_AAACGG,AAACGG,CCGTTT,i702,ACATCG,Ots Final,0,,21-12096_GT.0026_i702_A1_Ots Final,ACATCG,
21-12097,P133_2025-02,B1,i5_GAACCA,GAACCA,TGGTTC,i702,ACATCG,Ots Final,0,,21-12097_GT.0026_i702_B1_Ots Final,ACATCG,
21-12098,P133_2025-02,C1,i5_AAGACG,AAGACG,CGTCTT,i702,ACATCG,Ots Final,0,,21-12098_GT.0026_i702_C1_Ots Final,ACATCG,
21-12099,P133_2025-02,D1,i5_GAGAGA,GAGAGA,TCTCTC,i702,ACATCG,Ots Final,0,,21-12099_GT.0026_i702_D1_Ots Final,ACATCG,
21-12100,P133_2025-02,E1,i5_AATGAG,AATGAG,CTCATT,i702,ACATCG,Ots Final,0,,21-12100_GT.0026_i702_E1_Ots Final,ACATCG,
21-12101,P133_2025-02,F1,i5_GCATGG,GCATGG,CCATGC,i702,ACATCG,Ots Final,0,,21-12101_GT.0026_i702_F1_Ots Final,ACATCG,
21-12102,P133_2025-02,G1,i5_ACATAC,ACATAC,GTATGT,i702,ACATCG,Ots Final,0,,21-12102_GT.0026_i702_G1_Ots Final,ACATCG,
21-12103,P133_2025-02,H1,i5_GCGCTG,GCGCTG,CAGCGC,i702,ACATCG,Ots Final,0,,21-12103_GT.0026_i702_H1_Ots Final,ACATCG,
21-12104,P133_2025-02,A2,i5_ACTCTT,ACTCTT,AAGAGT,i702,ACATCG,Ots Final,0,,21-12104_GT.0026_i702_A2_Ots Final,ACATCG,
21-12105,P133_2025-02,B2,i5_GGCAAG,GGCAAG,CTTGCC,i702,ACATCG,Ots Final,0,,21-12105_GT.0026_i702_B2_Ots Final,ACATCG,
21-12106,P133_2025-02,C2,i5_AGCGCA,AGCGCA,TGCGCT,i702,ACATCG,Ots Final,0,,21-12106_GT.0026_i702_C2_Ots Final,ACATCG,
21-12107,P133_2025-02,D2,i5_GGTACA,GGTACA,TGTACC,i702,ACATCG,Ots Final,0,,21-12107_GT.0026_i702_D2_Ots Final,ACATCG,
21-12108,P133_2025-02,E2,i5_AGTAGG,AGTAGG,CCTACT,i702,ACATCG,Ots Final,0,,21-12108_GT.0026_i702_E2_Ots Final,ACATCG,
21-12109,P133_2025-02,F2,i5_GTATCC,GTATCC,GGATAC,i702,ACATCG,Ots Final,0,,21-12109_GT.0026_i702_F2_Ots Final,ACATCG,
21-12110,P133_2025-02,G2,i5_ATCAAA,ATCAAA,TTTGAT,i702,ACATCG,Ots Final,0,,21-12110_GT.0026_i702_G2_Ots Final,ACATCG,
21-12111,P133_2025-02,H2,i5_GTGTAA,GTGTAA,TTACAC,i702,ACATCG,Ots Final,0,,21-12111_GT.0026_i702_H2_Ots Final,ACATCG,
21-12112,P133_2025-02,A3,i5_ATTCCG,ATTCCG,CGGAAT,i702,ACATCG,Ots Final,0,,21-12112_GT.0026_i702_A3_Ots Final,ACATCG,
21-12113,P133_2025-02,B3,i5_TAATTC,TAATTC,GAATTA,i702,ACATCG,Ots Final,0,,21-12113_GT.0026_i702_B3_Ots Final,ACATCG,
21-12114,P133_2025-02,C3,i5_CACCTC,CACCTC,GAGGTG,i702,ACATCG,Ots Final,0,,21-12114_GT.0026_i702_C3_Ots Final,ACATCG,
21-12115,P133_2025-02,D3,i5_TAGTAT,TAGTAT,ATACTA,i702,ACATCG,Ots Final,0,,21-12115_GT.0026_i702_D3_Ots Final,ACATCG,
21-12116,P133_2025-02,E3,i5_CCATTT,CCATTT,AAATGG,i702,ACATCG,Ots Final,0,,21-12116_GT.0026_i702_E3_Ots Final,ACATCG,
21-12117,P133_2025-02,F3,i5_TCCTGC,TCCTGC,GCAGGA,i702,ACATCG,Ots Final,0,,21-12117_GT.0026_i702_F3_Ots Final,ACATCG,
21-12118,P133_2025-02,G3,i5_CCGAGG,CCGAGG,CCTCGG,i702,ACATCG,Ots Final,0,,21-12118_GT.0026_i702_G3_Ots Final,ACATCG,
21-12119,P133_2025-02,H3,i5_TCGGAC,TCGGAC,GTCCGA,i702,ACATCG,Ots Final,0,,21-12119_GT.0026_i702_H3_Ots Final,ACATCG,
21-12120,P133_2025-02,A4,i5_CGAGGC,CGAGGC,GCCTCG,i702,ACATCG,Ots Final,0,,21-12120_GT.0026_i702_A4_Ots Final,ACATCG,
21-12121,P133_2025-02,B4,i5_TGAACC,TGAACC,GGTTCA,i702,ACATCG,Ots Final,0,,21-12121_GT.0026_i702_B4_Ots Final,ACATCG,
21-12122,P133_2025-02,C4,i5_CGGTCC,CGGTCC,GGACCG,i702,ACATCG,Ots Final,0,,21-12122_GT.0026_i702_C4_Ots Final,ACATCG,
21-12123,P133_2025-02,D4,i5_TGCTTA,TGCTTA,TAAGCA,i702,ACATCG,Ots Final,0,,21-12123_GT.0026_i702_D4_Ots Final,ACATCG,
21-12124,P133_2025-02,E4,i5_CTACAG,CTACAG,CTGTAG,i702,ACATCG,Ots Final,0,,21-12124_GT.0026_i702_E4_Ots Final,ACATCG,
21-12125,P133_2025-02,F4,i5_TTCCGT,TTCCGT,ACGGAA,i702,ACATCG,Ots Final,0,,21-12125_GT.0026_i702_F4_Ots Final,ACATCG,
21-12126,P133_2025-02,G4,i5_CTGGTT,CTGGTT,AACCAG,i702,ACATCG,Ots Final,0,,21-12126_GT.0026_i702_G4_Ots Final,ACATCG,
21-12127,P133_2025-02,H4,i5_TTTAAT,TTTAAT,ATTAAA,i702,ACATCG,Ots Final,0,,21-12127_GT.0026_i702_H4_Ots Final,ACATCG,
21-12128,P133_2025-02,A5,i5_GAAATG,GAAATG,CATTTC,i702,ACATCG,Ots Final,0,,21-12128_GT.0026_i702_A5_Ots Final,ACATCG,
21-12129,P133_2025-02,B5,i5_AACTGA,AACTGA,TCAGTT,i702,ACATCG,Ots Final,0,,21-12129_GT.0026_i702_B5_Ots Final,ACATCG,
21-12130,P133_2025-02,C5,i5_GACTCT,GACTCT,AGAGTC,i702,ACATCG,Ots Final,0,,21-12130_GT.0026_i702_C5_Ots Final,ACATCG,
21-12131,P133_2025-02,D5,i5_AATATC,AATATC,GATATT,i702,ACATCG,Ots Final,0,,21-12131_GT.0026_i702_D5_Ots Final,ACATCG,
21-12132,P133_2025-02,E5,i5_GCAGAT,GCAGAT,ATCTGC,i702,ACATCG,Ots Final,0,,21-12132_GT.0026_i702_E5_Ots Final,ACATCG,
21-12133,P133_2025-02,F5,i5_ACAGCG,ACAGCG,CGCTGT,i702,ACATCG,Ots Final,0,,21-12133_GT.0026_i702_F5_Ots Final,ACATCG,
21-12134,P133_2025-02,G5,i5_GCGACC,GCGACC,GGTCGC,i702,ACATCG,Ots Final,0,,21-12134_GT.0026_i702_G5_Ots Final,ACATCG,
21-12135,P133_2025-02,H5,i5_ACCCCC,ACCCCC,GGGGGT,i702,ACATCG,Ots Final,0,,21-12135_GT.0026_i702_H5_Ots Final,ACATCG,
21-12136,P133_2025-02,A6,i5_GGACTT,GGACTT,AAGTCC,i702,ACATCG,Ots Final,0,,21-12136_GT.0026_i702_A6_Ots Final,ACATCG,
21-12137,P133_2025-02,B6,i5_AGCCAT,AGCCAT,ATGGCT,i702,ACATCG,Ots Final,0,,21-12137_GT.0026_i702_B6_Ots Final,ACATCG,
21-12138,P133_2025-02,C6,i5_GGGGCG,GGGGCG,CGCCCC,i702,ACATCG,Ots Final,0,,21-12138_GT.0026_i702_C6_Ots Final,ACATCG,
21-12139,P133_2025-02,D6,i5_AGGTGT,AGGTGT,ACACCT,i702,ACATCG,Ots Final,0,,21-12139_GT.0026_i702_D6_Ots Final,ACATCG,
21-12140,P133_2025-02,E6,i5_GTAAGT,GTAAGT,ACTTAC,i702,ACATCG,Ots Final,0,,21-12140_GT.0026_i702_E6_Ots Final,ACATCG,
21-12141,P133_2025-02,F6,i5_ATAGTA,ATAGTA,TACTAT,i702,ACATCG,Ots Final,0,,21-12141_GT.0026_i702_F6_Ots Final,ACATCG,
21-12142,P133_2025-02,G6,i5_GTGCCT,GTGCCT,AGGCAC,i702,ACATCG,Ots Final,0,,21-12142_GT.0026_i702_G6_Ots Final,ACATCG,
21-12143,P133_2025-02,H6,i5_ATGTTG,ATGTTG,CAACAT,i702,ACATCG,Ots Final,0,,21-12143_GT.0026_i702_H6_Ots Final,ACATCG,
21-12144,P133_2025-02,A7,i5_TAAGCT,TAAGCT,AGCTTA,i702,ACATCG,Ots Final,0,,21-12144_GT.0026_i702_A7_Ots Final,ACATCG,
21-12145,P133_2025-02,B7,i5_CAATCG,CAATCG,CGATTG,i702,ACATCG,Ots Final,0,,21-12145_GT.0026_i702_B7_Ots Final,ACATCG,
21-12146,P133_2025-02,C7,i5_TACGGG,TACGGG,CCCGTA,i702,ACATCG,Ots Final,0,,21-12146_GT.0026_i702_C7_Ots Final,ACATCG,
21-12147,P133_2025-02,D7,i5_CATACT,CATACT,AGTATG,i702,ACATCG,Ots Final,0,,21-12147_GT.0026_i702_D7_Ots Final,ACATCG,
21-12148,P133_2025-02,E7,i5_TCAAAG,TCAAAG,CTTTGA,i702,ACATCG,Ots Final,0,,21-12148_GT.0026_i702_E7_Ots Final,ACATCG,
21-12149,P133_2025-02,F7,i5_CCCTAA,CCCTAA,TTAGGG,i702,ACATCG,Ots Final,0,,21-12149_GT.0026_i702_F7_Ots Final,ACATCG,
21-12150,P133_2025-02,G7,i5_TCGCCA,TCGCCA,TGGCGA,i702,ACATCG,Ots Final,0,,21-12150_GT.0026_i702_G7_Ots Final,ACATCG,
21-12151,P133_2025-02,H7,i5_CCTAAC,CCTAAC,GTTAGG,i702,ACATCG,Ots Final,0,,21-12151_GT.0026_i702_H7_Ots Final,ACATCG,
21-12152,P133_2025-02,A8,i5_TCTTCT,TCTTCT,AGAAGA,i702,ACATCG,Ots Final,0,,21-12152_GT.0026_i702_A8_Ots Final,ACATCG,
21-12153,P133_2025-02,B8,i5_CGCGTG,CGCGTG,CACGCG,i702,ACATCG,Ots Final,0,,21-12153_GT.0026_i702_B8_Ots Final,ACATCG,
21-12154,P133_2025-02,C8,i5_TGCCCG,TGCCCG,CGGGCA,i702,ACATCG,Ots Final,0,,21-12154_GT.0026_i702_C8_Ots Final,ACATCG,
21-12155,P133_2025-02,D8,i5_CGTGAT,CGTGAT,ATCACG,i702,ACATCG,Ots Final,0,,21-12155_GT.0026_i702_D8_Ots Final,ACATCG,
21-12156,P133_2025-02,E8,i5_TTATGA,TTATGA,TCATAA,i702,ACATCG,Ots Final,0,,21-12156_GT.0026_i702_E8_Ots Final,ACATCG,
21-12157,P133_2025-02,F8,i5_CTGCGA,CTGCGA,TCGCAG,i702,ACATCG,Ots Final,0,,21-12157_GT.0026_i702_F8_Ots Final,ACATCG,
21-12158,P133_2025-02,G8,i5_TTGAGC,TTGAGC,GCTCAA,i702,ACATCG,Ots Final,0,,21-12158_GT.0026_i702_G8_Ots Final,ACATCG,
21-12159,P133_2025-02,H8,i5_CTTTGC,CTTTGC,GCAAAG,i702,ACATCG,Ots Final,0,,21-12159_GT.0026_i702_H8_Ots Final,ACATCG,
21-12160,P133_2025-02,A9,i5_AACGTT,AACGTT,AACGTT,i702,ACATCG,Ots Final,0,,21-12160_GT.0026_i702_A9_Ots Final,ACATCG,
21-12161,P133_2025-02,B9,i5_GACGAC,GACGAC,GTCGTC,i702,ACATCG,Ots Final,0,,21-12161_GT.0026_i702_B9_Ots Final,ACATCG,
21-12162,P133_2025-02,C9,i5_AAGCTA,AAGCTA,TAGCTT,i702,ACATCG,Ots Final,0,,21-12162_GT.0026_i702_C9_Ots Final,ACATCG,
21-12163,P133_2025-02,D9,i5_AATCGT,AATCGT,ACGATT,i702,ACATCG,Ots Final,0,,21-12163_GT.0026_i702_D9_Ots Final,ACATCG,
21-12164,P133_2025-02,E9,i5_ACAAGA,ACAAGA,TCTTGT,i702,ACATCG,Ots Final,0,,21-12164_GT.0026_i702_E9_Ots Final,ACATCG,
21-12165,P133_2025-02,F9,i5_GCCGTA,GCCGTA,TACGGC,i702,ACATCG,Ots Final,0,,21-12165_GT.0026_i702_F9_Ots Final,ACATCG,
21-12166,P133_2025-02,G9,i5_ACCATG,ACCATG,CATGGT,i702,ACATCG,Ots Final,0,,21-12166_GT.0026_i702_G9_Ots Final,ACATCG,
21-12167,P133_2025-02,H9,i5_GCTCAA,GCTCAA,TTGAGC,i702,ACATCG,Ots Final,0,,21-12167_GT.0026_i702_H9_Ots Final,ACATCG,
21-12168,P133_2025-02,A10,i5_ACTGGC,ACTGGC,GCCAGT,i702,ACATCG,Ots Final,0,,21-12168_GT.0026_i702_A10_Ots Final,ACATCG,
21-12169,P133_2025-02,B10,i5_GGGCGC,GGGCGC,GCGCCC,i702,ACATCG,Ots Final,0,,21-12169_GT.0026_i702_B10_Ots Final,ACATCG,
21-12170,P133_2025-02,C10,i5_AGGGTC,AGGGTC,GACCCT,i702,ACATCG,Ots Final,0,,21-12170_GT.0026_i702_C10_Ots Final,ACATCG,
21-12171,P133_2025-02,D10,i5_GGTTTG,GGTTTG,CAAACC,i702,ACATCG,Ots Final,0,,21-12171_GT.0026_i702_D10_Ots Final,ACATCG,
21-12172,P133_2025-02,E10,i5_AGTTAA,AGTTAA,TTAACT,i702,ACATCG,Ots Final,0,,21-12172_GT.0026_i702_E10_Ots Final,ACATCG,
21-12173,P133_2025-02,F10,i5_GTCATC,GTCATC,GATGAC,i702,ACATCG,Ots Final,0,,21-12173_GT.0026_i702_F10_Ots Final,ACATCG,
21-12174,P133_2025-02,G10,i5_ATGCAC,ATGCAC,GTGCAT,i702,ACATCG,Ots Final,0,,21-12174_GT.0026_i702_G10_Ots Final,ACATCG,
21-12175,P133_2025-02,H10,i5_GTTGGA,GTTGGA,TCCAAC,i702,ACATCG,Ots Final,0,,21-12175_GT.0026_i702_H10_Ots Final,ACATCG,
21-12176,P133_2025-02,A11,i5_CAAAAA,CAAAAA,TTTTTG,i702,ACATCG,Ots Final,0,,21-12176_GT.0026_i702_A11_Ots Final,ACATCG,
21-12177,P133_2025-02,B11,i5_TACACA,TACACA,TGTGTA,i702,ACATCG,Ots Final,0,,21-12177_GT.0026_i702_B11_Ots Final,ACATCG,
21-12178,P133_2025-02,C11,i5_CAGGCA,CAGGCA,TGCCTG,i702,ACATCG,Ots Final,0,,21-12178_GT.0026_i702_C11_Ots Final,ACATCG,
21-12179,P133_2025-02,D11,i5_TATCAC,TATCAC,GTGATA,i702,ACATCG,Ots Final,0,,21-12179_GT.0026_i702_D11_Ots Final,ACATCG,
21-12180,P133_2025-02,E11,i5_CCCGGT,CCCGGT,ACCGGG,i702,ACATCG,Ots Final,0,,21-12180_GT.0026_i702_E11_Ots Final,ACATCG,
21-12181,P133_2025-02,F11,i5_TCGATT,TCGATT,AATCGA,i702,ACATCG,Ots Final,0,,21-12181_GT.0026_i702_F11_Ots Final,ACATCG,
21-12182,P133_2025-02,G11,i5_CCGCAT,CCGCAT,ATGCGG,i702,ACATCG,Ots Final,0,,21-12182_GT.0026_i702_G11_Ots Final,ACATCG,
21-12183,P133_2025-02,H11,i5_TCTCGG,TCTCGG,CCGAGA,i702,ACATCG,Ots Final,0,,21-12183_GT.0026_i702_H11_Ots Final,ACATCG,
21-12184,P133_2025-02,A12,i5_CGCAGA,CGCAGA,TCTGCG,i702,ACATCG,Ots Final,0,,21-12184_GT.0026_i702_A12_Ots Final,ACATCG,
21-12185,P133_2025-02,B12,i5_TGACAA,TGACAA,TTGTCA,i702,ACATCG,Ots Final,0,,21-12185_GT.0026_i702_B12_Ots Final,ACATCG,
21-12186,P133_2025-02,C12,i5_CGTCTA,CGTCTA,TAGACG,i702,ACATCG,Ots Final,0,,21-12186_GT.0026_i702_C12_Ots Final,ACATCG,
21-12187,P133_2025-02,D12,i5_TGGGGA,TGGGGA,TCCCCA,i702,ACATCG,Ots Final,0,,21-12187_GT.0026_i702_D12_Ots Final,ACATCG,
21-12188,P133_2025-02,E12,i5_CTCGCC,CTCGCC,GGCGAG,i702,ACATCG,Ots Final,0,,21-12188_GT.0026_i702_E12_Ots Final,ACATCG,
21-12189,P133_2025-02,F12,i5_TTCTAG,TTCTAG,CTAGAA,i702,ACATCG,Ots Final,0,,21-12189_GT.0026_i702_F12_Ots Final,ACATCG,
21-12190,P133_2025-02,G12,i5_CTTATG,CTTATG,CATAAG,i702,ACATCG,Ots Final,0,,21-12190_GT.0026_i702_G12_Ots Final,ACATCG,
Negative,P133_2025-02,H12,i5_TTTGTC,TTTGTC,GACAAA,i702,ACATCG,Ots Final,0,,Negative_GT.0026_i702_H12_Ots Final,ACATCG,
21-12191,P133_2025-03,A1,i5_AAACGG,AAACGG,CCGTTT,i703,GCCTAA,Ots Final,0,,21-12191_GT.0026_i703_A1_Ots Final,GCCTAA,
21-12192,P133_2025-03,B1,i5_GAACCA,GAACCA,TGGTTC,i703,GCCTAA,Ots Final,0,,21-12192_GT.0026_i703_B1_Ots Final,GCCTAA,
21-12193,P133_2025-03,C1,i5_AAGACG,AAGACG,CGTCTT,i703,GCCTAA,Ots Final,0,,21-12193_GT.0026_i703_C1_Ots Final,GCCTAA,
21-12194,P133_2025-03,D1,i5_GAGAGA,GAGAGA,TCTCTC,i703,GCCTAA,Ots Final,0,,21-12194_GT.0026_i703_D1_Ots Final,GCCTAA,
21-12195,P133_2025-03,E1,i5_AATGAG,AATGAG,CTCATT,i703,GCCTAA,Ots Final,0,,21-12195_GT.0026_i703_E1_Ots Final,GCCTAA,
21-12196,P133_2025-03,F1,i5_GCATGG,GCATGG,CCATGC,i703,GCCTAA,Ots Final,0,,21-12196_GT.0026_i703_F1_Ots Final,GCCTAA,
21-12197,P133_2025-03,G1,i5_ACATAC,ACATAC,GTATGT,i703,GCCTAA,Ots Final,0,,21-12197_GT.0026_i703_G1_Ots Final,GCCTAA,
21-12198,P133_2025-03,H1,i5_GCGCTG,GCGCTG,CAGCGC,i703,GCCTAA,Ots Final,0,,21-12198_GT.0026_i703_H1_Ots Final,GCCTAA,
21-12199,P133_2025-03,A2,i5_ACTCTT,ACTCTT,AAGAGT,i703,GCCTAA,Ots Final,0,,21-12199_GT.0026_i703_A2_Ots Final,GCCTAA,
21-12200,P133_2025-03,B2,i5_GGCAAG,GGCAAG,CTTGCC,i703,GCCTAA,Ots Final,0,,21-12200_GT.0026_i703_B2_Ots Final,GCCTAA,
21-12201,P133_2025-03,C2,i5_AGCGCA,AGCGCA,TGCGCT,i703,GCCTAA,Ots Final,0,,21-12201_GT.0026_i703_C2_Ots Final,GCCTAA,
21-12202,P133_2025-03,D2,i5_GGTACA,GGTACA,TGTACC,i703,GCCTAA,Ots Final,0,,21-12202_GT.0026_i703_D2_Ots Final,GCCTAA,
21-12203,P133_2025-03,E2,i5_AGTAGG,AGTAGG,CCTACT,i703,GCCTAA,Ots Final,0,,21-12203_GT.0026_i703_E2_Ots Final,GCCTAA,
21-12204,P133_2025-03,F2,i5_GTATCC,GTATCC,GGATAC,i703,GCCTAA,Ots Final,0,,21-12204_GT.0026_i703_F2_Ots Final,GCCTAA,
21-12205,P133_2025-03,G2,i5_ATCAAA,ATCAAA,TTTGAT,i703,GCCTAA,Ots Final,0,,21-12205_GT.0026_i703_G2_Ots Final,GCCTAA,
21-12206,P133_2025-03,H2,i5_GTGTAA,GTGTAA,TTACAC,i703,GCCTAA,Ots Final,0,,21-12206_GT.0026_i703_H2_Ots Final,GCCTAA,
21-12207,P133_2025-03,A3,i5_ATTCCG,ATTCCG,CGGAAT,i703,GCCTAA,Ots Final,0,,21-12207_GT.0026_i703_A3_Ots Final,GCCTAA,
21-12208,P133_2025-03,B3,i5_TAATTC,TAATTC,GAATTA,i703,GCCTAA,Ots Final,0,,21-12208_GT.0026_i703_B3_Ots Final,GCCTAA,
21-12209,P133_2025-03,C3,i5_CACCTC,CACCTC,GAGGTG,i703,GCCTAA,Ots Final,0,,21-12209_GT.0026_i703_C3_Ots Final,GCCTAA,
21-12210,P133_2025-03,D3,i5_TAGTAT,TAGTAT,ATACTA,i703,GCCTAA,Ots Final,0,,21-12210_GT.0026_i703_D3_Ots Final,GCCTAA,
21-12211,P133_2025-03,E3,i5_CCATTT,CCATTT,AAATGG,i703,GCCTAA,Ots Final,0,,21-12211_GT.0026_i703_E3_Ots Final,GCCTAA,
21-12212,P133_2025-03,F3,i5_TCCTGC,TCCTGC,GCAGGA,i703,GCCTAA,Ots Final,0,,21-12212_GT.0026_i703_F3_Ots Final,GCCTAA,
21-12213,P133_2025-03,G3,i5_CCGAGG,CCGAGG,CCTCGG,i703,GCCTAA,Ots Final,0,,21-12213_GT.0026_i703_G3_Ots Final,GCCTAA,
21-12214,P133_2025-03,H3,i5_TCGGAC,TCGGAC,GTCCGA,i703,GCCTAA,Ots Final,0,,21-12214_GT.0026_i703_H3_Ots Final,GCCTAA,
21-12215,P133_2025-03,A4,i5_CGAGGC,CGAGGC,GCCTCG,i703,GCCTAA,Ots Final,0,,21-12215_GT.0026_i703_A4_Ots Final,GCCTAA,
21-12216,P133_2025-03,B4,i5_TGAACC,TGAACC,GGTTCA,i703,GCCTAA,Ots Final,0,,21-12216_GT.0026_i703_B4_Ots Final,GCCTAA,
21-12217,P133_2025-03,C4,i5_CGGTCC,CGGTCC,GGACCG,i703,GCCTAA,Ots Final,0,,21-12217_GT.0026_i703_C4_Ots Final,GCCTAA,
21-12218,P133_2025-03,D4,i5_TGCTTA,TGCTTA,TAAGCA,i703,GCCTAA,Ots Final,0,,21-12218_GT.0026_i703_D4_Ots Final,GCCTAA,
21-12219,P133_2025-03,E4,i5_CTACAG,CTACAG,CTGTAG,i703,GCCTAA,Ots Final,0,,21-12219_GT.0026_i703_E4_Ots Final,GCCTAA,
21-12220,P133_2025-03,F4,i5_TTCCGT,TTCCGT,ACGGAA,i703,GCCTAA,Ots Final,0,,21-12220_GT.0026_i703_F4_Ots Final,GCCTAA,
21-12221,P133_2025-03,G4,i5_CTGGTT,CTGGTT,AACCAG,i703,GCCTAA,Ots Final,0,,21-12221_GT.0026_i703_G4_Ots Final,GCCTAA,
21-12222,P133_2025-03,H4,i5_TTTAAT,TTTAAT,ATTAAA,i703,GCCTAA,Ots Final,0,,21-12222_GT.0026_i703_H4_Ots Final,GCCTAA,
21-12223,P133_2025-03,A5,i5_GAAATG,GAAATG,CATTTC,i703,GCCTAA,Ots Final,0,,21-12223_GT.0026_i703_A5_Ots Final,GCCTAA,
21-12224,P133_2025-03,B5,i5_AACTGA,AACTGA,TCAGTT,i703,GCCTAA,Ots Final,0,,21-12224_GT.0026_i703_B5_Ots Final,GCCTAA,
21-12225,P133_2025-03,C5,i5_GACTCT,GACTCT,AGAGTC,i703,GCCTAA,Ots Final,0,,21-12225_GT.0026_i703_C5_Ots Final,GCCTAA,
21-12226,P133_2025-03,D5,i5_AATATC,AATATC,GATATT,i703,GCCTAA,Ots Final,0,,21-12226_GT.0026_i703_D5_Ots Final,GCCTAA,
21-12227,P133_2025-03,E5,i5_GCAGAT,GCAGAT,ATCTGC,i703,GCCTAA,Ots Final,0,,21-12227_GT.0026_i703_E5_Ots Final,GCCTAA,
21-12228,P133_2025-03,F5,i5_ACAGCG,ACAGCG,CGCTGT,i703,GCCTAA,Ots Final,0,,21-12228_GT.0026_i703_F5_Ots Final,GCCTAA,
21-12229,P133_2025-03,G5,i5_GCGACC,GCGACC,GGTCGC,i703,GCCTAA,Ots Final,0,,21-12229_GT.0026_i703_G5_Ots Final,GCCTAA,
21-12230,P133_2025-03,H5,i5_ACCCCC,ACCCCC,GGGGGT,i703,GCCTAA,Ots Final,0,,21-12230_GT.0026_i703_H5_Ots Final,GCCTAA,
21-12231,P133_2025-03,A6,i5_GGACTT,GGACTT,AAGTCC,i703,GCCTAA,Ots Final,0,,21-12231_GT.0026_i703_A6_Ots Final,GCCTAA,
21-12232,P133_2025-03,B6,i5_AGCCAT,AGCCAT,ATGGCT,i703,GCCTAA,Ots Final,0,,21-12232_GT.0026_i703_B6_Ots Final,GCCTAA,
21-12233,P133_2025-03,C6,i5_GGGGCG,GGGGCG,CGCCCC,i703,GCCTAA,Ots Final,0,,21-12233_GT.0026_i703_C6_Ots Final,GCCTAA,
21-12234,P133_2025-03,D6,i5_AGGTGT,AGGTGT,ACACCT,i703,GCCTAA,Ots Final,0,,21-12234_GT.0026_i703_D6_Ots Final,GCCTAA,
21-12235,P133_2025-03,E6,i5_GTAAGT,GTAAGT,ACTTAC,i703,GCCTAA,Ots Final,0,,21-12235_GT.0026_i703_E6_Ots Final,GCCTAA,
21-12236,P133_2025-03,F6,i5_ATAGTA,ATAGTA,TACTAT,i703,GCCTAA,Ots Final,0,,21-12236_GT.0026_i703_F6_Ots Final,GCCTAA,
21-12237,P133_2025-03,G6,i5_GTGCCT,GTGCCT,AGGCAC,i703,GCCTAA,Ots Final,0,,21-12237_GT.0026_i703_G6_Ots Final,GCCTAA,
21-12238,P133_2025-03,H6,i5_ATGTTG,ATGTTG,CAACAT,i703,GCCTAA,Ots Final,0,,21-12238_GT.0026_i703_H6_Ots Final,GCCTAA,
21-12239,P133_2025-03,A7,i5_TAAGCT,TAAGCT,AGCTTA,i703,GCCTAA,Ots Final,0,,21-12239_GT.0026_i703_A7_Ots Final,GCCTAA,
21-12240,P133_2025-03,B7,i5_CAATCG,CAATCG,CGATTG,i703,GCCTAA,Ots Final,0,,21-12240_GT.0026_i703_B7_Ots Final,GCCTAA,
21-12241,P133_2025-03,C7,i5_TACGGG,TACGGG,CCCGTA,i703,GCCTAA,Ots Final,0,,21-12241_GT.0026_i703_C7_Ots Final,GCCTAA,
21-12242,P133_2025-03,D7,i5_CATACT,CATACT,AGTATG,i703,GCCTAA,Ots Final,0,,21-12242_GT.0026_i703_D7_Ots Final,GCCTAA,
21-12243,P133_2025-03,E7,i5_TCAAAG,TCAAAG,CTTTGA,i703,GCCTAA,Ots Final,0,,21-12243_GT.0026_i703_E7_Ots Final,GCCTAA,
21-12244,P133_2025-03,F7,i5_CCCTAA,CCCTAA,TTAGGG,i703,GCCTAA,Ots Final,0,,21-12244_GT.0026_i703_F7_Ots Final,GCCTAA,
21-12245,P133_2025-03,G7,i5_TCGCCA,TCGCCA,TGGCGA,i703,GCCTAA,Ots Final,0,,21-12245_GT.0026_i703_G7_Ots Final,GCCTAA,
21-12246,P133_2025-03,H7,i5_CCTAAC,CCTAAC,GTTAGG,i703,GCCTAA,Ots Final,0,,21-12246_GT.0026_i703_H7_Ots Final,GCCTAA,
21-12247,P133_2025-03,A8,i5_TCTTCT,TCTTCT,AGAAGA,i703,GCCTAA,Ots Final,0,,21-12247_GT.0026_i703_A8_Ots Final,GCCTAA,
21-12248,P133_2025-03,B8,i5_CGCGTG,CGCGTG,CACGCG,i703,GCCTAA,Ots Final,0,,21-12248_GT.0026_i703_B8_Ots Final,GCCTAA,
21-12249,P133_2025-03,C8,i5_TGCCCG,TGCCCG,CGGGCA,i703,GCCTAA,Ots Final,0,,21-12249_GT.0026_i703_C8_Ots Final,GCCTAA,
21-12250,P133_2025-03,D8,i5_CGTGAT,CGTGAT,ATCACG,i703,GCCTAA,Ots Final,0,,21-12250_GT.0026_i703_D8_Ots Final,GCCTAA,
21-12251,P133_2025-03,E8,i5_TTATGA,TTATGA,TCATAA,i703,GCCTAA,Ots Final,0,,21-12251_GT.0026_i703_E8_Ots Final,GCCTAA,
21-12252,P133_2025-03,F8,i5_CTGCGA,CTGCGA,TCGCAG,i703,GCCTAA,Ots Final,0,,21-12252_GT.0026_i703_F8_Ots Final,GCCTAA,
21-12253,P133_2025-03,G8,i5_TTGAGC,TTGAGC,GCTCAA,i703,GCCTAA,Ots Final,0,,21-12253_GT.0026_i703_G8_Ots Final,GCCTAA,
21-12254,P133_2025-03,H8,i5_CTTTGC,CTTTGC,GCAAAG,i703,GCCTAA,Ots Final,0,,21-12254_GT.0026_i703_H8_Ots Final,GCCTAA,
21-12255,P133_2025-03,A9,i5_AACGTT,AACGTT,AACGTT,i703,GCCTAA,Ots Final,0,,21-12255_GT.0026_i703_A9_Ots Final,GCCTAA,
21-12256,P133_2025-03,B9,i5_GACGAC,GACGAC,GTCGTC,i703,GCCTAA,Ots Final,0,,21-12256_GT.0026_i703_B9_Ots Final,GCCTAA,
21-12257,P133_2025-03,C9,i5_AAGCTA,AAGCTA,TAGCTT,i703,GCCTAA,Ots Final,0,,21-12257_GT.0026_i703_C9_Ots Final,GCCTAA,
21-12258,P133_2025-03,D9,i5_AATCGT,AATCGT,ACGATT,i703,GCCTAA,Ots Final,0,,21-12258_GT.0026_i703_D9_Ots Final,GCCTAA,
21-12259,P133_2025-03,E9,i5_ACAAGA,ACAAGA,TCTTGT,i703,GCCTAA,Ots Final,0,,21-12259_GT.0026_i703_E9_Ots Final,GCCTAA,
21-12260,P133_2025-03,F9,i5_GCCGTA,GCCGTA,TACGGC,i703,GCCTAA,Ots Final,0,,21-12260_GT.0026_i703_F9_Ots Final,GCCTAA,
21-12261,P133_2025-03,G9,i5_ACCATG,ACCATG,CATGGT,i703,GCCTAA,Ots Final,0,,21-12261_GT.0026_i703_G9_Ots Final,GCCTAA,
21-12262,P133_2025-03,H9,i5_GCTCAA,GCTCAA,TTGAGC,i703,GCCTAA,Ots Final,0,,21-12262_GT.0026_i703_H9_Ots Final,GCCTAA,
21-12263,P133_2025-03,A10,i5_ACTGGC,ACTGGC,GCCAGT,i703,GCCTAA,Ots Final,0,,21-12263_GT.0026_i703_A10_Ots Final,GCCTAA,
21-12264,P133_2025-03,B10,i5_GGGCGC,GGGCGC,GCGCCC,i703,GCCTAA,Ots Final,0,,21-12264_GT.0026_i703_B10_Ots Final,GCCTAA,
21-12265,P133_2025-03,C10,i5_AGGGTC,AGGGTC,GACCCT,i703,GCCTAA,Ots Final,0,,21-12265_GT.0026_i703_C10_Ots Final,GCCTAA,
21-12266,P133_2025-03,D10,i5_GGTTTG,GGTTTG,CAAACC,i703,GCCTAA,Ots Final,0,,21-12266_GT.0026_i703_D10_Ots Final,GCCTAA,
21-12267,P133_2025-03,E10,i5_AGTTAA,AGTTAA,TTAACT,i703,GCCTAA,Ots Final,0,,21-12267_GT.0026_i703_E10_Ots Final,GCCTAA,
21-12268,P133_2025-03,F10,i5_GTCATC,GTCATC,GATGAC,i703,GCCTAA,Ots Final,0,,21-12268_GT.0026_i703_F10_Ots Final,GCCTAA,
21-12269,P133_2025-03,G10,i5_ATGCAC,ATGCAC,GTGCAT,i703,GCCTAA,Ots Final,0,,21-12269_GT.0026_i703_G10_Ots Final,GCCTAA,
21-12270,P133_2025-03,H10,i5_GTTGGA,GTTGGA,TCCAAC,i703,GCCTAA,Ots Final,0,,21-12270_GT.0026_i703_H10_Ots Final,GCCTAA,
21-12271,P133_2025-03,A11,i5_CAAAAA,CAAAAA,TTTTTG,i703,GCCTAA,Ots Final,0,,21-12271_GT.0026_i703_A11_Ots Final,GCCTAA,
21-12272,P133_2025-03,B11,i5_TACACA,TACACA,TGTGTA,i703,GCCTAA,Ots Final,0,,21-12272_GT.0026_i703_B11_Ots Final,GCCTAA,
21-12273,P133_2025-03,C11,i5_CAGGCA,CAGGCA,TGCCTG,i703,GCCTAA,Ots Final,0,,21-12273_GT.0026_i703_C11_Ots Final,GCCTAA,
21-12274,P133_2025-03,D11,i5_TATCAC,TATCAC,GTGATA,i703,GCCTAA,Ots Final,0,,21-12274_GT.0026_i703_D11_Ots Final,GCCTAA,
21-12275,P133_2025-03,E11,i5_CCCGGT,CCCGGT,ACCGGG,i703,GCCTAA,Ots Final,0,,21-12275_GT.0026_i703_E11_Ots Final,GCCTAA,
21-12276,P133_2025-03,F11,i5_TCGATT,TCGATT,AATCGA,i703,GCCTAA,Ots Final,0,,21-12276_GT.0026_i703_F11_Ots Final,GCCTAA,
21-12277,P133_2025-03,G11,i5_CCGCAT,CCGCAT,ATGCGG,i703,GCCTAA,Ots Final,0,,21-12277_GT.0026_i703_G11_Ots Final,GCCTAA,
21-12278,P133_2025-03,H11,i5_TCTCGG,TCTCGG,CCGAGA,i703,GCCTAA,Ots Final,0,,21-12278_GT.0026_i703_H11_Ots Final,GCCTAA,
21-12279,P133_2025-03,A12,i5_CGCAGA,CGCAGA,TCTGCG,i703,GCCTAA,Ots Final,0,,21-12279_GT.0026_i703_A12_Ots Final,GCCTAA,
21-12280,P133_2025-03,B12,i5_TGACAA,TGACAA,TTGTCA,i703,GCCTAA,Ots Final,0,,21-12280_GT.0026_i703_B12_Ots Final,GCCTAA,
21-12281,P133_2025-03,C12,i5_CGTCTA,CGTCTA,TAGACG,i703,GCCTAA,Ots Final,0,,21-12281_GT.0026_i703_C12_Ots Final,GCCTAA,
21-12282,P133_2025-03,D12,i5_TGGGGA,TGGGGA,TCCCCA,i703,GCCTAA,Ots Final,0,,21-12282_GT.0026_i703_D12_Ots Final,GCCTAA,
21-12283,P133_2025-03,E12,i5_CTCGCC,CTCGCC,GGCGAG,i703,GCCTAA,Ots Final,0,,21-12283_GT.0026_i703_E12_Ots Final,GCCTAA,
21-12284,P133_2025-03,F12,i5_TTCTAG,TTCTAG,CTAGAA,i703,GCCTAA,Ots Final,0,,21-12284_GT.0026_i703_F12_Ots Final,GCCTAA,
21-12285,P133_2025-03,G12,i5_CTTATG,CTTATG,CATAAG,i703,GCCTAA,Ots Final,0,,21-12285_GT.0026_i703_G12_Ots Final,GCCTAA,
Negative,P133_2025-03,H12,i5_TTTGTC,TTTGTC,GACAAA,i703,GCCTAA,Ots Final,0,,Negative_GT.0026_i703_H12_Ots Final,GCCTAA,
21-12286,P133_2025-04,A1,i5_AAACGG,AAACGG,CCGTTT,i704,TGGTCA,Ots Final,0,,21-12286_GT.0026_i704_A1_Ots Final,TGGTCA,
21-12287,P133_2025-04,B1,i5_GAACCA,GAACCA,TGGTTC,i704,TGGTCA,Ots Final,0,,21-12287_GT.0026_i704_B1_Ots Final,TGGTCA,
21-12288,P133_2025-04,C1,i5_AAGACG,AAGACG,CGTCTT,i704,TGGTCA,Ots Final,0,,21-12288_GT.0026_i704_C1_Ots Final,TGGTCA,
21-12289,P133_2025-04,D1,i5_GAGAGA,GAGAGA,TCTCTC,i704,TGGTCA,Ots Final,0,,21-12289_GT.0026_i704_D1_Ots Final,TGGTCA,
21-12290,P133_2025-04,E1,i5_AATGAG,AATGAG,CTCATT,i704,TGGTCA,Ots Final,0,,21-12290_GT.0026_i704_E1_Ots Final,TGGTCA,
21-12291,P133_2025-04,F1,i5_GCATGG,GCATGG,CCATGC,i704,TGGTCA,Ots Final,0,,21-12291_GT.0026_i704_F1_Ots Final,TGGTCA,
21-12292,P133_2025-04,G1,i5_ACATAC,ACATAC,GTATGT,i704,TGGTCA,Ots Final,0,,21-12292_GT.0026_i704_G1_Ots Final,TGGTCA,
21-12293,P133_2025-04,H1,i5_GCGCTG,GCGCTG,CAGCGC,i704,TGGTCA,Ots Final,0,,21-12293_GT.0026_i704_H1_Ots Final,TGGTCA,
21-12294,P133_2025-04,A2,i5_ACTCTT,ACTCTT,AAGAGT,i704,TGGTCA,Ots Final,0,,21-12294_GT.0026_i704_A2_Ots Final,TGGTCA,
21-12337,P133_2025-04,B2,i5_GGCAAG,GGCAAG,CTTGCC,i704,TGGTCA,Ots Final,0,,21-12337_GT.0026_i704_B2_Ots Final,TGGTCA,
21-12338,P133_2025-04,C2,i5_AGCGCA,AGCGCA,TGCGCT,i704,TGGTCA,Ots Final,0,,21-12338_GT.0026_i704_C2_Ots Final,TGGTCA,
21-12339,P133_2025-04,D2,i5_GGTACA,GGTACA,TGTACC,i704,TGGTCA,Ots Final,0,,21-12339_GT.0026_i704_D2_Ots Final,TGGTCA,
21-12340,P133_2025-04,E2,i5_AGTAGG,AGTAGG,CCTACT,i704,TGGTCA,Ots Final,0,,21-12340_GT.0026_i704_E2_Ots Final,TGGTCA,
21-12341,P133_2025-04,F2,i5_GTATCC,GTATCC,GGATAC,i704,TGGTCA,Ots Final,0,,21-12341_GT.0026_i704_F2_Ots Final,TGGTCA,
21-12342,P133_2025-04,G2,i5_ATCAAA,ATCAAA,TTTGAT,i704,TGGTCA,Ots Final,0,,21-12342_GT.0026_i704_G2_Ots Final,TGGTCA,
21-12343,P133_2025-04,H2,i5_GTGTAA,GTGTAA,TTACAC,i704,TGGTCA,Ots Final,0,,21-12343_GT.0026_i704_H2_Ots Final,TGGTCA,
21-12344,P133_2025-04,A3,i5_ATTCCG,ATTCCG,CGGAAT,i704,TGGTCA,Ots Final,0,,21-12344_GT.0026_i704_A3_Ots Final,TGGTCA,
21-12345,P133_2025-04,B3,i5_TAATTC,TAATTC,GAATTA,i704,TGGTCA,Ots Final,0,,21-12345_GT.0026_i704_B3_Ots Final,TGGTCA,
21-12346,P133_2025-04,C3,i5_CACCTC,CACCTC,GAGGTG,i704,TGGTCA,Ots Final,0,,21-12346_GT.0026_i704_C3_Ots Final,TGGTCA,
21-12347,P133_2025-04,D3,i5_TAGTAT,TAGTAT,ATACTA,i704,TGGTCA,Ots Final,0,,21-12347_GT.0026_i704_D3_Ots Final,TGGTCA,
21-12348,P133_2025-04,E3,i5_CCATTT,CCATTT,AAATGG,i704,TGGTCA,Ots Final,0,,21-12348_GT.0026_i704_E3_Ots Final,TGGTCA,
21-12349,P133_2025-04,F3,i5_TCCTGC,TCCTGC,GCAGGA,i704,TGGTCA,Ots Final,0,,21-12349_GT.0026_i704_F3_Ots Final,TGGTCA,
21-12350,P133_2025-04,G3,i5_CCGAGG,CCGAGG,CCTCGG,i704,TGGTCA,Ots Final,0,,21-12350_GT.0026_i704_G3_Ots Final,TGGTCA,
21-12351,P133_2025-04,H3,i5_TCGGAC,TCGGAC,GTCCGA,i704,TGGTCA,Ots Final,0,,21-12351_GT.0026_i704_H3_Ots Final,TGGTCA,
21-12352,P133_2025-04,A4,i5_CGAGGC,CGAGGC,GCCTCG,i704,TGGTCA,Ots Final,0,,21-12352_GT.0026_i704_A4_Ots Final,TGGTCA,
21-12353,P133_2025-04,B4,i5_TGAACC,TGAACC,GGTTCA,i704,TGGTCA,Ots Final,0,,21-12353_GT.0026_i704_B4_Ots Final,TGGTCA,
21-12354,P133_2025-04,C4,i5_CGGTCC,CGGTCC,GGACCG,i704,TGGTCA,Ots Final,0,,21-12354_GT.0026_i704_C4_Ots Final,TGGTCA,
21-12355,P133_2025-04,D4,i5_TGCTTA,TGCTTA,TAAGCA,i704,TGGTCA,Ots Final,0,,21-12355_GT.0026_i704_D4_Ots Final,TGGTCA,
21-12356,P133_2025-04,E4,i5_CTACAG,CTACAG,CTGTAG,i704,TGGTCA,Ots Final,0,,21-12356_GT.0026_i704_E4_Ots Final,TGGTCA,
21-12357,P133_2025-04,F4,i5_TTCCGT,TTCCGT,ACGGAA,i704,TGGTCA,Ots Final,0,,21-12357_GT.0026_i704_F4_Ots Final,TGGTCA,
21-12358,P133_2025-04,G4,i5_CTGGTT,CTGGTT,AACCAG,i704,TGGTCA,Ots Final,0,,21-12358_GT.0026_i704_G4_Ots Final,TGGTCA,
21-12359,P133_2025-04,H4,i5_TTTAAT,TTTAAT,ATTAAA,i704,TGGTCA,Ots Final,0,,21-12359_GT.0026_i704_H4_Ots Final,TGGTCA,
21-12360,P133_2025-04,A5,i5_GAAATG,GAAATG,CATTTC,i704,TGGTCA,Ots Final,0,,21-12360_GT.0026_i704_A5_Ots Final,TGGTCA,
21-12361,P133_2025-04,B5,i5_AACTGA,AACTGA,TCAGTT,i704,TGGTCA,Ots Final,0,,21-12361_GT.0026_i704_B5_Ots Final,TGGTCA,
21-12362,P133_2025-04,C5,i5_GACTCT,GACTCT,AGAGTC,i704,TGGTCA,Ots Final,0,,21-12362_GT.0026_i704_C5_Ots Final,TGGTCA,
21-12363,P133_2025-04,D5,i5_AATATC,AATATC,GATATT,i704,TGGTCA,Ots Final,0,,21-12363_GT.0026_i704_D5_Ots Final,TGGTCA,
21-12364,P133_2025-04,E5,i5_GCAGAT,GCAGAT,ATCTGC,i704,TGGTCA,Ots Final,0,,21-12364_GT.0026_i704_E5_Ots Final,TGGTCA,
21-12365,P133_2025-04,F5,i5_ACAGCG,ACAGCG,CGCTGT,i704,TGGTCA,Ots Final,0,,21-12365_GT.0026_i704_F5_Ots Final,TGGTCA,
21-12366,P133_2025-04,G5,i5_GCGACC,GCGACC,GGTCGC,i704,TGGTCA,Ots Final,0,,21-12366_GT.0026_i704_G5_Ots Final,TGGTCA,
21-12367,P133_2025-04,H5,i5_ACCCCC,ACCCCC,GGGGGT,i704,TGGTCA,Ots Final,0,,21-12367_GT.0026_i704_H5_Ots Final,TGGTCA,
21-12368,P133_2025-04,A6,i5_GGACTT,GGACTT,AAGTCC,i704,TGGTCA,Ots Final,0,,21-12368_GT.0026_i704_A6_Ots Final,TGGTCA,
21-12369,P133_2025-04,B6,i5_AGCCAT,AGCCAT,ATGGCT,i704,TGGTCA,Ots Final,0,,21-12369_GT.0026_i704_B6_Ots Final,TGGTCA,
21-12370,P133_2025-04,C6,i5_GGGGCG,GGGGCG,CGCCCC,i704,TGGTCA,Ots Final,0,,21-12370_GT.0026_i704_C6_Ots Final,TGGTCA,
21-12371,P133_2025-04,D6,i5_AGGTGT,AGGTGT,ACACCT,i704,TGGTCA,Ots Final,0,,21-12371_GT.0026_i704_D6_Ots Final,TGGTCA,
21-12372,P133_2025-04,E6,i5_GTAAGT,GTAAGT,ACTTAC,i704,TGGTCA,Ots Final,0,,21-12372_GT.0026_i704_E6_Ots Final,TGGTCA,
21-12373,P133_2025-04,F6,i5_ATAGTA,ATAGTA,TACTAT,i704,TGGTCA,Ots Final,0,,21-12373_GT.0026_i704_F6_Ots Final,TGGTCA,
21-12374,P133_2025-04,G6,i5_GTGCCT,GTGCCT,AGGCAC,i704,TGGTCA,Ots Final,0,,21-12374_GT.0026_i704_G6_Ots Final,TGGTCA,
21-12375,P133_2025-04,H6,i5_ATGTTG,ATGTTG,CAACAT,i704,TGGTCA,Ots Final,0,,21-12375_GT.0026_i704_H6_Ots Final,TGGTCA,
21-12376,P133_2025-04,A7,i5_TAAGCT,TAAGCT,AGCTTA,i704,TGGTCA,Ots Final,0,,21-12376_GT.0026_i704_A7_Ots Final,TGGTCA,
21-12377,P133_2025-04,B7,i5_CAATCG,CAATCG,CGATTG,i704,TGGTCA,Ots Final,0,,21-12377_GT.0026_i704_B7_Ots Final,TGGTCA,
21-12378,P133_2025-04,C7,i5_TACGGG,TACGGG,CCCGTA,i704,TGGTCA,Ots Final,0,,21-12378_GT.0026_i704_C7_Ots Final,TGGTCA,
21-12379,P133_2025-04,D7,i5_CATACT,CATACT,AGTATG,i704,TGGTCA,Ots Final,0,,21-12379_GT.0026_i704_D7_Ots Final,TGGTCA,
21-12380,P133_2025-04,E7,i5_TCAAAG,TCAAAG,CTTTGA,i704,TGGTCA,Ots Final,0,,21-12380_GT.0026_i704_E7_Ots Final,TGGTCA,
21-12381,P133_2025-04,F7,i5_CCCTAA,CCCTAA,TTAGGG,i704,TGGTCA,Ots Final,0,,21-12381_GT.0026_i704_F7_Ots Final,TGGTCA,
21-12382,P133_2025-04,G7,i5_TCGCCA,TCGCCA,TGGCGA,i704,TGGTCA,Ots Final,0,,21-12382_GT.0026_i704_G7_Ots Final,TGGTCA,
21-12383,P133_2025-04,H7,i5_CCTAAC,CCTAAC,GTTAGG,i704,TGGTCA,Ots Final,0,,21-12383_GT.0026_i704_H7_Ots Final,TGGTCA,
21-12384,P133_2025-04,A8,i5_TCTTCT,TCTTCT,AGAAGA,i704,TGGTCA,Ots Final,0,,21-12384_GT.0026_i704_A8_Ots Final,TGGTCA,
21-12385,P133_2025-04,B8,i5_CGCGTG,CGCGTG,CACGCG,i704,TGGTCA,Ots Final,0,,21-12385_GT.0026_i704_B8_Ots Final,TGGTCA,
21-12386,P133_2025-04,C8,i5_TGCCCG,TGCCCG,CGGGCA,i704,TGGTCA,Ots Final,0,,21-12386_GT.0026_i704_C8_Ots Final,TGGTCA,
21-12387,P133_2025-04,D8,i5_CGTGAT,CGTGAT,ATCACG,i704,TGGTCA,Ots Final,0,,21-12387_GT.0026_i704_D8_Ots Final,TGGTCA,
21-12388,P133_2025-04,E8,i5_TTATGA,TTATGA,TCATAA,i704,TGGTCA,Ots Final,0,,21-12388_GT.0026_i704_E8_Ots Final,TGGTCA,
21-12389,P133_2025-04,F8,i5_CTGCGA,CTGCGA,TCGCAG,i704,TGGTCA,Ots Final,0,,21-12389_GT.0026_i704_F8_Ots Final,TGGTCA,
21-12390,P133_2025-04,G8,i5_TTGAGC,TTGAGC,GCTCAA,i704,TGGTCA,Ots Final,0,,21-12390_GT.0026_i704_G8_Ots Final,TGGTCA,
21-12391,P133_2025-04,H8,i5_CTTTGC,CTTTGC,GCAAAG,i704,TGGTCA,Ots Final,0,,21-12391_GT.0026_i704_H8_Ots Final,TGGTCA,
21-12392,P133_2025-04,A9,i5_AACGTT,AACGTT,AACGTT,i704,TGGTCA,Ots Final,0,,21-12392_GT.0026_i704_A9_Ots Final,TGGTCA,
21-12393,P133_2025-04,B9,i5_GACGAC,GACGAC,GTCGTC,i704,TGGTCA,Ots Final,0,,21-12393_GT.0026_i704_B9_Ots Final,TGGTCA,
21-12394,P133_2025-04,C9,i5_AAGCTA,AAGCTA,TAGCTT,i704,TGGTCA,Ots Final,0,,21-12394_GT.0026_i704_C9_Ots Final,TGGTCA,
21-12395,P133_2025-04,D9,i5_AATCGT,AATCGT,ACGATT,i704,TGGTCA,Ots Final,0,,21-12395_GT.0026_i704_D9_Ots Final,TGGTCA,
21-12396,P133_2025-04,E9,i5_ACAAGA,ACAAGA,TCTTGT,i704,TGGTCA,Ots Final,0,,21-12396_GT.0026_i704_E9_Ots Final,TGGTCA,
21-12397,P133_2025-04,F9,i5_GCCGTA,GCCGTA,TACGGC,i704,TGGTCA,Ots Final,0,,21-12397_GT.0026_i704_F9_Ots Final,TGGTCA,
21-12398,P133_2025-04,G9,i5_ACCATG,ACCATG,CATGGT,i704,TGGTCA,Ots Final,0,,21-12398_GT.0026_i704_G9_Ots Final,TGGTCA,
21-12399,P133_2025-04,H9,i5_GCTCAA,GCTCAA,TTGAGC,i704,TGGTCA,Ots Final,0,,21-12399_GT.0026_i704_H9_Ots Final,TGGTCA,
21-12400,P133_2025-04,A10,i5_ACTGGC,ACTGGC,GCCAGT,i704,TGGTCA,Ots Final,0,,21-12400_GT.0026_i704_A10_Ots Final,TGGTCA,
21-12401,P133_2025-04,B10,i5_GGGCGC,GGGCGC,GCGCCC,i704,TGGTCA,Ots Final,0,,21-12401_GT.0026_i704_B10_Ots Final,TGGTCA,
21-12402,P133_2025-04,C10,i5_AGGGTC,AGGGTC,GACCCT,i704,TGGTCA,Ots Final,0,,21-12402_GT.0026_i704_C10_Ots Final,TGGTCA,
21-12403,P133_2025-04,D10,i5_GGTTTG,GGTTTG,CAAACC,i704,TGGTCA,Ots Final,0,,21-12403_GT.0026_i704_D10_Ots Final,TGGTCA,
21-12404,P133_2025-04,E10,i5_AGTTAA,AGTTAA,TTAACT,i704,TGGTCA,Ots Final,0,,21-12404_GT.0026_i704_E10_Ots Final,TGGTCA,
21-12405,P133_2025-04,F10,i5_GTCATC,GTCATC,GATGAC,i704,TGGTCA,Ots Final,0,,21-12405_GT.0026_i704_F10_Ots Final,TGGTCA,
21-12406,P133_2025-04,G10,i5_ATGCAC,ATGCAC,GTGCAT,i704,TGGTCA,Ots Final,0,,21-12406_GT.0026_i704_G10_Ots Final,TGGTCA,
21-12407,P133_2025-04,H10,i5_GTTGGA,GTTGGA,TCCAAC,i704,TGGTCA,Ots Final,0,,21-12407_GT.0026_i704_H10_Ots Final,TGGTCA,
21-12408,P133_2025-04,A11,i5_CAAAAA,CAAAAA,TTTTTG,i704,TGGTCA,Ots Final,0,,21-12408_GT.0026_i704_A11_Ots Final,TGGTCA,
21-12409,P133_2025-04,B11,i5_TACACA,TACACA,TGTGTA,i704,TGGTCA,Ots Final,0,,21-12409_GT.0026_i704_B11_Ots Final,TGGTCA,
21-12410,P133_2025-04,C11,i5_CAGGCA,CAGGCA,TGCCTG,i704,TGGTCA,Ots Final,0,,21-12410_GT.0026_i704_C11_Ots Final,TGGTCA,
21-12411,P133_2025-04,D11,i5_TATCAC,TATCAC,GTGATA,i704,TGGTCA,Ots Final,0,,21-12411_GT.0026_i704_D11_Ots Final,TGGTCA,
21-12412,P133_2025-04,E11,i5_CCCGGT,CCCGGT,ACCGGG,i704,TGGTCA,Ots Final,0,,21-12412_GT.0026_i704_E11_Ots Final,TGGTCA,
21-12413,P133_2025-04,F11,i5_TCGATT,TCGATT,AATCGA,i704,TGGTCA,Ots Final,0,,21-12413_GT.0026_i704_F11_Ots Final,TGGTCA,
21-12414,P133_2025-04,G11,i5_CCGCAT,CCGCAT,ATGCGG,i704,TGGTCA,Ots Final,0,,21-12414_GT.0026_i704_G11_Ots Final,TGGTCA,
21-12415,P133_2025-04,H11,i5_TCTCGG,TCTCGG,CCGAGA,i704,TGGTCA,Ots Final,0,,21-12415_GT.0026_i704_H11_Ots Final,TGGTCA,
21-12416,P133_2025-04,A12,i5_CGCAGA,CGCAGA,TCTGCG,i704,TGGTCA,Ots Final,0,,21-12416_GT.0026_i704_A12_Ots Final,TGGTCA,
21-12417,P133_2025-04,B12,i5_TGACAA,TGACAA,TTGTCA,i704,TGGTCA,Ots Final,0,,21-12417_GT.0026_i704_B12_Ots Final,TGGTCA,
21-12418,P133_2025-04,C12,i5_CGTCTA,CGTCTA,TAGACG,i704,TGGTCA,Ots Final,0,,21-12418_GT.0026_i704_C12_Ots Final,TGGTCA,
21-12419,P133_2025-04,D12,i5_TGGGGA,TGGGGA,TCCCCA,i704,TGGTCA,Ots Final,0,,21-12419_GT.0026_i704_D12_Ots Final,TGGTCA,
21-12420,P133_2025-04,E12,i5_CTCGCC,CTCGCC,GGCGAG,i704,TGGTCA,Ots Final,0,,21-12420_GT.0026_i704_E12_Ots Final,TGGTCA,
21-12421,P133_2025-04,F12,i5_TTCTAG,TTCTAG,CTAGAA,i704,TGGTCA,Ots Final,0,,21-12421_GT.0026_i704_F12_Ots Final,TGGTCA,
21-12422,P133_2025-04,G12,i5_CTTATG,CTTATG,CATAAG,i704,TGGTCA,Ots Final,0,,21-12422_GT.0026_i704_G12_Ots Final,TGGTCA,
Negative,P133_2025-04,H12,i5_TTTGTC,TTTGTC,GACAAA,i704,TGGTCA,Ots Final,0,,Negative_GT.0026_i704_H12_Ots Final,TGGTCA,
21-12423,P133_2025-05,A1,i5_AAACGG,AAACGG,CCGTTT,i705,CACTGT,Ots Final,0,,21-12423_GT.0026_i705_A1_Ots Final,CACTGT,
21-12424,P133_2025-05,B1,i5_GAACCA,GAACCA,TGGTTC,i705,CACTGT,Ots Final,0,,21-12424_GT.0026_i705_B1_Ots Final,CACTGT,
21-12425,P133_2025-05,C1,i5_AAGACG,AAGACG,CGTCTT,i705,CACTGT,Ots Final,0,,21-12425_GT.0026_i705_C1_Ots Final,CACTGT,
21-12426,P133_2025-05,D1,i5_GAGAGA,GAGAGA,TCTCTC,i705,CACTGT,Ots Final,0,,21-12426_GT.0026_i705_D1_Ots Final,CACTGT,
21-12427,P133_2025-05,E1,i5_AATGAG,AATGAG,CTCATT,i705,CACTGT,Ots Final,0,,21-12427_GT.0026_i705_E1_Ots Final,CACTGT,
21-12428,P133_2025-05,F1,i5_GCATGG,GCATGG,CCATGC,i705,CACTGT,Ots Final,0,,21-12428_GT.0026_i705_F1_Ots Final,CACTGT,
21-12429,P133_2025-05,G1,i5_ACATAC,ACATAC,GTATGT,i705,CACTGT,Ots Final,0,,21-12429_GT.0026_i705_G1_Ots Final,CACTGT,
21-12430,P133_2025-05,H1,i5_GCGCTG,GCGCTG,CAGCGC,i705,CACTGT,Ots Final,0,,21-12430_GT.0026_i705_H1_Ots Final,CACTGT,
21-12431,P133_2025-05,A2,i5_ACTCTT,ACTCTT,AAGAGT,i705,CACTGT,Ots Final,0,,21-12431_GT.0026_i705_A2_Ots Final,CACTGT,
21-12432,P133_2025-05,B2,i5_GGCAAG,GGCAAG,CTTGCC,i705,CACTGT,Ots Final,0,,21-12432_GT.0026_i705_B2_Ots Final,CACTGT,
21-12433,P133_2025-05,C2,i5_AGCGCA,AGCGCA,TGCGCT,i705,CACTGT,Ots Final,0,,21-12433_GT.0026_i705_C2_Ots Final,CACTGT,
21-12434,P133_2025-05,D2,i5_GGTACA,GGTACA,TGTACC,i705,CACTGT,Ots Final,0,,21-12434_GT.0026_i705_D2_Ots Final,CACTGT,
21-12435,P133_2025-05,E2,i5_AGTAGG,AGTAGG,CCTACT,i705,CACTGT,Ots Final,0,,21-12435_GT.0026_i705_E2_Ots Final,CACTGT,
21-12436,P133_2025-05,F2,i5_GTATCC,GTATCC,GGATAC,i705,CACTGT,Ots Final,0,,21-12436_GT.0026_i705_F2_Ots Final,CACTGT,
21-12437,P133_2025-05,G2,i5_ATCAAA,ATCAAA,TTTGAT,i705,CACTGT,Ots Final,0,,21-12437_GT.0026_i705_G2_Ots Final,CACTGT,
21-12438,P133_2025-05,H2,i5_GTGTAA,GTGTAA,TTACAC,i705,CACTGT,Ots Final,0,,21-12438_GT.0026_i705_H2_Ots Final,CACTGT,
21-12439,P133_2025-05,A3,i5_ATTCCG,ATTCCG,CGGAAT,i705,CACTGT,Ots Final,0,,21-12439_GT.0026_i705_A3_Ots Final,CACTGT,
21-12440,P133_2025-05,B3,i5_TAATTC,TAATTC,GAATTA,i705,CACTGT,Ots Final,0,,21-12440_GT.0026_i705_B3_Ots Final,CACTGT,
21-12441,P133_2025-05,C3,i5_CACCTC,CACCTC,GAGGTG,i705,CACTGT,Ots Final,0,,21-12441_GT.0026_i705_C3_Ots Final,CACTGT,
21-12442,P133_2025-05,D3,i5_TAGTAT,TAGTAT,ATACTA,i705,CACTGT,Ots Final,0,,21-12442_GT.0026_i705_D3_Ots Final,CACTGT,
21-12443,P133_2025-05,E3,i5_CCATTT,CCATTT,AAATGG,i705,CACTGT,Ots Final,0,,21-12443_GT.0026_i705_E3_Ots Final,CACTGT,
21-12444,P133_2025-05,F3,i5_TCCTGC,TCCTGC,GCAGGA,i705,CACTGT,Ots Final,0,,21-12444_GT.0026_i705_F3_Ots Final,CACTGT,
21-12445,P133_2025-05,G3,i5_CCGAGG,CCGAGG,CCTCGG,i705,CACTGT,Ots Final,0,,21-12445_GT.0026_i705_G3_Ots Final,CACTGT,
21-12446,P133_2025-05,H3,i5_TCGGAC,TCGGAC,GTCCGA,i705,CACTGT,Ots Final,0,,21-12446_GT.0026_i705_H3_Ots Final,CACTGT,
21-12447,P133_2025-05,A4,i5_CGAGGC,CGAGGC,GCCTCG,i705,CACTGT,Ots Final,0,,21-12447_GT.0026_i705_A4_Ots Final,CACTGT,
21-12448,P133_2025-05,B4,i5_TGAACC,TGAACC,GGTTCA,i705,CACTGT,Ots Final,0,,21-12448_GT.0026_i705_B4_Ots Final,CACTGT,
21-12449,P133_2025-05,C4,i5_CGGTCC,CGGTCC,GGACCG,i705,CACTGT,Ots Final,0,,21-12449_GT.0026_i705_C4_Ots Final,CACTGT,
21-12450,P133_2025-05,D4,i5_TGCTTA,TGCTTA,TAAGCA,i705,CACTGT,Ots Final,0,,21-12450_GT.0026_i705_D4_Ots Final,CACTGT,
21-12451,P133_2025-05,E4,i5_CTACAG,CTACAG,CTGTAG,i705,CACTGT,Ots Final,0,,21-12451_GT.0026_i705_E4_Ots Final,CACTGT,
21-12452,P133_2025-05,F4,i5_TTCCGT,TTCCGT,ACGGAA,i705,CACTGT,Ots Final,0,,21-12452_GT.0026_i705_F4_Ots Final,CACTGT,
21-12453,P133_2025-05,G4,i5_CTGGTT,CTGGTT,AACCAG,i705,CACTGT,Ots Final,0,,21-12453_GT.0026_i705_G4_Ots Final,CACTGT,
21-12454,P133_2025-05,H4,i5_TTTAAT,TTTAAT,ATTAAA,i705,CACTGT,Ots Final,0,,21-12454_GT.0026_i705_H4_Ots Final,CACTGT,
21-12455,P133_2025-05,A5,i5_GAAATG,GAAATG,CATTTC,i705,CACTGT,Ots Final,0,,21-12455_GT.0026_i705_A5_Ots Final,CACTGT,
21-12456,P133_2025-05,B5,i5_AACTGA,AACTGA,TCAGTT,i705,CACTGT,Ots Final,0,,21-12456_GT.0026_i705_B5_Ots Final,CACTGT,
21-12457,P133_2025-05,C5,i5_GACTCT,GACTCT,AGAGTC,i705,CACTGT,Ots Final,0,,21-12457_GT.0026_i705_C5_Ots Final,CACTGT,
21-12458,P133_2025-05,D5,i5_AATATC,AATATC,GATATT,i705,CACTGT,Ots Final,0,,21-12458_GT.0026_i705_D5_Ots Final,CACTGT,
21-12459,P133_2025-05,E5,i5_GCAGAT,GCAGAT,ATCTGC,i705,CACTGT,Ots Final,0,,21-12459_GT.0026_i705_E5_Ots Final,CACTGT,
21-12460,P133_2025-05,F5,i5_ACAGCG,ACAGCG,CGCTGT,i705,CACTGT,Ots Final,0,,21-12460_GT.0026_i705_F5_Ots Final,CACTGT,
21-12461,P133_2025-05,G5,i5_GCGACC,GCGACC,GGTCGC,i705,CACTGT,Ots Final,0,,21-12461_GT.0026_i705_G5_Ots Final,CACTGT,
21-12462,P133_2025-05,H5,i5_ACCCCC,ACCCCC,GGGGGT,i705,CACTGT,Ots Final,0,,21-12462_GT.0026_i705_H5_Ots Final,CACTGT,
21-12463,P133_2025-05,A6,i5_GGACTT,GGACTT,AAGTCC,i705,CACTGT,Ots Final,0,,21-12463_GT.0026_i705_A6_Ots Final,CACTGT,
21-12464,P133_2025-05,B6,i5_AGCCAT,AGCCAT,ATGGCT,i705,CACTGT,Ots Final,0,,21-12464_GT.0026_i705_B6_Ots Final,CACTGT,
21-12465,P133_2025-05,C6,i5_GGGGCG,GGGGCG,CGCCCC,i705,CACTGT,Ots Final,0,,21-12465_GT.0026_i705_C6_Ots Final,CACTGT,
21-12466,P133_2025-05,D6,i5_AGGTGT,AGGTGT,ACACCT,i705,CACTGT,Ots Final,0,,21-12466_GT.0026_i705_D6_Ots Final,CACTGT,
21-12467,P133_2025-05,E6,i5_GTAAGT,GTAAGT,ACTTAC,i705,CACTGT,Ots Final,0,,21-12467_GT.0026_i705_E6_Ots Final,CACTGT,
21-12468,P133_2025-05,F6,i5_ATAGTA,ATAGTA,TACTAT,i705,CACTGT,Ots Final,0,,21-12468_GT.0026_i705_F6_Ots Final,CACTGT,
21-12469,P133_2025-05,G6,i5_GTGCCT,GTGCCT,AGGCAC,i705,CACTGT,Ots Final,0,,21-12469_GT.0026_i705_G6_Ots Final,CACTGT,
21-12470,P133_2025-05,H6,i5_ATGTTG,ATGTTG,CAACAT,i705,CACTGT,Ots Final,0,,21-12470_GT.0026_i705_H6_Ots Final,CACTGT,
21-12471,P133_2025-05,A7,i5_TAAGCT,TAAGCT,AGCTTA,i705,CACTGT,Ots Final,0,,21-12471_GT.0026_i705_A7_Ots Final,CACTGT,
21-12472,P133_2025-05,B7,i5_CAATCG,CAATCG,CGATTG,i705,CACTGT,Ots Final,0,,21-12472_GT.0026_i705_B7_Ots Final,CACTGT,
21-12473,P133_2025-05,C7,i5_TACGGG,TACGGG,CCCGTA,i705,CACTGT,Ots Final,0,,21-12473_GT.0026_i705_C7_Ots Final,CACTGT,
21-12474,P133_2025-05,D7,i5_CATACT,CATACT,AGTATG,i705,CACTGT,Ots Final,0,,21-12474_GT.0026_i705_D7_Ots Final,CACTGT,
21-12475,P133_2025-05,E7,i5_TCAAAG,TCAAAG,CTTTGA,i705,CACTGT,Ots Final,0,,21-12475_GT.0026_i705_E7_Ots Final,CACTGT,
21-12476,P133_2025-05,F7,i5_CCCTAA,CCCTAA,TTAGGG,i705,CACTGT,Ots Final,0,,21-12476_GT.0026_i705_F7_Ots Final,CACTGT,
21-12477,P133_2025-05,G7,i5_TCGCCA,TCGCCA,TGGCGA,i705,CACTGT,Ots Final,0,,21-12477_GT.0026_i705_G7_Ots Final,CACTGT,
21-12478,P133_2025-05,H7,i5_CCTAAC,CCTAAC,GTTAGG,i705,CACTGT,Ots Final,0,,21-12478_GT.0026_i705_H7_Ots Final,CACTGT,
21-12479,P133_2025-05,A8,i5_TCTTCT,TCTTCT,AGAAGA,i705,CACTGT,Ots Final,0,,21-12479_GT.0026_i705_A8_Ots Final,CACTGT,
21-12480,P133_2025-05,B8,i5_CGCGTG,CGCGTG,CACGCG,i705,CACTGT,Ots Final,0,,21-12480_GT.0026_i705_B8_Ots Final,CACTGT,
21-12481,P133_2025-05,C8,i5_TGCCCG,TGCCCG,CGGGCA,i705,CACTGT,Ots Final,0,,21-12481_GT.0026_i705_C8_Ots Final,CACTGT,
21-12482,P133_2025-05,D8,i5_CGTGAT,CGTGAT,ATCACG,i705,CACTGT,Ots Final,0,,21-12482_GT.0026_i705_D8_Ots Final,CACTGT,
21-12483,P133_2025-05,E8,i5_TTATGA,TTATGA,TCATAA,i705,CACTGT,Ots Final,0,,21-12483_GT.0026_i705_E8_Ots Final,CACTGT,
21-12484,P133_2025-05,F8,i5_CTGCGA,CTGCGA,TCGCAG,i705,CACTGT,Ots Final,0,,21-12484_GT.0026_i705_F8_Ots Final,CACTGT,
21-12485,P133_2025-05,G8,i5_TTGAGC,TTGAGC,GCTCAA,i705,CACTGT,Ots Final,0,,21-12485_GT.0026_i705_G8_Ots Final,CACTGT,
21-12486,P133_2025-05,H8,i5_CTTTGC,CTTTGC,GCAAAG,i705,CACTGT,Ots Final,0,,21-12486_GT.0026_i705_H8_Ots Final,CACTGT,
21-12487,P133_2025-05,A9,i5_AACGTT,AACGTT,AACGTT,i705,CACTGT,Ots Final,0,,21-12487_GT.0026_i705_A9_Ots Final,CACTGT,
21-12488,P133_2025-05,B9,i5_GACGAC,GACGAC,GTCGTC,i705,CACTGT,Ots Final,0,,21-12488_GT.0026_i705_B9_Ots Final,CACTGT,
21-12489,P133_2025-05,C9,i5_AAGCTA,AAGCTA,TAGCTT,i705,CACTGT,Ots Final,0,,21-12489_GT.0026_i705_C9_Ots Final,CACTGT,
21-12490,P133_2025-05,D9,i5_AATCGT,AATCGT,ACGATT,i705,CACTGT,Ots Final,0,,21-12490_GT.0026_i705_D9_Ots Final,CACTGT,
21-12491,P133_2025-05,E9,i5_ACAAGA,ACAAGA,TCTTGT,i705,CACTGT,Ots Final,0,,21-12491_GT.0026_i705_E9_Ots Final,CACTGT,
21-12492,P133_2025-05,F9,i5_GCCGTA,GCCGTA,TACGGC,i705,CACTGT,Ots Final,0,,21-12492_GT.0026_i705_F9_Ots Final,CACTGT,
21-12493,P133_2025-05,G9,i5_ACCATG,ACCATG,CATGGT,i705,CACTGT,Ots Final,0,,21-12493_GT.0026_i705_G9_Ots Final,CACTGT,
21-12494,P133_2025-05,H9,i5_GCTCAA,GCTCAA,TTGAGC,i705,CACTGT,Ots Final,0,,21-12494_GT.0026_i705_H9_Ots Final,CACTGT,
21-12495,P133_2025-05,A10,i5_ACTGGC,ACTGGC,GCCAGT,i705,CACTGT,Ots Final,0,,21-12495_GT.0026_i705_A10_Ots Final,CACTGT,
21-12496,P133_2025-05,B10,i5_GGGCGC,GGGCGC,GCGCCC,i705,CACTGT,Ots Final,0,,21-12496_GT.0026_i705_B10_Ots Final,CACTGT,
21-12497,P133_2025-05,C10,i5_AGGGTC,AGGGTC,GACCCT,i705,CACTGT,Ots Final,0,,21-12497_GT.0026_i705_C10_Ots Final,CACTGT,
21-12498,P133_2025-05,D10,i5_GGTTTG,GGTTTG,CAAACC,i705,CACTGT,Ots Final,0,,21-12498_GT.0026_i705_D10_Ots Final,CACTGT,
21-12499,P133_2025-05,E10,i5_AGTTAA,AGTTAA,TTAACT,i705,CACTGT,Ots Final,0,,21-12499_GT.0026_i705_E10_Ots Final,CACTGT,
21-12500,P133_2025-05,F10,i5_GTCATC,GTCATC,GATGAC,i705,CACTGT,Ots Final,0,,21-12500_GT.0026_i705_F10_Ots Final,CACTGT,
21-12501,P133_2025-05,G10,i5_ATGCAC,ATGCAC,GTGCAT,i705,CACTGT,Ots Final,0,,21-12501_GT.0026_i705_G10_Ots Final,CACTGT,
21-12502,P133_2025-05,H10,i5_GTTGGA,GTTGGA,TCCAAC,i705,CACTGT,Ots Final,0,,21-12502_GT.0026_i705_H10_Ots Final,CACTGT,
21-12503,P133_2025-05,A11,i5_CAAAAA,CAAAAA,TTTTTG,i705,CACTGT,Ots Final,0,,21-12503_GT.0026_i705_A11_Ots Final,CACTGT,
21-12504,P133_2025-05,B11,i5_TACACA,TACACA,TGTGTA,i705,CACTGT,Ots Final,0,,21-12504_GT.0026_i705_B11_Ots Final,CACTGT,
21-12505,P133_2025-05,C11,i5_CAGGCA,CAGGCA,TGCCTG,i705,CACTGT,Ots Final,0,,21-12505_GT.0026_i705_C11_Ots Final,CACTGT,
21-12506,P133_2025-05,D11,i5_TATCAC,TATCAC,GTGATA,i705,CACTGT,Ots Final,0,,21-12506_GT.0026_i705_D11_Ots Final,CACTGT,
21-12507,P133_2025-05,E11,i5_CCCGGT,CCCGGT,ACCGGG,i705,CACTGT,Ots Final,0,,21-12507_GT.0026_i705_E11_Ots Final,CACTGT,
21-12508,P133_2025-05,F11,i5_TCGATT,TCGATT,AATCGA,i705,CACTGT,Ots Final,0,,21-12508_GT.0026_i705_F11_Ots Final,CACTGT,
21-12509,P133_2025-05,G11,i5_CCGCAT,CCGCAT,ATGCGG,i705,CACTGT,Ots Final,0,,21-12509_GT.0026_i705_G11_Ots Final,CACTGT,
21-12510,P133_2025-05,H11,i5_TCTCGG,TCTCGG,CCGAGA,i705,CACTGT,Ots Final,0,,21-12510_GT.0026_i705_H11_Ots Final,CACTGT,
21-12511,P133_2025-05,A12,i5_CGCAGA,CGCAGA,TCTGCG,i705,CACTGT,Ots Final,0,,21-12511_GT.0026_i705_A12_Ots Final,CACTGT,
21-12512,P133_2025-05,B12,i5_TGACAA,TGACAA,TTGTCA,i705,CACTGT,Ots Final,0,,21-12512_GT.0026_i705_B12_Ots Final,CACTGT,
21-12513,P133_2025-05,C12,i5_CGTCTA,CGTCTA,TAGACG,i705,CACTGT,Ots Final,0,,21-12513_GT.0026_i705_C12_Ots Final,CACTGT,
21-12514,P133_2025-05,D12,i5_TGGGGA,TGGGGA,TCCCCA,i705,CACTGT,Ots Final,0,,21-12514_GT.0026_i705_D12_Ots Final,CACTGT,
21-12515,P133_2025-05,E12,i5_CTCGCC,CTCGCC,GGCGAG,i705,CACTGT,Ots Final,0,,21-12515_GT.0026_i705_E12_Ots Final,CACTGT,
21-12516,P133_2025-05,F12,i5_TTCTAG,TTCTAG,CTAGAA,i705,CACTGT,Ots Final,0,,21-12516_GT.0026_i705_F12_Ots Final,CACTGT,
21-12517,P133_2025-05,G12,i5_CTTATG,CTTATG,CATAAG,i705,CACTGT,Ots Final,0,,21-12517_GT.0026_i705_G12_Ots Final,CACTGT,
Negative,P133_2025-05,H12,i5_TTTGTC,TTTGTC,GACAAA,i705,CACTGT,Ots Final,0,,Negative_GT.0026_i705_H12_Ots Final,CACTGT,
21-12518,P133_2025-06,A1,i5_AAACGG,AAACGG,CCGTTT,i706,ATTGGC,Ots Final,0,,21-12518_GT.0026_i706_A1_Ots Final,ATTGGC,
21-12519,P133_2025-06,B1,i5_GAACCA,GAACCA,TGGTTC,i706,ATTGGC,Ots Final,0,,21-12519_GT.0026_i706_B1_Ots Final,ATTGGC,
21-12520,P133_2025-06,C1,i5_AAGACG,AAGACG,CGTCTT,i706,ATTGGC,Ots Final,0,,21-12520_GT.0026_i706_C1_Ots Final,ATTGGC,
21-12521,P133_2025-06,D1,i5_GAGAGA,GAGAGA,TCTCTC,i706,ATTGGC,Ots Final,0,,21-12521_GT.0026_i706_D1_Ots Final,ATTGGC,
21-12522,P133_2025-06,E1,i5_AATGAG,AATGAG,CTCATT,i706,ATTGGC,Ots Final,0,,21-12522_GT.0026_i706_E1_Ots Final,ATTGGC,
21-12523,P133_2025-06,F1,i5_GCATGG,GCATGG,CCATGC,i706,ATTGGC,Ots Final,0,,21-12523_GT.0026_i706_F1_Ots Final,ATTGGC,
21-12524,P133_2025-06,G1,i5_ACATAC,ACATAC,GTATGT,i706,ATTGGC,Ots Final,0,,21-12524_GT.0026_i706_G1_Ots Final,ATTGGC,
21-12525,P133_2025-06,H1,i5_GCGCTG,GCGCTG,CAGCGC,i706,ATTGGC,Ots Final,0,,21-12525_GT.0026_i706_H1_Ots Final,ATTGGC,
21-12526,P133_2025-06,A2,i5_ACTCTT,ACTCTT,AAGAGT,i706,ATTGGC,Ots Final,0,,21-12526_GT.0026_i706_A2_Ots Final,ATTGGC,
21-12527,P133_2025-06,B2,i5_GGCAAG,GGCAAG,CTTGCC,i706,ATTGGC,Ots Final,0,,21-12527_GT.0026_i706_B2_Ots Final,ATTGGC,
21-12528,P133_2025-06,C2,i5_AGCGCA,AGCGCA,TGCGCT,i706,ATTGGC,Ots Final,0,,21-12528_GT.0026_i706_C2_Ots Final,ATTGGC,
21-12529,P133_2025-06,D2,i5_GGTACA,GGTACA,TGTACC,i706,ATTGGC,Ots Final,0,,21-12529_GT.0026_i706_D2_Ots Final,ATTGGC,
21-12530,P133_2025-06,E2,i5_AGTAGG,AGTAGG,CCTACT,i706,ATTGGC,Ots Final,0,,21-12530_GT.0026_i706_E2_Ots Final,ATTGGC,
21-12531,P133_2025-06,F2,i5_GTATCC,GTATCC,GGATAC,i706,ATTGGC,Ots Final,0,,21-12531_GT.0026_i706_F2_Ots Final,ATTGGC,
21-12532,P133_2025-06,G2,i5_ATCAAA,ATCAAA,TTTGAT,i706,ATTGGC,Ots Final,0,,21-12532_GT.0026_i706_G2_Ots Final,ATTGGC,
21-12533,P133_2025-06,H2,i5_GTGTAA,GTGTAA,TTACAC,i706,ATTGGC,Ots Final,0,,21-12533_GT.0026_i706_H2_Ots Final,ATTGGC,
21-12534,P133_2025-06,A3,i5_ATTCCG,ATTCCG,CGGAAT,i706,ATTGGC,Ots Final,0,,21-12534_GT.0026_i706_A3_Ots Final,ATTGGC,
21-12535,P133_2025-06,B3,i5_TAATTC,TAATTC,GAATTA,i706,ATTGGC,Ots Final,0,,21-12535_GT.0026_i706_B3_Ots Final,ATTGGC,
21-12536,P133_2025-06,C3,i5_CACCTC,CACCTC,GAGGTG,i706,ATTGGC,Ots Final,0,,21-12536_GT.0026_i706_C3_Ots Final,ATTGGC,
21-12537,P133_2025-06,D3,i5_TAGTAT,TAGTAT,ATACTA,i706,ATTGGC,Ots Final,0,,21-12537_GT.0026_i706_D3_Ots Final,ATTGGC,
21-12538,P133_2025-06,E3,i5_CCATTT,CCATTT,AAATGG,i706,ATTGGC,Ots Final,0,,21-12538_GT.0026_i706_E3_Ots Final,ATTGGC,
21-12539,P133_2025-06,F3,i5_TCCTGC,TCCTGC,GCAGGA,i706,ATTGGC,Ots Final,0,,21-12539_GT.0026_i706_F3_Ots Final,ATTGGC,
21-12540,P133_2025-06,G3,i5_CCGAGG,CCGAGG,CCTCGG,i706,ATTGGC,Ots Final,0,,21-12540_GT.0026_i706_G3_Ots Final,ATTGGC,
21-12541,P133_2025-06,H3,i5_TCGGAC,TCGGAC,GTCCGA,i706,ATTGGC,Ots Final,0,,21-12541_GT.0026_i706_H3_Ots Final,ATTGGC,
21-12542,P133_2025-06,A4,i5_CGAGGC,CGAGGC,GCCTCG,i706,ATTGGC,Ots Final,0,,21-12542_GT.0026_i706_A4_Ots Final,ATTGGC,
21-12543,P133_2025-06,B4,i5_TGAACC,TGAACC,GGTTCA,i706,ATTGGC,Ots Final,0,,21-12543_GT.0026_i706_B4_Ots Final,ATTGGC,
21-12544,P133_2025-06,C4,i5_CGGTCC,CGGTCC,GGACCG,i706,ATTGGC,Ots Final,0,,21-12544_GT.0026_i706_C4_Ots Final,ATTGGC,
21-12545,P133_2025-06,D4,i5_TGCTTA,TGCTTA,TAAGCA,i706,ATTGGC,Ots Final,0,,21-12545_GT.0026_i706_D4_Ots Final,ATTGGC,
21-12546,P133_2025-06,E4,i5_CTACAG,CTACAG,CTGTAG,i706,ATTGGC,Ots Final,0,,21-12546_GT.0026_i706_E4_Ots Final,ATTGGC,
21-12547,P133_2025-06,F4,i5_TTCCGT,TTCCGT,ACGGAA,i706,ATTGGC,Ots Final,0,,21-12547_GT.0026_i706_F4_Ots Final,ATTGGC,
21-12548,P133_2025-06,G4,i5_CTGGTT,CTGGTT,AACCAG,i706,ATTGGC,Ots Final,0,,21-12548_GT.0026_i706_G4_Ots Final,ATTGGC,
21-12549,P133_2025-06,H4,i5_TTTAAT,TTTAAT,ATTAAA,i706,ATTGGC,Ots Final,0,,21-12549_GT.0026_i706_H4_Ots Final,ATTGGC,
21-12550,P133_2025-06,A5,i5_GAAATG,GAAATG,CATTTC,i706,ATTGGC,Ots Final,0,,21-12550_GT.0026_i706_A5_Ots Final,ATTGGC,
21-12551,P133_2025-06,B5,i5_AACTGA,AACTGA,TCAGTT,i706,ATTGGC,Ots Final,0,,21-12551_GT.0026_i706_B5_Ots Final,ATTGGC,
21-12552,P133_2025-06,C5,i5_GACTCT,GACTCT,AGAGTC,i706,ATTGGC,Ots Final,0,,21-12552_GT.0026_i706_C5_Ots Final,ATTGGC,
21-12553,P133_2025-06,D5,i5_AATATC,AATATC,GATATT,i706,ATTGGC,Ots Final,0,,21-12553_GT.0026_i706_D5_Ots Final,ATTGGC,
21-12554,P133_2025-06,E5,i5_GCAGAT,GCAGAT,ATCTGC,i706,ATTGGC,Ots Final,0,,21-12554_GT.0026_i706_E5_Ots Final,ATTGGC,
21-12555,P133_2025-06,F5,i5_ACAGCG,ACAGCG,CGCTGT,i706,ATTGGC,Ots Final,0,,21-12555_GT.0026_i706_F5_Ots Final,ATTGGC,
21-12556,P133_2025-06,G5,i5_GCGACC,GCGACC,GGTCGC,i706,ATTGGC,Ots Final,0,,21-12556_GT.0026_i706_G5_Ots Final,ATTGGC,
21-12557,P133_2025-06,H5,i5_ACCCCC,ACCCCC,GGGGGT,i706,ATTGGC,Ots Final,0,,21-12557_GT.0026_i706_H5_Ots Final,ATTGGC,
21-12558,P133_2025-06,A6,i5_GGACTT,GGACTT,AAGTCC,i706,ATTGGC,Ots Final,0,,21-12558_GT.0026_i706_A6_Ots Final,ATTGGC,
21-12559,P133_2025-06,B6,i5_AGCCAT,AGCCAT,ATGGCT,i706,ATTGGC,Ots Final,0,,21-12559_GT.0026_i706_B6_Ots Final,ATTGGC,
21-12560,P133_2025-06,C6,i5_GGGGCG,GGGGCG,CGCCCC,i706,ATTGGC,Ots Final,0,,21-12560_GT.0026_i706_C6_Ots Final,ATTGGC,
21-12561,P133_2025-06,D6,i5_AGGTGT,AGGTGT,ACACCT,i706,ATTGGC,Ots Final,0,,21-12561_GT.0026_i706_D6_Ots Final,ATTGGC,
21-12562,P133_2025-06,E6,i5_GTAAGT,GTAAGT,ACTTAC,i706,ATTGGC,Ots Final,0,,21-12562_GT.0026_i706_E6_Ots Final,ATTGGC,
21-12563,P133_2025-06,F6,i5_ATAGTA,ATAGTA,TACTAT,i706,ATTGGC,Ots Final,0,,21-12563_GT.0026_i706_F6_Ots Final,ATTGGC,
21-12564,P133_2025-06,G6,i5_GTGCCT,GTGCCT,AGGCAC,i706,ATTGGC,Ots Final,0,,21-12564_GT.0026_i706_G6_Ots Final,ATTGGC,
21-12565,P133_2025-06,H6,i5_ATGTTG,ATGTTG,CAACAT,i706,ATTGGC,Ots Final,0,,21-12565_GT.0026_i706_H6_Ots Final,ATTGGC,
21-12566,P133_2025-06,A7,i5_TAAGCT,TAAGCT,AGCTTA,i706,ATTGGC,Ots Final,0,,21-12566_GT.0026_i706_A7_Ots Final,ATTGGC,
21-12567,P133_2025-06,B7,i5_CAATCG,CAATCG,CGATTG,i706,ATTGGC,Ots Final,0,,21-12567_GT.0026_i706_B7_Ots Final,ATTGGC,
21-12568,P133_2025-06,C7,i5_TACGGG,TACGGG,CCCGTA,i706,ATTGGC,Ots Final,0,,21-12568_GT.0026_i706_C7_Ots Final,ATTGGC,
21-12569,P133_2025-06,D7,i5_CATACT,CATACT,AGTATG,i706,ATTGGC,Ots Final,0,,21-12569_GT.0026_i706_D7_Ots Final,ATTGGC,
21-12570,P133_2025-06,E7,i5_TCAAAG,TCAAAG,CTTTGA,i706,ATTGGC,Ots Final,0,,21-12570_GT.0026_i706_E7_Ots Final,ATTGGC,
21-12571,P133_2025-06,F7,i5_CCCTAA,CCCTAA,TTAGGG,i706,ATTGGC,Ots Final,0,,21-12571_GT.0026_i706_F7_Ots Final,ATTGGC,
21-12572,P133_2025-06,G7,i5_TCGCCA,TCGCCA,TGGCGA,i706,ATTGGC,Ots Final,0,,21-12572_GT.0026_i706_G7_Ots Final,ATTGGC,
21-12573,P133_2025-06,H7,i5_CCTAAC,CCTAAC,GTTAGG,i706,ATTGGC,Ots Final,0,,21-12573_GT.0026_i706_H7_Ots Final,ATTGGC,
21-12574,P133_2025-06,A8,i5_TCTTCT,TCTTCT,AGAAGA,i706,ATTGGC,Ots Final,0,,21-12574_GT.0026_i706_A8_Ots Final,ATTGGC,
21-12575,P133_2025-06,B8,i5_CGCGTG,CGCGTG,CACGCG,i706,ATTGGC,Ots Final,0,,21-12575_GT.0026_i706_B8_Ots Final,ATTGGC,
21-12576,P133_2025-06,C8,i5_TGCCCG,TGCCCG,CGGGCA,i706,ATTGGC,Ots Final,0,,21-12576_GT.0026_i706_C8_Ots Final,ATTGGC,
21-12577,P133_2025-06,D8,i5_CGTGAT,CGTGAT,ATCACG,i706,ATTGGC,Ots Final,0,,21-12577_GT.0026_i706_D8_Ots Final,ATTGGC,
21-12578,P133_2025-06,E8,i5_TTATGA,TTATGA,TCATAA,i706,ATTGGC,Ots Final,0,,21-12578_GT.0026_i706_E8_Ots Final,ATTGGC,
21-12579,P133_2025-06,F8,i5_CTGCGA,CTGCGA,TCGCAG,i706,ATTGGC,Ots Final,0,,21-12579_GT.0026_i706_F8_Ots Final,ATTGGC,
21-12580,P133_2025-06,G8,i5_TTGAGC,TTGAGC,GCTCAA,i706,ATTGGC,Ots Final,0,,21-12580_GT.0026_i706_G8_Ots Final,ATTGGC,
21-12581,P133_2025-06,H8,i5_CTTTGC,CTTTGC,GCAAAG,i706,ATTGGC,Ots Final,0,,21-12581_GT.0026_i706_H8_Ots Final,ATTGGC,
21-12582,P133_2025-06,A9,i5_AACGTT,AACGTT,AACGTT,i706,ATTGGC,Ots Final,0,,21-12582_GT.0026_i706_A9_Ots Final,ATTGGC,
21-12583,P133_2025-06,B9,i5_GACGAC,GACGAC,GTCGTC,i706,ATTGGC,Ots Final,0,,21-12583_GT.0026_i706_B9_Ots Final,ATTGGC,
21-12584,P133_2025-06,C9,i5_AAGCTA,AAGCTA,TAGCTT,i706,ATTGGC,Ots Final,0,,21-12584_GT.0026_i706_C9_Ots Final,ATTGGC,
21-12585,P133_2025-06,D9,i5_AATCGT,AATCGT,ACGATT,i706,ATTGGC,Ots Final,0,,21-12585_GT.0026_i706_D9_Ots Final,ATTGGC,
21-12586,P133_2025-06,E9,i5_ACAAGA,ACAAGA,TCTTGT,i706,ATTGGC,Ots Final,0,,21-12586_GT.0026_i706_E9_Ots Final,ATTGGC,
21-12587,P133_2025-06,F9,i5_GCCGTA,GCCGTA,TACGGC,i706,ATTGGC,Ots Final,0,,21-12587_GT.0026_i706_F9_Ots Final,ATTGGC,
21-12588,P133_2025-06,G9,i5_ACCATG,ACCATG,CATGGT,i706,ATTGGC,Ots Final,0,,21-12588_GT.0026_i706_G9_Ots Final,ATTGGC,
21-12589,P133_2025-06,H9,i5_GCTCAA,GCTCAA,TTGAGC,i706,ATTGGC,Ots Final,0,,21-12589_GT.0026_i706_H9_Ots Final,ATTGGC,
21-12590,P133_2025-06,A10,i5_ACTGGC,ACTGGC,GCCAGT,i706,ATTGGC,Ots Final,0,,21-12590_GT.0026_i706_A10_Ots Final,ATTGGC,
21-12591,P133_2025-06,B10,i5_GGGCGC,GGGCGC,GCGCCC,i706,ATTGGC,Ots Final,0,,21-12591_GT.0026_i706_B10_Ots Final,ATTGGC,
21-12592,P133_2025-06,C10,i5_AGGGTC,AGGGTC,GACCCT,i706,ATTGGC,Ots Final,0,,21-12592_GT.0026_i706_C10_Ots Final,ATTGGC,
21-12593,P133_2025-06,D10,i5_GGTTTG,GGTTTG,CAAACC,i706,ATTGGC,Ots Final,0,,21-12593_GT.0026_i706_D10_Ots Final,ATTGGC,
21-12594,P133_2025-06,E10,i5_AGTTAA,AGTTAA,TTAACT,i706,ATTGGC,Ots Final,0,,21-12594_GT.0026_i706_E10_Ots Final,ATTGGC,
21-12595,P133_2025-06,F10,i5_GTCATC,GTCATC,GATGAC,i706,ATTGGC,Ots Final,0,,21-12595_GT.0026_i706_F10_Ots Final,ATTGGC,
21-12596,P133_2025-06,G10,i5_ATGCAC,ATGCAC,GTGCAT,i706,ATTGGC,Ots Final,0,,21-12596_GT.0026_i706_G10_Ots Final,ATTGGC,
21-12597,P133_2025-06,H10,i5_GTTGGA,GTTGGA,TCCAAC,i706,ATTGGC,Ots Final,0,,21-12597_GT.0026_i706_H10_Ots Final,ATTGGC,
21-12598,P133_2025-06,A11,i5_CAAAAA,CAAAAA,TTTTTG,i706,ATTGGC,Ots Final,0,,21-12598_GT.0026_i706_A11_Ots Final,ATTGGC,
21-12599,P133_2025-06,B11,i5_TACACA,TACACA,TGTGTA,i706,ATTGGC,Ots Final,0,,21-12599_GT.0026_i706_B11_Ots Final,ATTGGC,
21-12600,P133_2025-06,C11,i5_CAGGCA,CAGGCA,TGCCTG,i706,ATTGGC,Ots Final,0,,21-12600_GT.0026_i706_C11_Ots Final,ATTGGC,
21-12601,P133_2025-06,D11,i5_TATCAC,TATCAC,GTGATA,i706,ATTGGC,Ots Final,0,,21-12601_GT.0026_i706_D11_Ots Final,ATTGGC,
21-12602,P133_2025-06,E11,i5_CCCGGT,CCCGGT,ACCGGG,i706,ATTGGC,Ots Final,0,,21-12602_GT.0026_i706_E11_Ots Final,ATTGGC,
21-12603,P133_2025-06,F11,i5_TCGATT,TCGATT,AATCGA,i706,ATTGGC,Ots Final,0,,21-12603_GT.0026_i706_F11_Ots Final,ATTGGC,
21-12604,P133_2025-06,G11,i5_CCGCAT,CCGCAT,ATGCGG,i706,ATTGGC,Ots Final,0,,21-12604_GT.0026_i706_G11_Ots Final,ATTGGC,
21-12605,P133_2025-06,H11,i5_TCTCGG,TCTCGG,CCGAGA,i706,ATTGGC,Ots Final,0,,21-12605_GT.0026_i706_H11_Ots Final,ATTGGC,
21-12606,P133_2025-06,A12,i5_CGCAGA,CGCAGA,TCTGCG,i706,ATTGGC,Ots Final,0,,21-12606_GT.0026_i706_A12_Ots Final,ATTGGC,
21-12607,P133_2025-06,B12,i5_TGACAA,TGACAA,TTGTCA,i706,ATTGGC,Ots Final,0,,21-12607_GT.0026_i706_B12_Ots Final,ATTGGC,
21-12608,P133_2025-06,C12,i5_CGTCTA,CGTCTA,TAGACG,i706,ATTGGC,Ots Final,0,,21-12608_GT.0026_i706_C12_Ots Final,ATTGGC,
21-12609,P133_2025-06,D12,i5_TGGGGA,TGGGGA,TCCCCA,i706,ATTGGC,Ots Final,0,,21-12609_GT.0026_i706_D12_Ots Final,ATTGGC,
21-12610,P133_2025-06,E12,i5_CTCGCC,CTCGCC,GGCGAG,i706,ATTGGC,Ots Final,0,,21-12610_GT.0026_i706_E12_Ots Final,ATTGGC,
21-12611,P133_2025-06,F12,i5_TTCTAG,TTCTAG,CTAGAA,i706,ATTGGC,Ots Final,0,,21-12611_GT.0026_i706_F12_Ots Final,ATTGGC,
21-12612,P133_2025-06,G12,i5_CTTATG,CTTATG,CATAAG,i706,ATTGGC,Ots Final,0,,21-12612_GT.0026_i706_G12_Ots Final,ATTGGC,
Negative,P133_2025-06,H12,i5_TTTGTC,TTTGTC,GACAAA,i706,ATTGGC,Ots Final,0,,Negative_GT.0026_i706_H12_Ots Final,ATTGGC,
21-12613,P133_2025-07,A1,i5_AAACGG,AAACGG,CCGTTT,i707,GATCTG,Ots Final,0,,21-12613_GT.0026_i707_A1_Ots Final,GATCTG,
21-12614,P133_2025-07,B1,i5_GAACCA,GAACCA,TGGTTC,i707,GATCTG,Ots Final,0,,21-12614_GT.0026_i707_B1_Ots Final,GATCTG,
21-12615,P133_2025-07,C1,i5_AAGACG,AAGACG,CGTCTT,i707,GATCTG,Ots Final,0,,21-12615_GT.0026_i707_C1_Ots Final,GATCTG,
21-12616,P133_2025-07,D1,i5_GAGAGA,GAGAGA,TCTCTC,i707,GATCTG,Ots Final,0,,21-12616_GT.0026_i707_D1_Ots Final,GATCTG,
21-12617,P133_2025-07,E1,i5_AATGAG,AATGAG,CTCATT,i707,GATCTG,Ots Final,0,,21-12617_GT.0026_i707_E1_Ots Final,GATCTG,
21-12618,P133_2025-07,F1,i5_GCATGG,GCATGG,CCATGC,i707,GATCTG,Ots Final,0,,21-12618_GT.0026_i707_F1_Ots Final,GATCTG,
21-12619,P133_2025-07,G1,i5_ACATAC,ACATAC,GTATGT,i707,GATCTG,Ots Final,0,,21-12619_GT.0026_i707_G1_Ots Final,GATCTG,
21-12620,P133_2025-07,H1,i5_GCGCTG,GCGCTG,CAGCGC,i707,GATCTG,Ots Final,0,,21-12620_GT.0026_i707_H1_Ots Final,GATCTG,
21-12621,P133_2025-07,A2,i5_ACTCTT,ACTCTT,AAGAGT,i707,GATCTG,Ots Final,0,,21-12621_GT.0026_i707_A2_Ots Final,GATCTG,
21-12622,P133_2025-07,B2,i5_GGCAAG,GGCAAG,CTTGCC,i707,GATCTG,Ots Final,0,,21-12622_GT.0026_i707_B2_Ots Final,GATCTG,
21-12623,P133_2025-07,C2,i5_AGCGCA,AGCGCA,TGCGCT,i707,GATCTG,Ots Final,0,,21-12623_GT.0026_i707_C2_Ots Final,GATCTG,
21-12624,P133_2025-07,D2,i5_GGTACA,GGTACA,TGTACC,i707,GATCTG,Ots Final,0,,21-12624_GT.0026_i707_D2_Ots Final,GATCTG,
21-12625,P133_2025-07,E2,i5_AGTAGG,AGTAGG,CCTACT,i707,GATCTG,Ots Final,0,,21-12625_GT.0026_i707_E2_Ots Final,GATCTG,
21-12626,P133_2025-07,F2,i5_GTATCC,GTATCC,GGATAC,i707,GATCTG,Ots Final,0,,21-12626_GT.0026_i707_F2_Ots Final,GATCTG,
21-12627,P133_2025-07,G2,i5_ATCAAA,ATCAAA,TTTGAT,i707,GATCTG,Ots Final,0,,21-12627_GT.0026_i707_G2_Ots Final,GATCTG,
21-12628,P133_2025-07,H2,i5_GTGTAA,GTGTAA,TTACAC,i707,GATCTG,Ots Final,0,,21-12628_GT.0026_i707_H2_Ots Final,GATCTG,
21-12629,P133_2025-07,A3,i5_ATTCCG,ATTCCG,CGGAAT,i707,GATCTG,Ots Final,0,,21-12629_GT.0026_i707_A3_Ots Final,GATCTG,
21-12630,P133_2025-07,B3,i5_TAATTC,TAATTC,GAATTA,i707,GATCTG,Ots Final,0,,21-12630_GT.0026_i707_B3_Ots Final,GATCTG,
21-12631,P133_2025-07,C3,i5_CACCTC,CACCTC,GAGGTG,i707,GATCTG,Ots Final,0,,21-12631_GT.0026_i707_C3_Ots Final,GATCTG,
21-12632,P133_2025-07,D3,i5_TAGTAT,TAGTAT,ATACTA,i707,GATCTG,Ots Final,0,,21-12632_GT.0026_i707_D3_Ots Final,GATCTG,
21-12633,P133_2025-07,E3,i5_CCATTT,CCATTT,AAATGG,i707,GATCTG,Ots Final,0,,21-12633_GT.0026_i707_E3_Ots Final,GATCTG,
21-12634,P133_2025-07,F3,i5_TCCTGC,TCCTGC,GCAGGA,i707,GATCTG,Ots Final,0,,21-12634_GT.0026_i707_F3_Ots Final,GATCTG,
21-12635,P133_2025-07,G3,i5_CCGAGG,CCGAGG,CCTCGG,i707,GATCTG,Ots Final,0,,21-12635_GT.0026_i707_G3_Ots Final,GATCTG,
21-12636,P133_2025-07,H3,i5_TCGGAC,TCGGAC,GTCCGA,i707,GATCTG,Ots Final,0,,21-12636_GT.0026_i707_H3_Ots Final,GATCTG,
21-12637,P133_2025-07,A4,i5_CGAGGC,CGAGGC,GCCTCG,i707,GATCTG,Ots Final,0,,21-12637_GT.0026_i707_A4_Ots Final,GATCTG,
21-12638,P133_2025-07,B4,i5_TGAACC,TGAACC,GGTTCA,i707,GATCTG,Ots Final,0,,21-12638_GT.0026_i707_B4_Ots Final,GATCTG,
21-12639,P133_2025-07,C4,i5_CGGTCC,CGGTCC,GGACCG,i707,GATCTG,Ots Final,0,,21-12639_GT.0026_i707_C4_Ots Final,GATCTG,
21-12640,P133_2025-07,D4,i5_TGCTTA,TGCTTA,TAAGCA,i707,GATCTG,Ots Final,0,,21-12640_GT.0026_i707_D4_Ots Final,GATCTG,
21-12641,P133_2025-07,E4,i5_CTACAG,CTACAG,CTGTAG,i707,GATCTG,Ots Final,0,,21-12641_GT.0026_i707_E4_Ots Final,GATCTG,
21-12642,P133_2025-07,F4,i5_TTCCGT,TTCCGT,ACGGAA,i707,GATCTG,Ots Final,0,,21-12642_GT.0026_i707_F4_Ots Final,GATCTG,
21-12643,P133_2025-07,G4,i5_CTGGTT,CTGGTT,AACCAG,i707,GATCTG,Ots Final,0,,21-12643_GT.0026_i707_G4_Ots Final,GATCTG,
21-12644,P133_2025-07,H4,i5_TTTAAT,TTTAAT,ATTAAA,i707,GATCTG,Ots Final,0,,21-12644_GT.0026_i707_H4_Ots Final,GATCTG,
21-12645,P133_2025-07,A5,i5_GAAATG,GAAATG,CATTTC,i707,GATCTG,Ots Final,0,,21-12645_GT.0026_i707_A5_Ots Final,GATCTG,
21-12646,P133_2025-07,B5,i5_AACTGA,AACTGA,TCAGTT,i707,GATCTG,Ots Final,0,,21-12646_GT.0026_i707_B5_Ots Final,GATCTG,
21-12647,P133_2025-07,C5,i5_GACTCT,GACTCT,AGAGTC,i707,GATCTG,Ots Final,0,,21-12647_GT.0026_i707_C5_Ots Final,GATCTG,
21-12648,P133_2025-07,D5,i5_AATATC,AATATC,GATATT,i707,GATCTG,Ots Final,0,,21-12648_GT.0026_i707_D5_Ots Final,GATCTG,
21-12649,P133_2025-07,E5,i5_GCAGAT,GCAGAT,ATCTGC,i707,GATCTG,Ots Final,0,,21-12649_GT.0026_i707_E5_Ots Final,GATCTG,
21-12650,P133_2025-07,F5,i5_ACAGCG,ACAGCG,CGCTGT,i707,GATCTG,Ots Final,0,,21-12650_GT.0026_i707_F5_Ots Final,GATCTG,
21-12651,P133_2025-07,G5,i5_GCGACC,GCGACC,GGTCGC,i707,GATCTG,Ots Final,0,,21-12651_GT.0026_i707_G5_Ots Final,GATCTG,
21-12652,P133_2025-07,H5,i5_ACCCCC,ACCCCC,GGGGGT,i707,GATCTG,Ots Final,0,,21-12652_GT.0026_i707_H5_Ots Final,GATCTG,
21-12653,P133_2025-07,A6,i5_GGACTT,GGACTT,AAGTCC,i707,GATCTG,Ots Final,0,,21-12653_GT.0026_i707_A6_Ots Final,GATCTG,
21-12654,P133_2025-07,B6,i5_AGCCAT,AGCCAT,ATGGCT,i707,GATCTG,Ots Final,0,,21-12654_GT.0026_i707_B6_Ots Final,GATCTG,
21-12655,P133_2025-07,C6,i5_GGGGCG,GGGGCG,CGCCCC,i707,GATCTG,Ots Final,0,,21-12655_GT.0026_i707_C6_Ots Final,GATCTG,
21-12656,P133_2025-07,D6,i5_AGGTGT,AGGTGT,ACACCT,i707,GATCTG,Ots Final,0,,21-12656_GT.0026_i707_D6_Ots Final,GATCTG,
21-12657,P133_2025-07,E6,i5_GTAAGT,GTAAGT,ACTTAC,i707,GATCTG,Ots Final,0,,21-12657_GT.0026_i707_E6_Ots Final,GATCTG,
21-12658,P133_2025-07,F6,i5_ATAGTA,ATAGTA,TACTAT,i707,GATCTG,Ots Final,0,,21-12658_GT.0026_i707_F6_Ots Final,GATCTG,
21-12659,P133_2025-07,G6,i5_GTGCCT,GTGCCT,AGGCAC,i707,GATCTG,Ots Final,0,,21-12659_GT.0026_i707_G6_Ots Final,GATCTG,
21-12660,P133_2025-07,H6,i5_ATGTTG,ATGTTG,CAACAT,i707,GATCTG,Ots Final,0,,21-12660_GT.0026_i707_H6_Ots Final,GATCTG,
21-12661,P133_2025-07,A7,i5_TAAGCT,TAAGCT,AGCTTA,i707,GATCTG,Ots Final,0,,21-12661_GT.0026_i707_A7_Ots Final,GATCTG,
21-12662,P133_2025-07,B7,i5_CAATCG,CAATCG,CGATTG,i707,GATCTG,Ots Final,0,,21-12662_GT.0026_i707_B7_Ots Final,GATCTG,
21-12663,P133_2025-07,C7,i5_TACGGG,TACGGG,CCCGTA,i707,GATCTG,Ots Final,0,,21-12663_GT.0026_i707_C7_Ots Final,GATCTG,
21-12664,P133_2025-07,D7,i5_CATACT,CATACT,AGTATG,i707,GATCTG,Ots Final,0,,21-12664_GT.0026_i707_D7_Ots Final,GATCTG,
21-12665,P133_2025-07,E7,i5_TCAAAG,TCAAAG,CTTTGA,i707,GATCTG,Ots Final,0,,21-12665_GT.0026_i707_E7_Ots Final,GATCTG,
21-12666,P133_2025-07,F7,i5_CCCTAA,CCCTAA,TTAGGG,i707,GATCTG,Ots Final,0,,21-12666_GT.0026_i707_F7_Ots Final,GATCTG,
21-12667,P133_2025-07,G7,i5_TCGCCA,TCGCCA,TGGCGA,i707,GATCTG,Ots Final,0,,21-12667_GT.0026_i707_G7_Ots Final,GATCTG,
21-12668,P133_2025-07,H7,i5_CCTAAC,CCTAAC,GTTAGG,i707,GATCTG,Ots Final,0,,21-12668_GT.0026_i707_H7_Ots Final,GATCTG,
21-12669,P133_2025-07,A8,i5_TCTTCT,TCTTCT,AGAAGA,i707,GATCTG,Ots Final,0,,21-12669_GT.0026_i707_A8_Ots Final,GATCTG,
21-12670,P133_2025-07,B8,i5_CGCGTG,CGCGTG,CACGCG,i707,GATCTG,Ots Final,0,,21-12670_GT.0026_i707_B8_Ots Final,GATCTG,
21-12671,P133_2025-07,C8,i5_TGCCCG,TGCCCG,CGGGCA,i707,GATCTG,Ots Final,0,,21-12671_GT.0026_i707_C8_Ots Final,GATCTG,
21-12672,P133_2025-07,D8,i5_CGTGAT,CGTGAT,ATCACG,i707,GATCTG,Ots Final,0,,21-12672_GT.0026_i707_D8_Ots Final,GATCTG,
21-12673,P133_2025-07,E8,i5_TTATGA,TTATGA,TCATAA,i707,GATCTG,Ots Final,0,,21-12673_GT.0026_i707_E8_Ots Final,GATCTG,
21-12674,P133_2025-07,F8,i5_CTGCGA,CTGCGA,TCGCAG,i707,GATCTG,Ots Final,0,,21-12674_GT.0026_i707_F8_Ots Final,GATCTG,
21-12675,P133_2025-07,G8,i5_TTGAGC,TTGAGC,GCTCAA,i707,GATCTG,Ots Final,0,,21-12675_GT.0026_i707_G8_Ots Final,GATCTG,
21-12676,P133_2025-07,H8,i5_CTTTGC,CTTTGC,GCAAAG,i707,GATCTG,Ots Final,0,,21-12676_GT.0026_i707_H8_Ots Final,GATCTG,
21-12677,P133_2025-07,A9,i5_AACGTT,AACGTT,AACGTT,i707,GATCTG,Ots Final,0,,21-12677_GT.0026_i707_A9_Ots Final,GATCTG,
21-12678,P133_2025-07,B9,i5_GACGAC,GACGAC,GTCGTC,i707,GATCTG,Ots Final,0,,21-12678_GT.0026_i707_B9_Ots Final,GATCTG,
21-12679,P133_2025-07,C9,i5_AAGCTA,AAGCTA,TAGCTT,i707,GATCTG,Ots Final,0,,21-12679_GT.0026_i707_C9_Ots Final,GATCTG,
21-12680,P133_2025-07,D9,i5_AATCGT,AATCGT,ACGATT,i707,GATCTG,Ots Final,0,,21-12680_GT.0026_i707_D9_Ots Final,GATCTG,
21-12681,P133_2025-07,E9,i5_ACAAGA,ACAAGA,TCTTGT,i707,GATCTG,Ots Final,0,,21-12681_GT.0026_i707_E9_Ots Final,GATCTG,
21-12682,P133_2025-07,F9,i5_GCCGTA,GCCGTA,TACGGC,i707,GATCTG,Ots Final,0,,21-12682_GT.0026_i707_F9_Ots Final,GATCTG,
21-12683,P133_2025-07,G9,i5_ACCATG,ACCATG,CATGGT,i707,GATCTG,Ots Final,0,,21-12683_GT.0026_i707_G9_Ots Final,GATCTG,
21-12684,P133_2025-07,H9,i5_GCTCAA,GCTCAA,TTGAGC,i707,GATCTG,Ots Final,0,,21-12684_GT.0026_i707_H9_Ots Final,GATCTG,
21-12685,P133_2025-07,A10,i5_ACTGGC,ACTGGC,GCCAGT,i707,GATCTG,Ots Final,0,,21-12685_GT.0026_i707_A10_Ots Final,GATCTG,
21-12686,P133_2025-07,B10,i5_GGGCGC,GGGCGC,GCGCCC,i707,GATCTG,Ots Final,0,,21-12686_GT.0026_i707_B10_Ots Final,GATCTG,
21-12687,P133_2025-07,C10,i5_AGGGTC,AGGGTC,GACCCT,i707,GATCTG,Ots Final,0,,21-12687_GT.0026_i707_C10_Ots Final,GATCTG,
21-12688,P133_2025-07,D10,i5_GGTTTG,GGTTTG,CAAACC,i707,GATCTG,Ots Final,0,,21-12688_GT.0026_i707_D10_Ots Final,GATCTG,
21-12689,P133_2025-07,E10,i5_AGTTAA,AGTTAA,TTAACT,i707,GATCTG,Ots Final,0,,21-12689_GT.0026_i707_E10_Ots Final,GATCTG,
21-12690,P133_2025-07,F10,i5_GTCATC,GTCATC,GATGAC,i707,GATCTG,Ots Final,0,,21-12690_GT.0026_i707_F10_Ots Final,GATCTG,
21-12691,P133_2025-07,G10,i5_ATGCAC,ATGCAC,GTGCAT,i707,GATCTG,Ots Final,0,,21-12691_GT.0026_i707_G10_Ots Final,GATCTG,
21-12692,P133_2025-07,H10,i5_GTTGGA,GTTGGA,TCCAAC,i707,GATCTG,Ots Final,0,,21-12692_GT.0026_i707_H10_Ots Final,GATCTG,
21-12693,P133_2025-07,A11,i5_CAAAAA,CAAAAA,TTTTTG,i707,GATCTG,Ots Final,0,,21-12693_GT.0026_i707_A11_Ots Final,GATCTG,
21-12694,P133_2025-07,B11,i5_TACACA,TACACA,TGTGTA,i707,GATCTG,Ots Final,0,,21-12694_GT.0026_i707_B11_Ots Final,GATCTG,
21-12695,P133_2025-07,C11,i5_CAGGCA,CAGGCA,TGCCTG,i707,GATCTG,Ots Final,0,,21-12695_GT.0026_i707_C11_Ots Final,GATCTG,
21-12696,P133_2025-07,D11,i5_TATCAC,TATCAC,GTGATA,i707,GATCTG,Ots Final,0,,21-12696_GT.0026_i707_D11_Ots Final,GATCTG,
21-12721,P133_2025-07,E11,i5_CCCGGT,CCCGGT,ACCGGG,i707,GATCTG,Ots Final,0,,21-12721_GT.0026_i707_E11_Ots Final,GATCTG,
21-12722,P133_2025-07,F11,i5_TCGATT,TCGATT,AATCGA,i707,GATCTG,Ots Final,0,,21-12722_GT.0026_i707_F11_Ots Final,GATCTG,
21-12723,P133_2025-07,G11,i5_CCGCAT,CCGCAT,ATGCGG,i707,GATCTG,Ots Final,0,,21-12723_GT.0026_i707_G11_Ots Final,GATCTG,
21-12724,P133_2025-07,H11,i5_TCTCGG,TCTCGG,CCGAGA,i707,GATCTG,Ots Final,0,,21-12724_GT.0026_i707_H11_Ots Final,GATCTG,
21-12725,P133_2025-07,A12,i5_CGCAGA,CGCAGA,TCTGCG,i707,GATCTG,Ots Final,0,,21-12725_GT.0026_i707_A12_Ots Final,GATCTG,
21-12726,P133_2025-07,B12,i5_TGACAA,TGACAA,TTGTCA,i707,GATCTG,Ots Final,0,,21-12726_GT.0026_i707_B12_Ots Final,GATCTG,
21-12727,P133_2025-07,C12,i5_CGTCTA,CGTCTA,TAGACG,i707,GATCTG,Ots Final,0,,21-12727_GT.0026_i707_C12_Ots Final,GATCTG,
21-12728,P133_2025-07,D12,i5_TGGGGA,TGGGGA,TCCCCA,i707,GATCTG,Ots Final,0,,21-12728_GT.0026_i707_D12_Ots Final,GATCTG,
21-12729,P133_2025-07,E12,i5_CTCGCC,CTCGCC,GGCGAG,i707,GATCTG,Ots Final,0,,21-12729_GT.0026_i707_E12_Ots Final,GATCTG,
21-12730,P133_2025-07,F12,i5_TTCTAG,TTCTAG,CTAGAA,i707,GATCTG,Ots Final,0,,21-12730_GT.0026_i707_F12_Ots Final,GATCTG,
21-12731,P133_2025-07,G12,i5_CTTATG,CTTATG,CATAAG,i707,GATCTG,Ots Final,0,,21-12731_GT.0026_i707_G12_Ots Final,GATCTG,
Negative,P133_2025-07,H12,i5_TTTGTC,TTTGTC,GACAAA,i707,GATCTG,Ots Final,0,,Negative_GT.0026_i707_H12_Ots Final,GATCTG,
21-12732,P133_2025-08,A1,i5_AAACGG,AAACGG,CCGTTT,i708,TCAAGT,Ots Final,0,,21-12732_GT.0026_i708_A1_Ots Final,TCAAGT,
21-12733,P133_2025-08,B1,i5_GAACCA,GAACCA,TGGTTC,i708,TCAAGT,Ots Final,0,,21-12733_GT.0026_i708_B1_Ots Final,TCAAGT,
21-12734,P133_2025-08,C1,i5_AAGACG,AAGACG,CGTCTT,i708,TCAAGT,Ots Final,0,,21-12734_GT.0026_i708_C1_Ots Final,TCAAGT,
21-12735,P133_2025-08,D1,i5_GAGAGA,GAGAGA,TCTCTC,i708,TCAAGT,Ots Final,0,,21-12735_GT.0026_i708_D1_Ots Final,TCAAGT,
21-12736,P133_2025-08,E1,i5_AATGAG,AATGAG,CTCATT,i708,TCAAGT,Ots Final,0,,21-12736_GT.0026_i708_E1_Ots Final,TCAAGT,
21-12737,P133_2025-08,F1,i5_GCATGG,GCATGG,CCATGC,i708,TCAAGT,Ots Final,0,,21-12737_GT.0026_i708_F1_Ots Final,TCAAGT,
21-12738,P133_2025-08,G1,i5_ACATAC,ACATAC,GTATGT,i708,TCAAGT,Ots Final,0,,21-12738_GT.0026_i708_G1_Ots Final,TCAAGT,
21-12739,P133_2025-08,H1,i5_GCGCTG,GCGCTG,CAGCGC,i708,TCAAGT,Ots Final,0,,21-12739_GT.0026_i708_H1_Ots Final,TCAAGT,
21-12740,P133_2025-08,A2,i5_ACTCTT,ACTCTT,AAGAGT,i708,TCAAGT,Ots Final,0,,21-12740_GT.0026_i708_A2_Ots Final,TCAAGT,
21-12741,P133_2025-08,B2,i5_GGCAAG,GGCAAG,CTTGCC,i708,TCAAGT,Ots Final,0,,21-12741_GT.0026_i708_B2_Ots Final,TCAAGT,
21-12742,P133_2025-08,C2,i5_AGCGCA,AGCGCA,TGCGCT,i708,TCAAGT,Ots Final,0,,21-12742_GT.0026_i708_C2_Ots Final,TCAAGT,
21-12743,P133_2025-08,D2,i5_GGTACA,GGTACA,TGTACC,i708,TCAAGT,Ots Final,0,,21-12743_GT.0026_i708_D2_Ots Final,TCAAGT,
21-12744,P133_2025-08,E2,i5_AGTAGG,AGTAGG,CCTACT,i708,TCAAGT,Ots Final,0,,21-12744_GT.0026_i708_E2_Ots Final,TCAAGT,
21-12745,P133_2025-08,F2,i5_GTATCC,GTATCC,GGATAC,i708,TCAAGT,Ots Final,0,,21-12745_GT.0026_i708_F2_Ots Final,TCAAGT,
21-12746,P133_2025-08,G2,i5_ATCAAA,ATCAAA,TTTGAT,i708,TCAAGT,Ots Final,0,,21-12746_GT.0026_i708_G2_Ots Final,TCAAGT,
21-12747,P133_2025-08,H2,i5_GTGTAA,GTGTAA,TTACAC,i708,TCAAGT,Ots Final,0,,21-12747_GT.0026_i708_H2_Ots Final,TCAAGT,
21-12748,P133_2025-08,A3,i5_ATTCCG,ATTCCG,CGGAAT,i708,TCAAGT,Ots Final,0,,21-12748_GT.0026_i708_A3_Ots Final,TCAAGT,
21-12749,P133_2025-08,B3,i5_TAATTC,TAATTC,GAATTA,i708,TCAAGT,Ots Final,0,,21-12749_GT.0026_i708_B3_Ots Final,TCAAGT,
21-12750,P133_2025-08,C3,i5_CACCTC,CACCTC,GAGGTG,i708,TCAAGT,Ots Final,0,,21-12750_GT.0026_i708_C3_Ots Final,TCAAGT,
21-12751,P133_2025-08,D3,i5_TAGTAT,TAGTAT,ATACTA,i708,TCAAGT,Ots Final,0,,21-12751_GT.0026_i708_D3_Ots Final,TCAAGT,
21-12752,P133_2025-08,E3,i5_CCATTT,CCATTT,AAATGG,i708,TCAAGT,Ots Final,0,,21-12752_GT.0026_i708_E3_Ots Final,TCAAGT,
21-12753,P133_2025-08,F3,i5_TCCTGC,TCCTGC,GCAGGA,i708,TCAAGT,Ots Final,0,,21-12753_GT.0026_i708_F3_Ots Final,TCAAGT,
21-12754,P133_2025-08,G3,i5_CCGAGG,CCGAGG,CCTCGG,i708,TCAAGT,Ots Final,0,,21-12754_GT.0026_i708_G3_Ots Final,TCAAGT,
21-12755,P133_2025-08,H3,i5_TCGGAC,TCGGAC,GTCCGA,i708,TCAAGT,Ots Final,0,,21-12755_GT.0026_i708_H3_Ots Final,TCAAGT,
21-12756,P133_2025-08,A4,i5_CGAGGC,CGAGGC,GCCTCG,i708,TCAAGT,Ots Final,0,,21-12756_GT.0026_i708_A4_Ots Final,TCAAGT,
21-12757,P133_2025-08,B4,i5_TGAACC,TGAACC,GGTTCA,i708,TCAAGT,Ots Final,0,,21-12757_GT.0026_i708_B4_Ots Final,TCAAGT,
21-12758,P133_2025-08,C4,i5_CGGTCC,CGGTCC,GGACCG,i708,TCAAGT,Ots Final,0,,21-12758_GT.0026_i708_C4_Ots Final,TCAAGT,
21-12759,P133_2025-08,D4,i5_TGCTTA,TGCTTA,TAAGCA,i708,TCAAGT,Ots Final,0,,21-12759_GT.0026_i708_D4_Ots Final,TCAAGT,
21-12760,P133_2025-08,E4,i5_CTACAG,CTACAG,CTGTAG,i708,TCAAGT,Ots Final,0,,21-12760_GT.0026_i708_E4_Ots Final,TCAAGT,
21-12761,P133_2025-08,F4,i5_TTCCGT,TTCCGT,ACGGAA,i708,TCAAGT,Ots Final,0,,21-12761_GT.0026_i708_F4_Ots Final,TCAAGT,
21-12762,P133_2025-08,G4,i5_CTGGTT,CTGGTT,AACCAG,i708,TCAAGT,Ots Final,0,,21-12762_GT.0026_i708_G4_Ots Final,TCAAGT,
21-12763,P133_2025-08,H4,i5_TTTAAT,TTTAAT,ATTAAA,i708,TCAAGT,Ots Final,0,,21-12763_GT.0026_i708_H4_Ots Final,TCAAGT,
21-12764,P133_2025-08,A5,i5_GAAATG,GAAATG,CATTTC,i708,TCAAGT,Ots Final,0,,21-12764_GT.0026_i708_A5_Ots Final,TCAAGT,
21-12765,P133_2025-08,B5,i5_AACTGA,AACTGA,TCAGTT,i708,TCAAGT,Ots Final,0,,21-12765_GT.0026_i708_B5_Ots Final,TCAAGT,
21-12766,P133_2025-08,C5,i5_GACTCT,GACTCT,AGAGTC,i708,TCAAGT,Ots Final,0,,21-12766_GT.0026_i708_C5_Ots Final,TCAAGT,
21-12767,P133_2025-08,D5,i5_AATATC,AATATC,GATATT,i708,TCAAGT,Ots Final,0,,21-12767_GT.0026_i708_D5_Ots Final,TCAAGT,
21-12768,P133_2025-08,E5,i5_GCAGAT,GCAGAT,ATCTGC,i708,TCAAGT,Ots Final,0,,21-12768_GT.0026_i708_E5_Ots Final,TCAAGT,
21-12769,P133_2025-08,F5,i5_ACAGCG,ACAGCG,CGCTGT,i708,TCAAGT,Ots Final,0,,21-12769_GT.0026_i708_F5_Ots Final,TCAAGT,
21-12770,P133_2025-08,G5,i5_GCGACC,GCGACC,GGTCGC,i708,TCAAGT,Ots Final,0,,21-12770_GT.0026_i708_G5_Ots Final,TCAAGT,
21-12771,P133_2025-08,H5,i5_ACCCCC,ACCCCC,GGGGGT,i708,TCAAGT,Ots Final,0,,21-12771_GT.0026_i708_H5_Ots Final,TCAAGT,
21-12772,P133_2025-08,A6,i5_GGACTT,GGACTT,AAGTCC,i708,TCAAGT,Ots Final,0,,21-12772_GT.0026_i708_A6_Ots Final,TCAAGT,
21-12773,P133_2025-08,B6,i5_AGCCAT,AGCCAT,ATGGCT,i708,TCAAGT,Ots Final,0,,21-12773_GT.0026_i708_B6_Ots Final,TCAAGT,
21-12774,P133_2025-08,C6,i5_GGGGCG,GGGGCG,CGCCCC,i708,TCAAGT,Ots Final,0,,21-12774_GT.0026_i708_C6_Ots Final,TCAAGT,
21-12775,P133_2025-08,D6,i5_AGGTGT,AGGTGT,ACACCT,i708,TCAAGT,Ots Final,0,,21-12775_GT.0026_i708_D6_Ots Final,TCAAGT,
21-12776,P133_2025-08,E6,i5_GTAAGT,GTAAGT,ACTTAC,i708,TCAAGT,Ots Final,0,,21-12776_GT.0026_i708_E6_Ots Final,TCAAGT,
21-12777,P133_2025-08,F6,i5_ATAGTA,ATAGTA,TACTAT,i708,TCAAGT,Ots Final,0,,21-12777_GT.0026_i708_F6_Ots Final,TCAAGT,
21-12778,P133_2025-08,G6,i5_GTGCCT,GTGCCT,AGGCAC,i708,TCAAGT,Ots Final,0,,21-12778_GT.0026_i708_G6_Ots Final,TCAAGT,
21-12779,P133_2025-08,H6,i5_ATGTTG,ATGTTG,CAACAT,i708,TCAAGT,Ots Final,0,,21-12779_GT.0026_i708_H6_Ots Final,TCAAGT,
21-12780,P133_2025-08,A7,i5_TAAGCT,TAAGCT,AGCTTA,i708,TCAAGT,Ots Final,0,,21-12780_GT.0026_i708_A7_Ots Final,TCAAGT,
21-12781,P133_2025-08,B7,i5_CAATCG,CAATCG,CGATTG,i708,TCAAGT,Ots Final,0,,21-12781_GT.0026_i708_B7_Ots Final,TCAAGT,
21-12782,P133_2025-08,C7,i5_TACGGG,TACGGG,CCCGTA,i708,TCAAGT,Ots Final,0,,21-12782_GT.0026_i708_C7_Ots Final,TCAAGT,
21-12783,P133_2025-08,D7,i5_CATACT,CATACT,AGTATG,i708,TCAAGT,Ots Final,0,,21-12783_GT.0026_i708_D7_Ots Final,TCAAGT,
21-12784,P133_2025-08,E7,i5_TCAAAG,TCAAAG,CTTTGA,i708,TCAAGT,Ots Final,0,,21-12784_GT.0026_i708_E7_Ots Final,TCAAGT,
21-12785,P133_2025-08,F7,i5_CCCTAA,CCCTAA,TTAGGG,i708,TCAAGT,Ots Final,0,,21-12785_GT.0026_i708_F7_Ots Final,TCAAGT,
21-12786,P133_2025-08,G7,i5_TCGCCA,TCGCCA,TGGCGA,i708,TCAAGT,Ots Final,0,,21-12786_GT.0026_i708_G7_Ots Final,TCAAGT,
21-12787,P133_2025-08,H7,i5_CCTAAC,CCTAAC,GTTAGG,i708,TCAAGT,Ots Final,0,,21-12787_GT.0026_i708_H7_Ots Final,TCAAGT,
21-12788,P133_2025-08,A8,i5_TCTTCT,TCTTCT,AGAAGA,i708,TCAAGT,Ots Final,0,,21-12788_GT.0026_i708_A8_Ots Final,TCAAGT,
21-12789,P133_2025-08,B8,i5_CGCGTG,CGCGTG,CACGCG,i708,TCAAGT,Ots Final,0,,21-12789_GT.0026_i708_B8_Ots Final,TCAAGT,
21-12790,P133_2025-08,C8,i5_TGCCCG,TGCCCG,CGGGCA,i708,TCAAGT,Ots Final,0,,21-12790_GT.0026_i708_C8_Ots Final,TCAAGT,
21-12791,P133_2025-08,D8,i5_CGTGAT,CGTGAT,ATCACG,i708,TCAAGT,Ots Final,0,,21-12791_GT.0026_i708_D8_Ots Final,TCAAGT,
21-12792,P133_2025-08,E8,i5_TTATGA,TTATGA,TCATAA,i708,TCAAGT,Ots Final,0,,21-12792_GT.0026_i708_E8_Ots Final,TCAAGT,
21-12793,P133_2025-08,F8,i5_CTGCGA,CTGCGA,TCGCAG,i708,TCAAGT,Ots Final,0,,21-12793_GT.0026_i708_F8_Ots Final,TCAAGT,
21-12794,P133_2025-08,G8,i5_TTGAGC,TTGAGC,GCTCAA,i708,TCAAGT,Ots Final,0,,21-12794_GT.0026_i708_G8_Ots Final,TCAAGT,
21-12795,P133_2025-08,H8,i5_CTTTGC,CTTTGC,GCAAAG,i708,TCAAGT,Ots Final,0,,21-12795_GT.0026_i708_H8_Ots Final,TCAAGT,
21-12796,P133_2025-08,A9,i5_AACGTT,AACGTT,AACGTT,i708,TCAAGT,Ots Final,0,,21-12796_GT.0026_i708_A9_Ots Final,TCAAGT,
21-12797,P133_2025-08,B9,i5_GACGAC,GACGAC,GTCGTC,i708,TCAAGT,Ots Final,0,,21-12797_GT.0026_i708_B9_Ots Final,TCAAGT,
21-12798,P133_2025-08,C9,i5_AAGCTA,AAGCTA,TAGCTT,i708,TCAAGT,Ots Final,0,,21-12798_GT.0026_i708_C9_Ots Final,TCAAGT,
21-12799,P133_2025-08,D9,i5_AATCGT,AATCGT,ACGATT,i708,TCAAGT,Ots Final,0,,21-12799_GT.0026_i708_D9_Ots Final,TCAAGT,
21-12800,P133_2025-08,E9,i5_ACAAGA,ACAAGA,TCTTGT,i708,TCAAGT,Ots Final,0,,21-12800_GT.0026_i708_E9_Ots Final,TCAAGT,
21-12801,P133_2025-08,F9,i5_GCCGTA,GCCGTA,TACGGC,i708,TCAAGT,Ots Final,0,,21-12801_GT.0026_i708_F9_Ots Final,TCAAGT,
21-12802,P133_2025-08,G9,i5_ACCATG,ACCATG,CATGGT,i708,TCAAGT,Ots Final,0,,21-12802_GT.0026_i708_G9_Ots Final,TCAAGT,
21-12803,P133_2025-08,H9,i5_GCTCAA,GCTCAA,TTGAGC,i708,TCAAGT,Ots Final,0,,21-12803_GT.0026_i708_H9_Ots Final,TCAAGT,
21-12804,P133_2025-08,A10,i5_ACTGGC,ACTGGC,GCCAGT,i708,TCAAGT,Ots Final,0,,21-12804_GT.0026_i708_A10_Ots Final,TCAAGT,
21-12805,P133_2025-08,B10,i5_GGGCGC,GGGCGC,GCGCCC,i708,TCAAGT,Ots Final,0,,21-12805_GT.0026_i708_B10_Ots Final,TCAAGT,
21-12806,P133_2025-08,C10,i5_AGGGTC,AGGGTC,GACCCT,i708,TCAAGT,Ots Final,0,,21-12806_GT.0026_i708_C10_Ots Final,TCAAGT,
21-12807,P133_2025-08,D10,i5_GGTTTG,GGTTTG,CAAACC,i708,TCAAGT,Ots Final,0,,21-12807_GT.0026_i708_D10_Ots Final,TCAAGT,
21-12808,P133_2025-08,E10,i5_AGTTAA,AGTTAA,TTAACT,i708,TCAAGT,Ots Final,0,,21-12808_GT.0026_i708_E10_Ots Final,TCAAGT,
21-12809,P133_2025-08,F10,i5_GTCATC,GTCATC,GATGAC,i708,TCAAGT,Ots Final,0,,21-12809_GT.0026_i708_F10_Ots Final,TCAAGT,
21-12810,P133_2025-08,G10,i5_ATGCAC,ATGCAC,GTGCAT,i708,TCAAGT,Ots Final,0,,21-12810_GT.0026_i708_G10_Ots Final,TCAAGT,
21-12811,P133_2025-08,H10,i5_GTTGGA,GTTGGA,TCCAAC,i708,TCAAGT,Ots Final,0,,21-12811_GT.0026_i708_H10_Ots Final,TCAAGT,
21-12812,P133_2025-08,A11,i5_CAAAAA,CAAAAA,TTTTTG,i708,TCAAGT,Ots Final,0,,21-12812_GT.0026_i708_A11_Ots Final,TCAAGT,
21-12813,P133_2025-08,B11,i5_TACACA,TACACA,TGTGTA,i708,TCAAGT,Ots Final,0,,21-12813_GT.0026_i708_B11_Ots Final,TCAAGT,
21-12814,P133_2025-08,C11,i5_CAGGCA,CAGGCA,TGCCTG,i708,TCAAGT,Ots Final,0,,21-12814_GT.0026_i708_C11_Ots Final,TCAAGT,
21-12815,P133_2025-08,D11,i5_TATCAC,TATCAC,GTGATA,i708,TCAAGT,Ots Final,0,,21-12815_GT.0026_i708_D11_Ots Final,TCAAGT,
21-12816,P133_2025-08,E11,i5_CCCGGT,CCCGGT,ACCGGG,i708,TCAAGT,Ots Final,0,,21-12816_GT.0026_i708_E11_Ots Final,TCAAGT,
21-12817,P133_2025-08,F11,i5_TCGATT,TCGATT,AATCGA,i708,TCAAGT,Ots Final,0,,21-12817_GT.0026_i708_F11_Ots Final,TCAAGT,
21-12818,P133_2025-08,G11,i5_CCGCAT,CCGCAT,ATGCGG,i708,TCAAGT,Ots Final,0,,21-12818_GT.0026_i708_G11_Ots Final,TCAAGT,
21-12819,P133_2025-08,H11,i5_TCTCGG,TCTCGG,CCGAGA,i708,TCAAGT,Ots Final,0,,21-12819_GT.0026_i708_H11_Ots Final,TCAAGT,
21-12820,P133_2025-08,A12,i5_CGCAGA,CGCAGA,TCTGCG,i708,TCAAGT,Ots Final,0,,21-12820_GT.0026_i708_A12_Ots Final,TCAAGT,
21-12821,P133_2025-08,B12,i5_TGACAA,TGACAA,TTGTCA,i708,TCAAGT,Ots Final,0,,21-12821_GT.0026_i708_B12_Ots Final,TCAAGT,
21-12822,P133_2025-08,C12,i5_CGTCTA,CGTCTA,TAGACG,i708,TCAAGT,Ots Final,0,,21-12822_GT.0026_i708_C12_Ots Final,TCAAGT,
21-12823,P133_2025-08,D12,i5_TGGGGA,TGGGGA,TCCCCA,i708,TCAAGT,Ots Final,0,,21-12823_GT.0026_i708_D12_Ots Final,TCAAGT,
21-12824,P133_2025-08,E12,i5_CTCGCC,CTCGCC,GGCGAG,i708,TCAAGT,Ots Final,0,,21-12824_GT.0026_i708_E12_Ots Final,TCAAGT,
21-12825,P133_2025-08,F12,i5_TTCTAG,TTCTAG,CTAGAA,i708,TCAAGT,Ots Final,0,,21-12825_GT.0026_i708_F12_Ots Final,TCAAGT,
21-12826,P133_2025-08,G12,i5_CTTATG,CTTATG,CATAAG,i708,TCAAGT,Ots Final,0,,21-12826_GT.0026_i708_G12_Ots Final,TCAAGT,
Negative,P133_2025-08,H12,i5_TTTGTC,TTTGTC,GACAAA,i708,TCAAGT,Ots Final,0,,Negative_GT.0026_i708_H12_Ots Final,TCAAGT,
21-12827,P133_2025-09,A1,i5_AAACGG,AAACGG,CCGTTT,i709,CTGATC,Ots Final,0,,21-12827_GT.0026_i709_A1_Ots Final,CTGATC,
21-12828,P133_2025-09,B1,i5_GAACCA,GAACCA,TGGTTC,i709,CTGATC,Ots Final,0,,21-12828_GT.0026_i709_B1_Ots Final,CTGATC,
21-12829,P133_2025-09,C1,i5_AAGACG,AAGACG,CGTCTT,i709,CTGATC,Ots Final,0,,21-12829_GT.0026_i709_C1_Ots Final,CTGATC,
21-12830,P133_2025-09,D1,i5_GAGAGA,GAGAGA,TCTCTC,i709,CTGATC,Ots Final,0,,21-12830_GT.0026_i709_D1_Ots Final,CTGATC,
21-12831,P133_2025-09,E1,i5_AATGAG,AATGAG,CTCATT,i709,CTGATC,Ots Final,0,,21-12831_GT.0026_i709_E1_Ots Final,CTGATC,
21-12832,P133_2025-09,F1,i5_GCATGG,GCATGG,CCATGC,i709,CTGATC,Ots Final,0,,21-12832_GT.0026_i709_F1_Ots Final,CTGATC,
21-12833,P133_2025-09,G1,i5_ACATAC,ACATAC,GTATGT,i709,CTGATC,Ots Final,0,,21-12833_GT.0026_i709_G1_Ots Final,CTGATC,
21-12834,P133_2025-09,H1,i5_GCGCTG,GCGCTG,CAGCGC,i709,CTGATC,Ots Final,0,,21-12834_GT.0026_i709_H1_Ots Final,CTGATC,
21-12835,P133_2025-09,A2,i5_ACTCTT,ACTCTT,AAGAGT,i709,CTGATC,Ots Final,0,,21-12835_GT.0026_i709_A2_Ots Final,CTGATC,
21-12836,P133_2025-09,B2,i5_GGCAAG,GGCAAG,CTTGCC,i709,CTGATC,Ots Final,0,,21-12836_GT.0026_i709_B2_Ots Final,CTGATC,
21-12837,P133_2025-09,C2,i5_AGCGCA,AGCGCA,TGCGCT,i709,CTGATC,Ots Final,0,,21-12837_GT.0026_i709_C2_Ots Final,CTGATC,
21-12838,P133_2025-09,D2,i5_GGTACA,GGTACA,TGTACC,i709,CTGATC,Ots Final,0,,21-12838_GT.0026_i709_D2_Ots Final,CTGATC,
21-12839,P133_2025-09,E2,i5_AGTAGG,AGTAGG,CCTACT,i709,CTGATC,Ots Final,0,,21-12839_GT.0026_i709_E2_Ots Final,CTGATC,
21-12840,P133_2025-09,F2,i5_GTATCC,GTATCC,GGATAC,i709,CTGATC,Ots Final,0,,21-12840_GT.0026_i709_F2_Ots Final,CTGATC,
21-12841,P133_2025-09,G2,i5_ATCAAA,ATCAAA,TTTGAT,i709,CTGATC,Ots Final,0,,21-12841_GT.0026_i709_G2_Ots Final,CTGATC,
21-12842,P133_2025-09,H2,i5_GTGTAA,GTGTAA,TTACAC,i709,CTGATC,Ots Final,0,,21-12842_GT.0026_i709_H2_Ots Final,CTGATC,
21-12843,P133_2025-09,A3,i5_ATTCCG,ATTCCG,CGGAAT,i709,CTGATC,Ots Final,0,,21-12843_GT.0026_i709_A3_Ots Final,CTGATC,
21-12844,P133_2025-09,B3,i5_TAATTC,TAATTC,GAATTA,i709,CTGATC,Ots Final,0,,21-12844_GT.0026_i709_B3_Ots Final,CTGATC,
21-12845,P133_2025-09,C3,i5_CACCTC,CACCTC,GAGGTG,i709,CTGATC,Ots Final,0,,21-12845_GT.0026_i709_C3_Ots Final,CTGATC,
21-12846,P133_2025-09,D3,i5_TAGTAT,TAGTAT,ATACTA,i709,CTGATC,Ots Final,0,,21-12846_GT.0026_i709_D3_Ots Final,CTGATC,
21-12847,P133_2025-09,E3,i5_CCATTT,CCATTT,AAATGG,i709,CTGATC,Ots Final,0,,21-12847_GT.0026_i709_E3_Ots Final,CTGATC,
21-12848,P133_2025-09,F3,i5_TCCTGC,TCCTGC,GCAGGA,i709,CTGATC,Ots Final,0,,21-12848_GT.0026_i709_F3_Ots Final,CTGATC,
21-12849,P133_2025-09,G3,i5_CCGAGG,CCGAGG,CCTCGG,i709,CTGATC,Ots Final,0,,21-12849_GT.0026_i709_G3_Ots Final,CTGATC,
21-12850,P133_2025-09,H3,i5_TCGGAC,TCGGAC,GTCCGA,i709,CTGATC,Ots Final,0,,21-12850_GT.0026_i709_H3_Ots Final,CTGATC,
21-12851,P133_2025-09,A4,i5_CGAGGC,CGAGGC,GCCTCG,i709,CTGATC,Ots Final,0,,21-12851_GT.0026_i709_A4_Ots Final,CTGATC,
21-12852,P133_2025-09,B4,i5_TGAACC,TGAACC,GGTTCA,i709,CTGATC,Ots Final,0,,21-12852_GT.0026_i709_B4_Ots Final,CTGATC,
21-12853,P133_2025-09,C4,i5_CGGTCC,CGGTCC,GGACCG,i709,CTGATC,Ots Final,0,,21-12853_GT.0026_i709_C4_Ots Final,CTGATC,
21-12854,P133_2025-09,D4,i5_TGCTTA,TGCTTA,TAAGCA,i709,CTGATC,Ots Final,0,,21-12854_GT.0026_i709_D4_Ots Final,CTGATC,
21-12855,P133_2025-09,E4,i5_CTACAG,CTACAG,CTGTAG,i709,CTGATC,Ots Final,0,,21-12855_GT.0026_i709_E4_Ots Final,CTGATC,
21-12856,P133_2025-09,F4,i5_TTCCGT,TTCCGT,ACGGAA,i709,CTGATC,Ots Final,0,,21-12856_GT.0026_i709_F4_Ots Final,CTGATC,
21-12857,P133_2025-09,G4,i5_CTGGTT,CTGGTT,AACCAG,i709,CTGATC,Ots Final,0,,21-12857_GT.0026_i709_G4_Ots Final,CTGATC,
21-12858,P133_2025-09,H4,i5_TTTAAT,TTTAAT,ATTAAA,i709,CTGATC,Ots Final,0,,21-12858_GT.0026_i709_H4_Ots Final,CTGATC,
21-12859,P133_2025-09,A5,i5_GAAATG,GAAATG,CATTTC,i709,CTGATC,Ots Final,0,,21-12859_GT.0026_i709_A5_Ots Final,CTGATC,
21-12860,P133_2025-09,B5,i5_AACTGA,AACTGA,TCAGTT,i709,CTGATC,Ots Final,0,,21-12860_GT.0026_i709_B5_Ots Final,CTGATC,
21-12861,P133_2025-09,C5,i5_GACTCT,GACTCT,AGAGTC,i709,CTGATC,Ots Final,0,,21-12861_GT.0026_i709_C5_Ots Final,CTGATC,
21-12862,P133_2025-09,D5,i5_AATATC,AATATC,GATATT,i709,CTGATC,Ots Final,0,,21-12862_GT.0026_i709_D5_Ots Final,CTGATC,
21-12863,P133_2025-09,E5,i5_GCAGAT,GCAGAT,ATCTGC,i709,CTGATC,Ots Final,0,,21-12863_GT.0026_i709_E5_Ots Final,CTGATC,
21-12864,P133_2025-09,F5,i5_ACAGCG,ACAGCG,CGCTGT,i709,CTGATC,Ots Final,0,,21-12864_GT.0026_i709_F5_Ots Final,CTGATC,
21-12865,P133_2025-09,G5,i5_GCGACC,GCGACC,GGTCGC,i709,CTGATC,Ots Final,0,,21-12865_GT.0026_i709_G5_Ots Final,CTGATC,
21-12866,P133_2025-09,H5,i5_ACCCCC,ACCCCC,GGGGGT,i709,CTGATC,Ots Final,0,,21-12866_GT.0026_i709_H5_Ots Final,CTGATC,
21-12867,P133_2025-09,A6,i5_GGACTT,GGACTT,AAGTCC,i709,CTGATC,Ots Final,0,,21-12867_GT.0026_i709_A6_Ots Final,CTGATC,
21-12868,P133_2025-09,B6,i5_AGCCAT,AGCCAT,ATGGCT,i709,CTGATC,Ots Final,0,,21-12868_GT.0026_i709_B6_Ots Final,CTGATC,
21-12869,P133_2025-09,C6,i5_GGGGCG,GGGGCG,CGCCCC,i709,CTGATC,Ots Final,0,,21-12869_GT.0026_i709_C6_Ots Final,CTGATC,
21-12870,P133_2025-09,D6,i5_AGGTGT,AGGTGT,ACACCT,i709,CTGATC,Ots Final,0,,21-12870_GT.0026_i709_D6_Ots Final,CTGATC,
21-12871,P133_2025-09,E6,i5_GTAAGT,GTAAGT,ACTTAC,i709,CTGATC,Ots Final,0,,21-12871_GT.0026_i709_E6_Ots Final,CTGATC,
21-12872,P133_2025-09,F6,i5_ATAGTA,ATAGTA,TACTAT,i709,CTGATC,Ots Final,0,,21-12872_GT.0026_i709_F6_Ots Final,CTGATC,
21-12873,P133_2025-09,G6,i5_GTGCCT,GTGCCT,AGGCAC,i709,CTGATC,Ots Final,0,,21-12873_GT.0026_i709_G6_Ots Final,CTGATC,
21-12874,P133_2025-09,H6,i5_ATGTTG,ATGTTG,CAACAT,i709,CTGATC,Ots Final,0,,21-12874_GT.0026_i709_H6_Ots Final,CTGATC,
21-12875,P133_2025-09,A7,i5_TAAGCT,TAAGCT,AGCTTA,i709,CTGATC,Ots Final,0,,21-12875_GT.0026_i709_A7_Ots Final,CTGATC,
21-12876,P133_2025-09,B7,i5_CAATCG,CAATCG,CGATTG,i709,CTGATC,Ots Final,0,,21-12876_GT.0026_i709_B7_Ots Final,CTGATC,
21-12877,P133_2025-09,C7,i5_TACGGG,TACGGG,CCCGTA,i709,CTGATC,Ots Final,0,,21-12877_GT.0026_i709_C7_Ots Final,CTGATC,
21-12878,P133_2025-09,D7,i5_CATACT,CATACT,AGTATG,i709,CTGATC,Ots Final,0,,21-12878_GT.0026_i709_D7_Ots Final,CTGATC,
21-12879,P133_2025-09,E7,i5_TCAAAG,TCAAAG,CTTTGA,i709,CTGATC,Ots Final,0,,21-12879_GT.0026_i709_E7_Ots Final,CTGATC,
21-12880,P133_2025-09,F7,i5_CCCTAA,CCCTAA,TTAGGG,i709,CTGATC,Ots Final,0,,21-12880_GT.0026_i709_F7_Ots Final,CTGATC,
21-12881,P133_2025-09,G7,i5_TCGCCA,TCGCCA,TGGCGA,i709,CTGATC,Ots Final,0,,21-12881_GT.0026_i709_G7_Ots Final,CTGATC,
21-12882,P133_2025-09,H7,i5_CCTAAC,CCTAAC,GTTAGG,i709,CTGATC,Ots Final,0,,21-12882_GT.0026_i709_H7_Ots Final,CTGATC,
21-12883,P133_2025-09,A8,i5_TCTTCT,TCTTCT,AGAAGA,i709,CTGATC,Ots Final,0,,21-12883_GT.0026_i709_A8_Ots Final,CTGATC,
21-12884,P133_2025-09,B8,i5_CGCGTG,CGCGTG,CACGCG,i709,CTGATC,Ots Final,0,,21-12884_GT.0026_i709_B8_Ots Final,CTGATC,
21-12885,P133_2025-09,C8,i5_TGCCCG,TGCCCG,CGGGCA,i709,CTGATC,Ots Final,0,,21-12885_GT.0026_i709_C8_Ots Final,CTGATC,
21-12886,P133_2025-09,D8,i5_CGTGAT,CGTGAT,ATCACG,i709,CTGATC,Ots Final,0,,21-12886_GT.0026_i709_D8_Ots Final,CTGATC,
21-12887,P133_2025-09,E8,i5_TTATGA,TTATGA,TCATAA,i709,CTGATC,Ots Final,0,,21-12887_GT.0026_i709_E8_Ots Final,CTGATC,
21-12888,P133_2025-09,F8,i5_CTGCGA,CTGCGA,TCGCAG,i709,CTGATC,Ots Final,0,,21-12888_GT.0026_i709_F8_Ots Final,CTGATC,
21-12889,P133_2025-09,G8,i5_TTGAGC,TTGAGC,GCTCAA,i709,CTGATC,Ots Final,0,,21-12889_GT.0026_i709_G8_Ots Final,CTGATC,
21-12890,P133_2025-09,H8,i5_CTTTGC,CTTTGC,GCAAAG,i709,CTGATC,Ots Final,0,,21-12890_GT.0026_i709_H8_Ots Final,CTGATC,
21-12891,P133_2025-09,A9,i5_AACGTT,AACGTT,AACGTT,i709,CTGATC,Ots Final,0,,21-12891_GT.0026_i709_A9_Ots Final,CTGATC,
21-12892,P133_2025-09,B9,i5_GACGAC,GACGAC,GTCGTC,i709,CTGATC,Ots Final,0,,21-12892_GT.0026_i709_B9_Ots Final,CTGATC,
21-12893,P133_2025-09,C9,i5_AAGCTA,AAGCTA,TAGCTT,i709,CTGATC,Ots Final,0,,21-12893_GT.0026_i709_C9_Ots Final,CTGATC,
21-12894,P133_2025-09,D9,i5_AATCGT,AATCGT,ACGATT,i709,CTGATC,Ots Final,0,,21-12894_GT.0026_i709_D9_Ots Final,CTGATC,
21-12895,P133_2025-09,E9,i5_ACAAGA,ACAAGA,TCTTGT,i709,CTGATC,Ots Final,0,,21-12895_GT.0026_i709_E9_Ots Final,CTGATC,
21-12896,P133_2025-09,F9,i5_GCCGTA,GCCGTA,TACGGC,i709,CTGATC,Ots Final,0,,21-12896_GT.0026_i709_F9_Ots Final,CTGATC,
21-12897,P133_2025-09,G9,i5_ACCATG,ACCATG,CATGGT,i709,CTGATC,Ots Final,0,,21-12897_GT.0026_i709_G9_Ots Final,CTGATC,
21-12898,P133_2025-09,H9,i5_GCTCAA,GCTCAA,TTGAGC,i709,CTGATC,Ots Final,0,,21-12898_GT.0026_i709_H9_Ots Final,CTGATC,
21-12899,P133_2025-09,A10,i5_ACTGGC,ACTGGC,GCCAGT,i709,CTGATC,Ots Final,0,,21-12899_GT.0026_i709_A10_Ots Final,CTGATC,
21-12900,P133_2025-09,B10,i5_GGGCGC,GGGCGC,GCGCCC,i709,CTGATC,Ots Final,0,,21-12900_GT.0026_i709_B10_Ots Final,CTGATC,
21-12901,P133_2025-09,C10,i5_AGGGTC,AGGGTC,GACCCT,i709,CTGATC,Ots Final,0,,21-12901_GT.0026_i709_C10_Ots Final,CTGATC,
21-12902,P133_2025-09,D10,i5_GGTTTG,GGTTTG,CAAACC,i709,CTGATC,Ots Final,0,,21-12902_GT.0026_i709_D10_Ots Final,CTGATC,
21-12903,P133_2025-09,E10,i5_AGTTAA,AGTTAA,TTAACT,i709,CTGATC,Ots Final,0,,21-12903_GT.0026_i709_E10_Ots Final,CTGATC,
21-12904,P133_2025-09,F10,i5_GTCATC,GTCATC,GATGAC,i709,CTGATC,Ots Final,0,,21-12904_GT.0026_i709_F10_Ots Final,CTGATC,
21-12905,P133_2025-09,G10,i5_ATGCAC,ATGCAC,GTGCAT,i709,CTGATC,Ots Final,0,,21-12905_GT.0026_i709_G10_Ots Final,CTGATC,
21-12906,P133_2025-09,H10,i5_GTTGGA,GTTGGA,TCCAAC,i709,CTGATC,Ots Final,0,,21-12906_GT.0026_i709_H10_Ots Final,CTGATC,
21-12907,P133_2025-09,A11,i5_CAAAAA,CAAAAA,TTTTTG,i709,CTGATC,Ots Final,0,,21-12907_GT.0026_i709_A11_Ots Final,CTGATC,
21-12908,P133_2025-09,B11,i5_TACACA,TACACA,TGTGTA,i709,CTGATC,Ots Final,0,,21-12908_GT.0026_i709_B11_Ots Final,CTGATC,
21-12909,P133_2025-09,C11,i5_CAGGCA,CAGGCA,TGCCTG,i709,CTGATC,Ots Final,0,,21-12909_GT.0026_i709_C11_Ots Final,CTGATC,
21-12910,P133_2025-09,D11,i5_TATCAC,TATCAC,GTGATA,i709,CTGATC,Ots Final,0,,21-12910_GT.0026_i709_D11_Ots Final,CTGATC,
21-12911,P133_2025-09,E11,i5_CCCGGT,CCCGGT,ACCGGG,i709,CTGATC,Ots Final,0,,21-12911_GT.0026_i709_E11_Ots Final,CTGATC,
21-12912,P133_2025-09,F11,i5_TCGATT,TCGATT,AATCGA,i709,CTGATC,Ots Final,0,,21-12912_GT.0026_i709_F11_Ots Final,CTGATC,
21-12913,P133_2025-09,G11,i5_CCGCAT,CCGCAT,ATGCGG,i709,CTGATC,Ots Final,0,,21-12913_GT.0026_i709_G11_Ots Final,CTGATC,
21-12914,P133_2025-09,H11,i5_TCTCGG,TCTCGG,CCGAGA,i709,CTGATC,Ots Final,0,,21-12914_GT.0026_i709_H11_Ots Final,CTGATC,
21-12915,P133_2025-09,A12,i5_CGCAGA,CGCAGA,TCTGCG,i709,CTGATC,Ots Final,0,,21-12915_GT.0026_i709_A12_Ots Final,CTGATC,
21-12916,P133_2025-09,B12,i5_TGACAA,TGACAA,TTGTCA,i709,CTGATC,Ots Final,0,,21-12916_GT.0026_i709_B12_Ots Final,CTGATC,
21-12917,P133_2025-09,C12,i5_CGTCTA,CGTCTA,TAGACG,i709,CTGATC,Ots Final,0,,21-12917_GT.0026_i709_C12_Ots Final,CTGATC,
21-12918,P133_2025-09,D12,i5_TGGGGA,TGGGGA,TCCCCA,i709,CTGATC,Ots Final,0,,21-12918_GT.0026_i709_D12_Ots Final,CTGATC,
21-12919,P133_2025-09,E12,i5_CTCGCC,CTCGCC,GGCGAG,i709,CTGATC,Ots Final,0,,21-12919_GT.0026_i709_E12_Ots Final,CTGATC,
21-12920,P133_2025-09,F12,i5_TTCTAG,TTCTAG,CTAGAA,i709,CTGATC,Ots Final,0,,21-12920_GT.0026_i709_F12_Ots Final,CTGATC,
21-12921,P133_2025-09,G12,i5_CTTATG,CTTATG,CATAAG,i709,CTGATC,Ots Final,0,,21-12921_GT.0026_i709_G12_Ots Final,CTGATC,
Negative,P133_2025-09,H12,i5_TTTGTC,TTTGTC,GACAAA,i709,CTGATC,Ots Final,0,,Negative_GT.0026_i709_H12_Ots Final,CTGATC,
21-12922,P133_2025-10,A1,i5_AAACGG,AAACGG,CCGTTT,i710,AAGCTA,Ots Final,0,,21-12922_GT.0026_i710_A1_Ots Final,AAGCTA,
21-12923,P133_2025-10,B1,i5_GAACCA,GAACCA,TGGTTC,i710,AAGCTA,Ots Final,0,,21-12923_GT.0026_i710_B1_Ots Final,AAGCTA,
21-12924,P133_2025-10,C1,i5_AAGACG,AAGACG,CGTCTT,i710,AAGCTA,Ots Final,0,,21-12924_GT.0026_i710_C1_Ots Final,AAGCTA,
21-12925,P133_2025-10,D1,i5_GAGAGA,GAGAGA,TCTCTC,i710,AAGCTA,Ots Final,0,,21-12925_GT.0026_i710_D1_Ots Final,AAGCTA,
21-12926,P133_2025-10,E1,i5_AATGAG,AATGAG,CTCATT,i710,AAGCTA,Ots Final,0,,21-12926_GT.0026_i710_E1_Ots Final,AAGCTA,
21-12927,P133_2025-10,F1,i5_GCATGG,GCATGG,CCATGC,i710,AAGCTA,Ots Final,0,,21-12927_GT.0026_i710_F1_Ots Final,AAGCTA,
21-12928,P133_2025-10,G1,i5_ACATAC,ACATAC,GTATGT,i710,AAGCTA,Ots Final,0,,21-12928_GT.0026_i710_G1_Ots Final,AAGCTA,
21-12929,P133_2025-10,H1,i5_GCGCTG,GCGCTG,CAGCGC,i710,AAGCTA,Ots Final,0,,21-12929_GT.0026_i710_H1_Ots Final,AAGCTA,
21-12930,P133_2025-10,A2,i5_ACTCTT,ACTCTT,AAGAGT,i710,AAGCTA,Ots Final,0,,21-12930_GT.0026_i710_A2_Ots Final,AAGCTA,
21-12931,P133_2025-10,B2,i5_GGCAAG,GGCAAG,CTTGCC,i710,AAGCTA,Ots Final,0,,21-12931_GT.0026_i710_B2_Ots Final,AAGCTA,
21-12932,P133_2025-10,C2,i5_AGCGCA,AGCGCA,TGCGCT,i710,AAGCTA,Ots Final,0,,21-12932_GT.0026_i710_C2_Ots Final,AAGCTA,
21-12933,P133_2025-10,D2,i5_GGTACA,GGTACA,TGTACC,i710,AAGCTA,Ots Final,0,,21-12933_GT.0026_i710_D2_Ots Final,AAGCTA,
21-12934,P133_2025-10,E2,i5_AGTAGG,AGTAGG,CCTACT,i710,AAGCTA,Ots Final,0,,21-12934_GT.0026_i710_E2_Ots Final,AAGCTA,
21-12935,P133_2025-10,F2,i5_GTATCC,GTATCC,GGATAC,i710,AAGCTA,Ots Final,0,,21-12935_GT.0026_i710_F2_Ots Final,AAGCTA,
21-12936,P133_2025-10,G2,i5_ATCAAA,ATCAAA,TTTGAT,i710,AAGCTA,Ots Final,0,,21-12936_GT.0026_i710_G2_Ots Final,AAGCTA,
21-12937,P133_2025-10,H2,i5_GTGTAA,GTGTAA,TTACAC,i710,AAGCTA,Ots Final,0,,21-12937_GT.0026_i710_H2_Ots Final,AAGCTA,
21-12938,P133_2025-10,A3,i5_ATTCCG,ATTCCG,CGGAAT,i710,AAGCTA,Ots Final,0,,21-12938_GT.0026_i710_A3_Ots Final,AAGCTA,
21-12939,P133_2025-10,B3,i5_TAATTC,TAATTC,GAATTA,i710,AAGCTA,Ots Final,0,,21-12939_GT.0026_i710_B3_Ots Final,AAGCTA,
21-12940,P133_2025-10,C3,i5_CACCTC,CACCTC,GAGGTG,i710,AAGCTA,Ots Final,0,,21-12940_GT.0026_i710_C3_Ots Final,AAGCTA,
21-12941,P133_2025-10,D3,i5_TAGTAT,TAGTAT,ATACTA,i710,AAGCTA,Ots Final,0,,21-12941_GT.0026_i710_D3_Ots Final,AAGCTA,
21-12942,P133_2025-10,E3,i5_CCATTT,CCATTT,AAATGG,i710,AAGCTA,Ots Final,0,,21-12942_GT.0026_i710_E3_Ots Final,AAGCTA,
21-12943,P133_2025-10,F3,i5_TCCTGC,TCCTGC,GCAGGA,i710,AAGCTA,Ots Final,0,,21-12943_GT.0026_i710_F3_Ots Final,AAGCTA,
21-12944,P133_2025-10,G3,i5_CCGAGG,CCGAGG,CCTCGG,i710,AAGCTA,Ots Final,0,,21-12944_GT.0026_i710_G3_Ots Final,AAGCTA,
21-12945,P133_2025-10,H3,i5_TCGGAC,TCGGAC,GTCCGA,i710,AAGCTA,Ots Final,0,,21-12945_GT.0026_i710_H3_Ots Final,AAGCTA,
21-12946,P133_2025-10,A4,i5_CGAGGC,CGAGGC,GCCTCG,i710,AAGCTA,Ots Final,0,,21-12946_GT.0026_i710_A4_Ots Final,AAGCTA,
21-12947,P133_2025-10,B4,i5_TGAACC,TGAACC,GGTTCA,i710,AAGCTA,Ots Final,0,,21-12947_GT.0026_i710_B4_Ots Final,AAGCTA,
21-12948,P133_2025-10,C4,i5_CGGTCC,CGGTCC,GGACCG,i710,AAGCTA,Ots Final,0,,21-12948_GT.0026_i710_C4_Ots Final,AAGCTA,
21-12949,P133_2025-10,D4,i5_TGCTTA,TGCTTA,TAAGCA,i710,AAGCTA,Ots Final,0,,21-12949_GT.0026_i710_D4_Ots Final,AAGCTA,
21-12950,P133_2025-10,E4,i5_CTACAG,CTACAG,CTGTAG,i710,AAGCTA,Ots Final,0,,21-12950_GT.0026_i710_E4_Ots Final,AAGCTA,
21-12951,P133_2025-10,F4,i5_TTCCGT,TTCCGT,ACGGAA,i710,AAGCTA,Ots Final,0,,21-12951_GT.0026_i710_F4_Ots Final,AAGCTA,
21-12952,P133_2025-10,G4,i5_CTGGTT,CTGGTT,AACCAG,i710,AAGCTA,Ots Final,0,,21-12952_GT.0026_i710_G4_Ots Final,AAGCTA,
21-12953,P133_2025-10,H4,i5_TTTAAT,TTTAAT,ATTAAA,i710,AAGCTA,Ots Final,0,,21-12953_GT.0026_i710_H4_Ots Final,AAGCTA,
21-12954,P133_2025-10,A5,i5_GAAATG,GAAATG,CATTTC,i710,AAGCTA,Ots Final,0,,21-12954_GT.0026_i710_A5_Ots Final,AAGCTA,
21-12955,P133_2025-10,B5,i5_AACTGA,AACTGA,TCAGTT,i710,AAGCTA,Ots Final,0,,21-12955_GT.0026_i710_B5_Ots Final,AAGCTA,
21-12956,P133_2025-10,C5,i5_GACTCT,GACTCT,AGAGTC,i710,AAGCTA,Ots Final,0,,21-12956_GT.0026_i710_C5_Ots Final,AAGCTA,
21-12957,P133_2025-10,D5,i5_AATATC,AATATC,GATATT,i710,AAGCTA,Ots Final,0,,21-12957_GT.0026_i710_D5_Ots Final,AAGCTA,
21-12958,P133_2025-10,E5,i5_GCAGAT,GCAGAT,ATCTGC,i710,AAGCTA,Ots Final,0,,21-12958_GT.0026_i710_E5_Ots Final,AAGCTA,
21-12959,P133_2025-10,F5,i5_ACAGCG,ACAGCG,CGCTGT,i710,AAGCTA,Ots Final,0,,21-12959_GT.0026_i710_F5_Ots Final,AAGCTA,
21-12960,P133_2025-10,G5,i5_GCGACC,GCGACC,GGTCGC,i710,AAGCTA,Ots Final,0,,21-12960_GT.0026_i710_G5_Ots Final,AAGCTA,
21-12961,P133_2025-10,H5,i5_ACCCCC,ACCCCC,GGGGGT,i710,AAGCTA,Ots Final,0,,21-12961_GT.0026_i710_H5_Ots Final,AAGCTA,
21-12962,P133_2025-10,A6,i5_GGACTT,GGACTT,AAGTCC,i710,AAGCTA,Ots Final,0,,21-12962_GT.0026_i710_A6_Ots Final,AAGCTA,
21-12963,P133_2025-10,B6,i5_AGCCAT,AGCCAT,ATGGCT,i710,AAGCTA,Ots Final,0,,21-12963_GT.0026_i710_B6_Ots Final,AAGCTA,
21-12964,P133_2025-10,C6,i5_GGGGCG,GGGGCG,CGCCCC,i710,AAGCTA,Ots Final,0,,21-12964_GT.0026_i710_C6_Ots Final,AAGCTA,
21-12965,P133_2025-10,D6,i5_AGGTGT,AGGTGT,ACACCT,i710,AAGCTA,Ots Final,0,,21-12965_GT.0026_i710_D6_Ots Final,AAGCTA,
21-12966,P133_2025-10,E6,i5_GTAAGT,GTAAGT,ACTTAC,i710,AAGCTA,Ots Final,0,,21-12966_GT.0026_i710_E6_Ots Final,AAGCTA,
21-12967,P133_2025-10,F6,i5_ATAGTA,ATAGTA,TACTAT,i710,AAGCTA,Ots Final,0,,21-12967_GT.0026_i710_F6_Ots Final,AAGCTA,
21-12968,P133_2025-10,G6,i5_GTGCCT,GTGCCT,AGGCAC,i710,AAGCTA,Ots Final,0,,21-12968_GT.0026_i710_G6_Ots Final,AAGCTA,
21-12969,P133_2025-10,H6,i5_ATGTTG,ATGTTG,CAACAT,i710,AAGCTA,Ots Final,0,,21-12969_GT.0026_i710_H6_Ots Final,AAGCTA,
21-12970,P133_2025-10,A7,i5_TAAGCT,TAAGCT,AGCTTA,i710,AAGCTA,Ots Final,0,,21-12970_GT.0026_i710_A7_Ots Final,AAGCTA,
21-12971,P133_2025-10,B7,i5_CAATCG,CAATCG,CGATTG,i710,AAGCTA,Ots Final,0,,21-12971_GT.0026_i710_B7_Ots Final,AAGCTA,
21-12972,P133_2025-10,C7,i5_TACGGG,TACGGG,CCCGTA,i710,AAGCTA,Ots Final,0,,21-12972_GT.0026_i710_C7_Ots Final,AAGCTA,
21-12973,P133_2025-10,D7,i5_CATACT,CATACT,AGTATG,i710,AAGCTA,Ots Final,0,,21-12973_GT.0026_i710_D7_Ots Final,AAGCTA,
21-12974,P133_2025-10,E7,i5_TCAAAG,TCAAAG,CTTTGA,i710,AAGCTA,Ots Final,0,,21-12974_GT.0026_i710_E7_Ots Final,AAGCTA,
21-12975,P133_2025-10,F7,i5_CCCTAA,CCCTAA,TTAGGG,i710,AAGCTA,Ots Final,0,,21-12975_GT.0026_i710_F7_Ots Final,AAGCTA,
21-12976,P133_2025-10,G7,i5_TCGCCA,TCGCCA,TGGCGA,i710,AAGCTA,Ots Final,0,,21-12976_GT.0026_i710_G7_Ots Final,AAGCTA,
21-12977,P133_2025-10,H7,i5_CCTAAC,CCTAAC,GTTAGG,i710,AAGCTA,Ots Final,0,,21-12977_GT.0026_i710_H7_Ots Final,AAGCTA,
21-12978,P133_2025-10,A8,i5_TCTTCT,TCTTCT,AGAAGA,i710,AAGCTA,Ots Final,0,,21-12978_GT.0026_i710_A8_Ots Final,AAGCTA,
21-12979,P133_2025-10,B8,i5_CGCGTG,CGCGTG,CACGCG,i710,AAGCTA,Ots Final,0,,21-12979_GT.0026_i710_B8_Ots Final,AAGCTA,
21-12980,P133_2025-10,C8,i5_TGCCCG,TGCCCG,CGGGCA,i710,AAGCTA,Ots Final,0,,21-12980_GT.0026_i710_C8_Ots Final,AAGCTA,
21-12981,P133_2025-10,D8,i5_CGTGAT,CGTGAT,ATCACG,i710,AAGCTA,Ots Final,0,,21-12981_GT.0026_i710_D8_Ots Final,AAGCTA,
21-12982,P133_2025-10,E8,i5_TTATGA,TTATGA,TCATAA,i710,AAGCTA,Ots Final,0,,21-12982_GT.0026_i710_E8_Ots Final,AAGCTA,
21-12983,P133_2025-10,F8,i5_CTGCGA,CTGCGA,TCGCAG,i710,AAGCTA,Ots Final,0,,21-12983_GT.0026_i710_F8_Ots Final,AAGCTA,
21-12984,P133_2025-10,G8,i5_TTGAGC,TTGAGC,GCTCAA,i710,AAGCTA,Ots Final,0,,21-12984_GT.0026_i710_G8_Ots Final,AAGCTA,
21-12985,P133_2025-10,H8,i5_CTTTGC,CTTTGC,GCAAAG,i710,AAGCTA,Ots Final,0,,21-12985_GT.0026_i710_H8_Ots Final,AAGCTA,
21-12986,P133_2025-10,A9,i5_AACGTT,AACGTT,AACGTT,i710,AAGCTA,Ots Final,0,,21-12986_GT.0026_i710_A9_Ots Final,AAGCTA,
21-12987,P133_2025-10,B9,i5_GACGAC,GACGAC,GTCGTC,i710,AAGCTA,Ots Final,0,,21-12987_GT.0026_i710_B9_Ots Final,AAGCTA,
21-12988,P133_2025-10,C9,i5_AAGCTA,AAGCTA,TAGCTT,i710,AAGCTA,Ots Final,0,,21-12988_GT.0026_i710_C9_Ots Final,AAGCTA,
21-12989,P133_2025-10,D9,i5_AATCGT,AATCGT,ACGATT,i710,AAGCTA,Ots Final,0,,21-12989_GT.0026_i710_D9_Ots Final,AAGCTA,
21-12990,P133_2025-10,E9,i5_ACAAGA,ACAAGA,TCTTGT,i710,AAGCTA,Ots Final,0,,21-12990_GT.0026_i710_E9_Ots Final,AAGCTA,
21-12991,P133_2025-10,F9,i5_GCCGTA,GCCGTA,TACGGC,i710,AAGCTA,Ots Final,0,,21-12991_GT.0026_i710_F9_Ots Final,AAGCTA,
21-12992,P133_2025-10,G9,i5_ACCATG,ACCATG,CATGGT,i710,AAGCTA,Ots Final,0,,21-12992_GT.0026_i710_G9_Ots Final,AAGCTA,
21-12993,P133_2025-10,H9,i5_GCTCAA,GCTCAA,TTGAGC,i710,AAGCTA,Ots Final,0,,21-12993_GT.0026_i710_H9_Ots Final,AAGCTA,
21-12994,P133_2025-10,A10,i5_ACTGGC,ACTGGC,GCCAGT,i710,AAGCTA,Ots Final,0,,21-12994_GT.0026_i710_A10_Ots Final,AAGCTA,
21-12995,P133_2025-10,B10,i5_GGGCGC,GGGCGC,GCGCCC,i710,AAGCTA,Ots Final,0,,21-12995_GT.0026_i710_B10_Ots Final,AAGCTA,
21-12996,P133_2025-10,C10,i5_AGGGTC,AGGGTC,GACCCT,i710,AAGCTA,Ots Final,0,,21-12996_GT.0026_i710_C10_Ots Final,AAGCTA,
21-12997,P133_2025-10,D10,i5_GGTTTG,GGTTTG,CAAACC,i710,AAGCTA,Ots Final,0,,21-12997_GT.0026_i710_D10_Ots Final,AAGCTA,
21-12998,P133_2025-10,E10,i5_AGTTAA,AGTTAA,TTAACT,i710,AAGCTA,Ots Final,0,,21-12998_GT.0026_i710_E10_Ots Final,AAGCTA,
21-12999,P133_2025-10,F10,i5_GTCATC,GTCATC,GATGAC,i710,AAGCTA,Ots Final,0,,21-12999_GT.0026_i710_F10_Ots Final,AAGCTA,
21-13000,P133_2025-10,G10,i5_ATGCAC,ATGCAC,GTGCAT,i710,AAGCTA,Ots Final,0,,21-13000_GT.0026_i710_G10_Ots Final,AAGCTA,
21-13001,P133_2025-10,H10,i5_GTTGGA,GTTGGA,TCCAAC,i710,AAGCTA,Ots Final,0,,21-13001_GT.0026_i710_H10_Ots Final,AAGCTA,
21-13002,P133_2025-10,A11,i5_CAAAAA,CAAAAA,TTTTTG,i710,AAGCTA,Ots Final,0,,21-13002_GT.0026_i710_A11_Ots Final,AAGCTA,
21-13003,P133_2025-10,B11,i5_TACACA,TACACA,TGTGTA,i710,AAGCTA,Ots Final,0,,21-13003_GT.0026_i710_B11_Ots Final,AAGCTA,
21-13004,P133_2025-10,C11,i5_CAGGCA,CAGGCA,TGCCTG,i710,AAGCTA,Ots Final,0,,21-13004_GT.0026_i710_C11_Ots Final,AAGCTA,
21-13005,P133_2025-10,D11,i5_TATCAC,TATCAC,GTGATA,i710,AAGCTA,Ots Final,0,,21-13005_GT.0026_i710_D11_Ots Final,AAGCTA,
21-13006,P133_2025-10,E11,i5_CCCGGT,CCCGGT,ACCGGG,i710,AAGCTA,Ots Final,0,,21-13006_GT.0026_i710_E11_Ots Final,AAGCTA,
21-13007,P133_2025-10,F11,i5_TCGATT,TCGATT,AATCGA,i710,AAGCTA,Ots Final,0,,21-13007_GT.0026_i710_F11_Ots Final,AAGCTA,
21-13008,P133_2025-10,G11,i5_CCGCAT,CCGCAT,ATGCGG,i710,AAGCTA,Ots Final,0,,21-13008_GT.0026_i710_G11_Ots Final,AAGCTA,
21-13009,P133_2025-10,H11,i5_TCTCGG,TCTCGG,CCGAGA,i710,AAGCTA,Ots Final,0,,21-13009_GT.0026_i710_H11_Ots Final,AAGCTA,
21-13010,P133_2025-10,A12,i5_CGCAGA,CGCAGA,TCTGCG,i710,AAGCTA,Ots Final,0,,21-13010_GT.0026_i710_A12_Ots Final,AAGCTA,
21-13011,P133_2025-10,B12,i5_TGACAA,TGACAA,TTGTCA,i710,AAGCTA,Ots Final,0,,21-13011_GT.0026_i710_B12_Ots Final,AAGCTA,
21-13012,P133_2025-10,C12,i5_CGTCTA,CGTCTA,TAGACG,i710,AAGCTA,Ots Final,0,,21-13012_GT.0026_i710_C12_Ots Final,AAGCTA,
21-13013,P133_2025-10,D12,i5_TGGGGA,TGGGGA,TCCCCA,i710,AAGCTA,Ots Final,0,,21-13013_GT.0026_i710_D12_Ots Final,AAGCTA,
21-13014,P133_2025-10,E12,i5_CTCGCC,CTCGCC,GGCGAG,i710,AAGCTA,Ots Final,0,,21-13014_GT.0026_i710_E12_Ots Final,AAGCTA,
21-13015,P133_2025-10,F12,i5_TTCTAG,TTCTAG,CTAGAA,i710,AAGCTA,Ots Final,0,,21-13015_GT.0026_i710_F12_Ots Final,AAGCTA,
21-13016,P133_2025-10,G12,i5_CTTATG,CTTATG,CATAAG,i710,AAGCTA,Ots Final,0,,21-13016_GT.0026_i710_G12_Ots Final,AAGCTA,
Negative,P133_2025-10,H12,i5_TTTGTC,TTTGTC,GACAAA,i710,AAGCTA,Ots Final,0,,Negative_GT.0026_i710_H12_Ots Final,AAGCTA,
21-13017,P133_2025-11,A1,i5_AAACGG,AAACGG,CCGTTT,i711,GTAGCC,Ots Final,0,,21-13017_GT.0026_i711_A1_Ots Final,GTAGCC,
21-13018,P133_2025-11,B1,i5_GAACCA,GAACCA,TGGTTC,i711,GTAGCC,Ots Final,0,,21-13018_GT.0026_i711_B1_Ots Final,GTAGCC,
21-13019,P133_2025-11,C1,i5_AAGACG,AAGACG,CGTCTT,i711,GTAGCC,Ots Final,0,,21-13019_GT.0026_i711_C1_Ots Final,GTAGCC,
21-13020,P133_2025-11,D1,i5_GAGAGA,GAGAGA,TCTCTC,i711,GTAGCC,Ots Final,0,,21-13020_GT.0026_i711_D1_Ots Final,GTAGCC,
21-13021,P133_2025-11,E1,i5_AATGAG,AATGAG,CTCATT,i711,GTAGCC,Ots Final,0,,21-13021_GT.0026_i711_E1_Ots Final,GTAGCC,
21-13022,P133_2025-11,F1,i5_GCATGG,GCATGG,CCATGC,i711,GTAGCC,Ots Final,0,,21-13022_GT.0026_i711_F1_Ots Final,GTAGCC,
21-13023,P133_2025-11,G1,i5_ACATAC,ACATAC,GTATGT,i711,GTAGCC,Ots Final,0,,21-13023_GT.0026_i711_G1_Ots Final,GTAGCC,
21-13024,P133_2025-11,H1,i5_GCGCTG,GCGCTG,CAGCGC,i711,GTAGCC,Ots Final,0,,21-13024_GT.0026_i711_H1_Ots Final,GTAGCC,
21-13025,P133_2025-11,A2,i5_ACTCTT,ACTCTT,AAGAGT,i711,GTAGCC,Ots Final,0,,21-13025_GT.0026_i711_A2_Ots Final,GTAGCC,
21-13026,P133_2025-11,B2,i5_GGCAAG,GGCAAG,CTTGCC,i711,GTAGCC,Ots Final,0,,21-13026_GT.0026_i711_B2_Ots Final,GTAGCC,
21-13027,P133_2025-11,C2,i5_AGCGCA,AGCGCA,TGCGCT,i711,GTAGCC,Ots Final,0,,21-13027_GT.0026_i711_C2_Ots Final,GTAGCC,
21-13028,P133_2025-11,D2,i5_GGTACA,GGTACA,TGTACC,i711,GTAGCC,Ots Final,0,,21-13028_GT.0026_i711_D2_Ots Final,GTAGCC,
21-13029,P133_2025-11,E2,i5_AGTAGG,AGTAGG,CCTACT,i711,GTAGCC,Ots Final,0,,21-13029_GT.0026_i711_E2_Ots Final,GTAGCC,
21-13030,P133_2025-11,F2,i5_GTATCC,GTATCC,GGATAC,i711,GTAGCC,Ots Final,0,,21-13030_GT.0026_i711_F2_Ots Final,GTAGCC,
21-13031,P133_2025-11,G2,i5_ATCAAA,ATCAAA,TTTGAT,i711,GTAGCC,Ots Final,0,,21-13031_GT.0026_i711_G2_Ots Final,GTAGCC,
21-13032,P133_2025-11,H2,i5_GTGTAA,GTGTAA,TTACAC,i711,GTAGCC,Ots Final,0,,21-13032_GT.0026_i711_H2_Ots Final,GTAGCC,
21-13033,P133_2025-11,A3,i5_ATTCCG,ATTCCG,CGGAAT,i711,GTAGCC,Ots Final,0,,21-13033_GT.0026_i711_A3_Ots Final,GTAGCC,
21-13034,P133_2025-11,B3,i5_TAATTC,TAATTC,GAATTA,i711,GTAGCC,Ots Final,0,,21-13034_GT.0026_i711_B3_Ots Final,GTAGCC,
21-13035,P133_2025-11,C3,i5_CACCTC,CACCTC,GAGGTG,i711,GTAGCC,Ots Final,0,,21-13035_GT.0026_i711_C3_Ots Final,GTAGCC,
21-13036,P133_2025-11,D3,i5_TAGTAT,TAGTAT,ATACTA,i711,GTAGCC,Ots Final,0,,21-13036_GT.0026_i711_D3_Ots Final,GTAGCC,
21-13037,P133_2025-11,E3,i5_CCATTT,CCATTT,AAATGG,i711,GTAGCC,Ots Final,0,,21-13037_GT.0026_i711_E3_Ots Final,GTAGCC,
21-13038,P133_2025-11,F3,i5_TCCTGC,TCCTGC,GCAGGA,i711,GTAGCC,Ots Final,0,,21-13038_GT.0026_i711_F3_Ots Final,GTAGCC,
21-13039,P133_2025-11,G3,i5_CCGAGG,CCGAGG,CCTCGG,i711,GTAGCC,Ots Final,0,,21-13039_GT.0026_i711_G3_Ots Final,GTAGCC,
21-13040,P133_2025-11,H3,i5_TCGGAC,TCGGAC,GTCCGA,i711,GTAGCC,Ots Final,0,,21-13040_GT.0026_i711_H3_Ots Final,GTAGCC,
21-13041,P133_2025-11,A4,i5_CGAGGC,CGAGGC,GCCTCG,i711,GTAGCC,Ots Final,0,,21-13041_GT.0026_i711_A4_Ots Final,GTAGCC,
21-13042,P133_2025-11,B4,i5_TGAACC,TGAACC,GGTTCA,i711,GTAGCC,Ots Final,0,,21-13042_GT.0026_i711_B4_Ots Final,GTAGCC,
21-13043,P133_2025-11,C4,i5_CGGTCC,CGGTCC,GGACCG,i711,GTAGCC,Ots Final,0,,21-13043_GT.0026_i711_C4_Ots Final,GTAGCC,
21-13044,P133_2025-11,D4,i5_TGCTTA,TGCTTA,TAAGCA,i711,GTAGCC,Ots Final,0,,21-13044_GT.0026_i711_D4_Ots Final,GTAGCC,
21-13045,P133_2025-11,E4,i5_CTACAG,CTACAG,CTGTAG,i711,GTAGCC,Ots Final,0,,21-13045_GT.0026_i711_E4_Ots Final,GTAGCC,
21-13046,P133_2025-11,F4,i5_TTCCGT,TTCCGT,ACGGAA,i711,GTAGCC,Ots Final,0,,21-13046_GT.0026_i711_F4_Ots Final,GTAGCC,
21-13047,P133_2025-11,G4,i5_CTGGTT,CTGGTT,AACCAG,i711,GTAGCC,Ots Final,0,,21-13047_GT.0026_i711_G4_Ots Final,GTAGCC,
21-13048,P133_2025-11,H4,i5_TTTAAT,TTTAAT,ATTAAA,i711,GTAGCC,Ots Final,0,,21-13048_GT.0026_i711_H4_Ots Final,GTAGCC,
21-13049,P133_2025-11,A5,i5_GAAATG,GAAATG,CATTTC,i711,GTAGCC,Ots Final,0,,21-13049_GT.0026_i711_A5_Ots Final,GTAGCC,
21-13050,P133_2025-11,B5,i5_AACTGA,AACTGA,TCAGTT,i711,GTAGCC,Ots Final,0,,21-13050_GT.0026_i711_B5_Ots Final,GTAGCC,
21-13051,P133_2025-11,C5,i5_GACTCT,GACTCT,AGAGTC,i711,GTAGCC,Ots Final,0,,21-13051_GT.0026_i711_C5_Ots Final,GTAGCC,
21-13052,P133_2025-11,D5,i5_AATATC,AATATC,GATATT,i711,GTAGCC,Ots Final,0,,21-13052_GT.0026_i711_D5_Ots Final,GTAGCC,
21-13053,P133_2025-11,E5,i5_GCAGAT,GCAGAT,ATCTGC,i711,GTAGCC,Ots Final,0,,21-13053_GT.0026_i711_E5_Ots Final,GTAGCC,
21-13054,P133_2025-11,F5,i5_ACAGCG,ACAGCG,CGCTGT,i711,GTAGCC,Ots Final,0,,21-13054_GT.0026_i711_F5_Ots Final,GTAGCC,
21-13055,P133_2025-11,G5,i5_GCGACC,GCGACC,GGTCGC,i711,GTAGCC,Ots Final,0,,21-13055_GT.0026_i711_G5_Ots Final,GTAGCC,
21-13056,P133_2025-11,H5,i5_ACCCCC,ACCCCC,GGGGGT,i711,GTAGCC,Ots Final,0,,21-13056_GT.0026_i711_H5_Ots Final,GTAGCC,
21-13057,P133_2025-11,A6,i5_GGACTT,GGACTT,AAGTCC,i711,GTAGCC,Ots Final,0,,21-13057_GT.0026_i711_A6_Ots Final,GTAGCC,
21-13058,P133_2025-11,B6,i5_AGCCAT,AGCCAT,ATGGCT,i711,GTAGCC,Ots Final,0,,21-13058_GT.0026_i711_B6_Ots Final,GTAGCC,
21-13059,P133_2025-11,C6,i5_GGGGCG,GGGGCG,CGCCCC,i711,GTAGCC,Ots Final,0,,21-13059_GT.0026_i711_C6_Ots Final,GTAGCC,
21-13060,P133_2025-11,D6,i5_AGGTGT,AGGTGT,ACACCT,i711,GTAGCC,Ots Final,0,,21-13060_GT.0026_i711_D6_Ots Final,GTAGCC,
21-13061,P133_2025-11,E6,i5_GTAAGT,GTAAGT,ACTTAC,i711,GTAGCC,Ots Final,0,,21-13061_GT.0026_i711_E6_Ots Final,GTAGCC,
21-13062,P133_2025-11,F6,i5_ATAGTA,ATAGTA,TACTAT,i711,GTAGCC,Ots Final,0,,21-13062_GT.0026_i711_F6_Ots Final,GTAGCC,
21-13063,P133_2025-11,G6,i5_GTGCCT,GTGCCT,AGGCAC,i711,GTAGCC,Ots Final,0,,21-13063_GT.0026_i711_G6_Ots Final,GTAGCC,
21-13064,P133_2025-11,H6,i5_ATGTTG,ATGTTG,CAACAT,i711,GTAGCC,Ots Final,0,,21-13064_GT.0026_i711_H6_Ots Final,GTAGCC,
21-13065,P133_2025-11,A7,i5_TAAGCT,TAAGCT,AGCTTA,i711,GTAGCC,Ots Final,0,,21-13065_GT.0026_i711_A7_Ots Final,GTAGCC,
21-13066,P133_2025-11,B7,i5_CAATCG,CAATCG,CGATTG,i711,GTAGCC,Ots Final,0,,21-13066_GT.0026_i711_B7_Ots Final,GTAGCC,
21-13067,P133_2025-11,C7,i5_TACGGG,TACGGG,CCCGTA,i711,GTAGCC,Ots Final,0,,21-13067_GT.0026_i711_C7_Ots Final,GTAGCC,
21-13068,P133_2025-11,D7,i5_CATACT,CATACT,AGTATG,i711,GTAGCC,Ots Final,0,,21-13068_GT.0026_i711_D7_Ots Final,GTAGCC,
21-13069,P133_2025-11,E7,i5_TCAAAG,TCAAAG,CTTTGA,i711,GTAGCC,Ots Final,0,,21-13069_GT.0026_i711_E7_Ots Final,GTAGCC,
21-13070,P133_2025-11,F7,i5_CCCTAA,CCCTAA,TTAGGG,i711,GTAGCC,Ots Final,0,,21-13070_GT.0026_i711_F7_Ots Final,GTAGCC,
21-13071,P133_2025-11,G7,i5_TCGCCA,TCGCCA,TGGCGA,i711,GTAGCC,Ots Final,0,,21-13071_GT.0026_i711_G7_Ots Final,GTAGCC,
21-13072,P133_2025-11,H7,i5_CCTAAC,CCTAAC,GTTAGG,i711,GTAGCC,Ots Final,0,,21-13072_GT.0026_i711_H7_Ots Final,GTAGCC,
21-13073,P133_2025-11,A8,i5_TCTTCT,TCTTCT,AGAAGA,i711,GTAGCC,Ots Final,0,,21-13073_GT.0026_i711_A8_Ots Final,GTAGCC,
21-13074,P133_2025-11,B8,i5_CGCGTG,CGCGTG,CACGCG,i711,GTAGCC,Ots Final,0,,21-13074_GT.0026_i711_B8_Ots Final,GTAGCC,
21-13075,P133_2025-11,C8,i5_TGCCCG,TGCCCG,CGGGCA,i711,GTAGCC,Ots Final,0,,21-13075_GT.0026_i711_C8_Ots Final,GTAGCC,
21-13076,P133_2025-11,D8,i5_CGTGAT,CGTGAT,ATCACG,i711,GTAGCC,Ots Final,0,,21-13076_GT.0026_i711_D8_Ots Final,GTAGCC,
21-13077,P133_2025-11,E8,i5_TTATGA,TTATGA,TCATAA,i711,GTAGCC,Ots Final,0,,21-13077_GT.0026_i711_E8_Ots Final,GTAGCC,
21-13078,P133_2025-11,F8,i5_CTGCGA,CTGCGA,TCGCAG,i711,GTAGCC,Ots Final,0,,21-13078_GT.0026_i711_F8_Ots Final,GTAGCC,
21-13079,P133_2025-11,G8,i5_TTGAGC,TTGAGC,GCTCAA,i711,GTAGCC,Ots Final,0,,21-13079_GT.0026_i711_G8_Ots Final,GTAGCC,
21-13080,P133_2025-11,H8,i5_CTTTGC,CTTTGC,GCAAAG,i711,GTAGCC,Ots Final,0,,21-13080_GT.0026_i711_H8_Ots Final,GTAGCC,
21-13081,P133_2025-11,A9,i5_AACGTT,AACGTT,AACGTT,i711,GTAGCC,Ots Final,0,,21-13081_GT.0026_i711_A9_Ots Final,GTAGCC,
21-13082,P133_2025-11,B9,i5_GACGAC,GACGAC,GTCGTC,i711,GTAGCC,Ots Final,0,,21-13082_GT.0026_i711_B9_Ots Final,GTAGCC,
21-13083,P133_2025-11,C9,i5_AAGCTA,AAGCTA,TAGCTT,i711,GTAGCC,Ots Final,0,,21-13083_GT.0026_i711_C9_Ots Final,GTAGCC,
21-13084,P133_2025-11,D9,i5_AATCGT,AATCGT,ACGATT,i711,GTAGCC,Ots Final,0,,21-13084_GT.0026_i711_D9_Ots Final,GTAGCC,
21-13085,P133_2025-11,E9,i5_ACAAGA,ACAAGA,TCTTGT,i711,GTAGCC,Ots Final,0,,21-13085_GT.0026_i711_E9_Ots Final,GTAGCC,
21-13086,P133_2025-11,F9,i5_GCCGTA,GCCGTA,TACGGC,i711,GTAGCC,Ots Final,0,,21-13086_GT.0026_i711_F9_Ots Final,GTAGCC,
21-13087,P133_2025-11,G9,i5_ACCATG,ACCATG,CATGGT,i711,GTAGCC,Ots Final,0,,21-13087_GT.0026_i711_G9_Ots Final,GTAGCC,
21-13088,P133_2025-11,H9,i5_GCTCAA,GCTCAA,TTGAGC,i711,GTAGCC,Ots Final,0,,21-13088_GT.0026_i711_H9_Ots Final,GTAGCC,
21-13089,P133_2025-11,A10,i5_ACTGGC,ACTGGC,GCCAGT,i711,GTAGCC,Ots Final,0,,21-13089_GT.0026_i711_A10_Ots Final,GTAGCC,
21-13090,P133_2025-11,B10,i5_GGGCGC,GGGCGC,GCGCCC,i711,GTAGCC,Ots Final,0,,21-13090_GT.0026_i711_B10_Ots Final,GTAGCC,
21-13091,P133_2025-11,C10,i5_AGGGTC,AGGGTC,GACCCT,i711,GTAGCC,Ots Final,0,,21-13091_GT.0026_i711_C10_Ots Final,GTAGCC,
21-13092,P133_2025-11,D10,i5_GGTTTG,GGTTTG,CAAACC,i711,GTAGCC,Ots Final,0,,21-13092_GT.0026_i711_D10_Ots Final,GTAGCC,
21-13093,P133_2025-11,E10,i5_AGTTAA,AGTTAA,TTAACT,i711,GTAGCC,Ots Final,0,,21-13093_GT.0026_i711_E10_Ots Final,GTAGCC,
21-13094,P133_2025-11,F10,i5_GTCATC,GTCATC,GATGAC,i711,GTAGCC,Ots Final,0,,21-13094_GT.0026_i711_F10_Ots Final,GTAGCC,
21-13095,P133_2025-11,G10,i5_ATGCAC,ATGCAC,GTGCAT,i711,GTAGCC,Ots Final,0,,21-13095_GT.0026_i711_G10_Ots Final,GTAGCC,
21-13096,P133_2025-11,H10,i5_GTTGGA,GTTGGA,TCCAAC,i711,GTAGCC,Ots Final,0,,21-13096_GT.0026_i711_H10_Ots Final,GTAGCC,
21-13097,P133_2025-11,A11,i5_CAAAAA,CAAAAA,TTTTTG,i711,GTAGCC,Ots Final,0,,21-13097_GT.0026_i711_A11_Ots Final,GTAGCC,
21-13098,P133_2025-11,B11,i5_TACACA,TACACA,TGTGTA,i711,GTAGCC,Ots Final,0,,21-13098_GT.0026_i711_B11_Ots Final,GTAGCC,
21-13099,P133_2025-11,C11,i5_CAGGCA,CAGGCA,TGCCTG,i711,GTAGCC,Ots Final,0,,21-13099_GT.0026_i711_C11_Ots Final,GTAGCC,
21-13100,P133_2025-11,D11,i5_TATCAC,TATCAC,GTGATA,i711,GTAGCC,Ots Final,0,,21-13100_GT.0026_i711_D11_Ots Final,GTAGCC,
21-13101,P133_2025-11,E11,i5_CCCGGT,CCCGGT,ACCGGG,i711,GTAGCC,Ots Final,0,,21-13101_GT.0026_i711_E11_Ots Final,GTAGCC,
21-13102,P133_2025-11,F11,i5_TCGATT,TCGATT,AATCGA,i711,GTAGCC,Ots Final,0,,21-13102_GT.0026_i711_F11_Ots Final,GTAGCC,
21-13103,P133_2025-11,G11,i5_CCGCAT,CCGCAT,ATGCGG,i711,GTAGCC,Ots Final,0,,21-13103_GT.0026_i711_G11_Ots Final,GTAGCC,
21-13104,P133_2025-11,H11,i5_TCTCGG,TCTCGG,CCGAGA,i711,GTAGCC,Ots Final,0,,21-13104_GT.0026_i711_H11_Ots Final,GTAGCC,
21-13105,P133_2025-11,A12,i5_CGCAGA,CGCAGA,TCTGCG,i711,GTAGCC,Ots Final,0,,21-13105_GT.0026_i711_A12_Ots Final,GTAGCC,
21-13106,P133_2025-11,B12,i5_TGACAA,TGACAA,TTGTCA,i711,GTAGCC,Ots Final,0,,21-13106_GT.0026_i711_B12_Ots Final,GTAGCC,
21-13107,P133_2025-11,C12,i5_CGTCTA,CGTCTA,TAGACG,i711,GTAGCC,Ots Final,0,,21-13107_GT.0026_i711_C12_Ots Final,GTAGCC,
21-13108,P133_2025-11,D12,i5_TGGGGA,TGGGGA,TCCCCA,i711,GTAGCC,Ots Final,0,,21-13108_GT.0026_i711_D12_Ots Final,GTAGCC,
21-13109,P133_2025-11,E12,i5_CTCGCC,CTCGCC,GGCGAG,i711,GTAGCC,Ots Final,0,,21-13109_GT.0026_i711_E12_Ots Final,GTAGCC,
21-13110,P133_2025-11,F12,i5_TTCTAG,TTCTAG,CTAGAA,i711,GTAGCC,Ots Final,0,,21-13110_GT.0026_i711_F12_Ots Final,GTAGCC,
21-13111,P133_2025-11,G12,i5_CTTATG,CTTATG,CATAAG,i711,GTAGCC,Ots Final,0,,21-13111_GT.0026_i711_G12_Ots Final,GTAGCC,
Negative,P133_2025-11,H12,i5_TTTGTC,TTTGTC,GACAAA,i711,GTAGCC,Ots Final,0,,Negative_GT.0026_i711_H12_Ots Final,GTAGCC,
21-13112,P133_2025-12,A1,i5_AAACGG,AAACGG,CCGTTT,i712,TACAAG,Ots Final,0,,21-13112_GT.0026_i712_A1_Ots Final,TACAAG,
21-13113,P133_2025-12,B1,i5_GAACCA,GAACCA,TGGTTC,i712,TACAAG,Ots Final,0,,21-13113_GT.0026_i712_B1_Ots Final,TACAAG,
21-13114,P133_2025-12,C1,i5_AAGACG,AAGACG,CGTCTT,i712,TACAAG,Ots Final,0,,21-13114_GT.0026_i712_C1_Ots Final,TACAAG,
21-13115,P133_2025-12,D1,i5_GAGAGA,GAGAGA,TCTCTC,i712,TACAAG,Ots Final,0,,21-13115_GT.0026_i712_D1_Ots Final,TACAAG,
21-13116,P133_2025-12,E1,i5_AATGAG,AATGAG,CTCATT,i712,TACAAG,Ots Final,0,,21-13116_GT.0026_i712_E1_Ots Final,TACAAG,
21-13117,P133_2025-12,F1,i5_GCATGG,GCATGG,CCATGC,i712,TACAAG,Ots Final,0,,21-13117_GT.0026_i712_F1_Ots Final,TACAAG,
21-13118,P133_2025-12,G1,i5_ACATAC,ACATAC,GTATGT,i712,TACAAG,Ots Final,0,,21-13118_GT.0026_i712_G1_Ots Final,TACAAG,
21-13119,P133_2025-12,H1,i5_GCGCTG,GCGCTG,CAGCGC,i712,TACAAG,Ots Final,0,,21-13119_GT.0026_i712_H1_Ots Final,TACAAG,
21-13120,P133_2025-12,A2,i5_ACTCTT,ACTCTT,AAGAGT,i712,TACAAG,Ots Final,0,,21-13120_GT.0026_i712_A2_Ots Final,TACAAG,
22-12666,P133_2025-12,B2,i5_GGCAAG,GGCAAG,CTTGCC,i712,TACAAG,Ots Final,0,,22-12666_GT.0026_i712_B2_Ots Final,TACAAG,
22-12667,P133_2025-12,C2,i5_AGCGCA,AGCGCA,TGCGCT,i712,TACAAG,Ots Final,0,,22-12667_GT.0026_i712_C2_Ots Final,TACAAG,
22-12668,P133_2025-12,D2,i5_GGTACA,GGTACA,TGTACC,i712,TACAAG,Ots Final,0,,22-12668_GT.0026_i712_D2_Ots Final,TACAAG,
22-12669,P133_2025-12,E2,i5_AGTAGG,AGTAGG,CCTACT,i712,TACAAG,Ots Final,0,,22-12669_GT.0026_i712_E2_Ots Final,TACAAG,
22-12670,P133_2025-12,F2,i5_GTATCC,GTATCC,GGATAC,i712,TACAAG,Ots Final,0,,22-12670_GT.0026_i712_F2_Ots Final,TACAAG,
22-12671,P133_2025-12,G2,i5_ATCAAA,ATCAAA,TTTGAT,i712,TACAAG,Ots Final,0,,22-12671_GT.0026_i712_G2_Ots Final,TACAAG,
22-12672,P133_2025-12,H2,i5_GTGTAA,GTGTAA,TTACAC,i712,TACAAG,Ots Final,0,,22-12672_GT.0026_i712_H2_Ots Final,TACAAG,
22-12673,P133_2025-12,A3,i5_ATTCCG,ATTCCG,CGGAAT,i712,TACAAG,Ots Final,0,,22-12673_GT.0026_i712_A3_Ots Final,TACAAG,
22-12674,P133_2025-12,B3,i5_TAATTC,TAATTC,GAATTA,i712,TACAAG,Ots Final,0,,22-12674_GT.0026_i712_B3_Ots Final,TACAAG,
22-12675,P133_2025-12,C3,i5_CACCTC,CACCTC,GAGGTG,i712,TACAAG,Ots Final,0,,22-12675_GT.0026_i712_C3_Ots Final,TACAAG,
22-12676,P133_2025-12,D3,i5_TAGTAT,TAGTAT,ATACTA,i712,TACAAG,Ots Final,0,,22-12676_GT.0026_i712_D3_Ots Final,TACAAG,
22-12677,P133_2025-12,E3,i5_CCATTT,CCATTT,AAATGG,i712,TACAAG,Ots Final,0,,22-12677_GT.0026_i712_E3_Ots Final,TACAAG,
22-12678,P133_2025-12,F3,i5_TCCTGC,TCCTGC,GCAGGA,i712,TACAAG,Ots Final,0,,22-12678_GT.0026_i712_F3_Ots Final,TACAAG,
22-12679,P133_2025-12,G3,i5_CCGAGG,CCGAGG,CCTCGG,i712,TACAAG,Ots Final,0,,22-12679_GT.0026_i712_G3_Ots Final,TACAAG,
22-12680,P133_2025-12,H3,i5_TCGGAC,TCGGAC,GTCCGA,i712,TACAAG,Ots Final,0,,22-12680_GT.0026_i712_H3_Ots Final,TACAAG,
22-12681,P133_2025-12,A4,i5_CGAGGC,CGAGGC,GCCTCG,i712,TACAAG,Ots Final,0,,22-12681_GT.0026_i712_A4_Ots Final,TACAAG,
22-12682,P133_2025-12,B4,i5_TGAACC,TGAACC,GGTTCA,i712,TACAAG,Ots Final,0,,22-12682_GT.0026_i712_B4_Ots Final,TACAAG,
22-12683,P133_2025-12,C4,i5_CGGTCC,CGGTCC,GGACCG,i712,TACAAG,Ots Final,0,,22-12683_GT.0026_i712_C4_Ots Final,TACAAG,
22-12684,P133_2025-12,D4,i5_TGCTTA,TGCTTA,TAAGCA,i712,TACAAG,Ots Final,0,,22-12684_GT.0026_i712_D4_Ots Final,TACAAG,
22-12685,P133_2025-12,E4,i5_CTACAG,CTACAG,CTGTAG,i712,TACAAG,Ots Final,0,,22-12685_GT.0026_i712_E4_Ots Final,TACAAG,
22-12686,P133_2025-12,F4,i5_TTCCGT,TTCCGT,ACGGAA,i712,TACAAG,Ots Final,0,,22-12686_GT.0026_i712_F4_Ots Final,TACAAG,
22-12687,P133_2025-12,G4,i5_CTGGTT,CTGGTT,AACCAG,i712,TACAAG,Ots Final,0,,22-12687_GT.0026_i712_G4_Ots Final,TACAAG,
22-12688,P133_2025-12,H4,i5_TTTAAT,TTTAAT,ATTAAA,i712,TACAAG,Ots Final,0,,22-12688_GT.0026_i712_H4_Ots Final,TACAAG,
22-12689,P133_2025-12,A5,i5_GAAATG,GAAATG,CATTTC,i712,TACAAG,Ots Final,0,,22-12689_GT.0026_i712_A5_Ots Final,TACAAG,
22-12690,P133_2025-12,B5,i5_AACTGA,AACTGA,TCAGTT,i712,TACAAG,Ots Final,0,,22-12690_GT.0026_i712_B5_Ots Final,TACAAG,
22-12691,P133_2025-12,C5,i5_GACTCT,GACTCT,AGAGTC,i712,TACAAG,Ots Final,0,,22-12691_GT.0026_i712_C5_Ots Final,TACAAG,
22-12692,P133_2025-12,D5,i5_AATATC,AATATC,GATATT,i712,TACAAG,Ots Final,0,,22-12692_GT.0026_i712_D5_Ots Final,TACAAG,
22-12693,P133_2025-12,E5,i5_GCAGAT,GCAGAT,ATCTGC,i712,TACAAG,Ots Final,0,,22-12693_GT.0026_i712_E5_Ots Final,TACAAG,
22-12694,P133_2025-12,F5,i5_ACAGCG,ACAGCG,CGCTGT,i712,TACAAG,Ots Final,0,,22-12694_GT.0026_i712_F5_Ots Final,TACAAG,
22-12695,P133_2025-12,G5,i5_GCGACC,GCGACC,GGTCGC,i712,TACAAG,Ots Final,0,,22-12695_GT.0026_i712_G5_Ots Final,TACAAG,
22-12696,P133_2025-12,H5,i5_ACCCCC,ACCCCC,GGGGGT,i712,TACAAG,Ots Final,0,,22-12696_GT.0026_i712_H5_Ots Final,TACAAG,
22-12697,P133_2025-12,A6,i5_GGACTT,GGACTT,AAGTCC,i712,TACAAG,Ots Final,0,,22-12697_GT.0026_i712_A6_Ots Final,TACAAG,
22-12698,P133_2025-12,B6,i5_AGCCAT,AGCCAT,ATGGCT,i712,TACAAG,Ots Final,0,,22-12698_GT.0026_i712_B6_Ots Final,TACAAG,
22-12699,P133_2025-12,C6,i5_GGGGCG,GGGGCG,CGCCCC,i712,TACAAG,Ots Final,0,,22-12699_GT.0026_i712_C6_Ots Final,TACAAG,
22-12700,P133_2025-12,D6,i5_AGGTGT,AGGTGT,ACACCT,i712,TACAAG,Ots Final,0,,22-12700_GT.0026_i712_D6_Ots Final,TACAAG,
22-12701,P133_2025-12,E6,i5_GTAAGT,GTAAGT,ACTTAC,i712,TACAAG,Ots Final,0,,22-12701_GT.0026_i712_E6_Ots Final,TACAAG,
22-12702,P133_2025-12,F6,i5_ATAGTA,ATAGTA,TACTAT,i712,TACAAG,Ots Final,0,,22-12702_GT.0026_i712_F6_Ots Final,TACAAG,
22-12703,P133_2025-12,G6,i5_GTGCCT,GTGCCT,AGGCAC,i712,TACAAG,Ots Final,0,,22-12703_GT.0026_i712_G6_Ots Final,TACAAG,
22-12704,P133_2025-12,H6,i5_ATGTTG,ATGTTG,CAACAT,i712,TACAAG,Ots Final,0,,22-12704_GT.0026_i712_H6_Ots Final,TACAAG,
22-12705,P133_2025-12,A7,i5_TAAGCT,TAAGCT,AGCTTA,i712,TACAAG,Ots Final,0,,22-12705_GT.0026_i712_A7_Ots Final,TACAAG,
22-12706,P133_2025-12,B7,i5_CAATCG,CAATCG,CGATTG,i712,TACAAG,Ots Final,0,,22-12706_GT.0026_i712_B7_Ots Final,TACAAG,
22-12707,P133_2025-12,C7,i5_TACGGG,TACGGG,CCCGTA,i712,TACAAG,Ots Final,0,,22-12707_GT.0026_i712_C7_Ots Final,TACAAG,
22-12708,P133_2025-12,D7,i5_CATACT,CATACT,AGTATG,i712,TACAAG,Ots Final,0,,22-12708_GT.0026_i712_D7_Ots Final,TACAAG,
22-12709,P133_2025-12,E7,i5_TCAAAG,TCAAAG,CTTTGA,i712,TACAAG,Ots Final,0,,22-12709_GT.0026_i712_E7_Ots Final,TACAAG,
22-12710,P133_2025-12,F7,i5_CCCTAA,CCCTAA,TTAGGG,i712,TACAAG,Ots Final,0,,22-12710_GT.0026_i712_F7_Ots Final,TACAAG,
22-12711,P133_2025-12,G7,i5_TCGCCA,TCGCCA,TGGCGA,i712,TACAAG,Ots Final,0,,22-12711_GT.0026_i712_G7_Ots Final,TACAAG,
22-12712,P133_2025-12,H7,i5_CCTAAC,CCTAAC,GTTAGG,i712,TACAAG,Ots Final,0,,22-12712_GT.0026_i712_H7_Ots Final,TACAAG,
22-12713,P133_2025-12,A8,i5_TCTTCT,TCTTCT,AGAAGA,i712,TACAAG,Ots Final,0,,22-12713_GT.0026_i712_A8_Ots Final,TACAAG,
22-12714,P133_2025-12,B8,i5_CGCGTG,CGCGTG,CACGCG,i712,TACAAG,Ots Final,0,,22-12714_GT.0026_i712_B8_Ots Final,TACAAG,
22-12715,P133_2025-12,C8,i5_TGCCCG,TGCCCG,CGGGCA,i712,TACAAG,Ots Final,0,,22-12715_GT.0026_i712_C8_Ots Final,TACAAG,
22-12716,P133_2025-12,D8,i5_CGTGAT,CGTGAT,ATCACG,i712,TACAAG,Ots Final,0,,22-12716_GT.0026_i712_D8_Ots Final,TACAAG,
22-12717,P133_2025-12,E8,i5_TTATGA,TTATGA,TCATAA,i712,TACAAG,Ots Final,0,,22-12717_GT.0026_i712_E8_Ots Final,TACAAG,
22-12718,P133_2025-12,F8,i5_CTGCGA,CTGCGA,TCGCAG,i712,TACAAG,Ots Final,0,,22-12718_GT.0026_i712_F8_Ots Final,TACAAG,
22-12719,P133_2025-12,G8,i5_TTGAGC,TTGAGC,GCTCAA,i712,TACAAG,Ots Final,0,,22-12719_GT.0026_i712_G8_Ots Final,TACAAG,
22-12720,P133_2025-12,H8,i5_CTTTGC,CTTTGC,GCAAAG,i712,TACAAG,Ots Final,0,,22-12720_GT.0026_i712_H8_Ots Final,TACAAG,
22-12721,P133_2025-12,A9,i5_AACGTT,AACGTT,AACGTT,i712,TACAAG,Ots Final,0,,22-12721_GT.0026_i712_A9_Ots Final,TACAAG,
22-12722,P133_2025-12,B9,i5_GACGAC,GACGAC,GTCGTC,i712,TACAAG,Ots Final,0,,22-12722_GT.0026_i712_B9_Ots Final,TACAAG,
0,P133_2025-12,C9,i5_AAGCTA,AAGCTA,TAGCTT,i712,TACAAG,Ots Final,0,,0_GT.0026_i712_C9_Ots Final,TACAAG,
0,P133_2025-12,D9,i5_AATCGT,AATCGT,ACGATT,i712,TACAAG,Ots Final,0,,0_GT.0026_i712_D9_Ots Final,TACAAG,
0,P133_2025-12,E9,i5_ACAAGA,ACAAGA,TCTTGT,i712,TACAAG,Ots Final,0,,0_GT.0026_i712_E9_Ots Final,TACAAG,
0,P133_2025-12,F9,i5_GCCGTA,GCCGTA,TACGGC,i712,TACAAG,Ots Final,0,,0_GT.0026_i712_F9_Ots Final,TACAAG,
0,P133_2025-12,G9,i5_ACCATG,ACCATG,CATGGT,i712,TACAAG,Ots Final,0,,0_GT.0026_i712_G9_Ots Final,TACAAG,
0,P133_2025-12,H9,i5_GCTCAA,GCTCAA,TTGAGC,i712,TACAAG,Ots Final,0,,0_GT.0026_i712_H9_Ots Final,TACAAG,
0,P133_2025-12,A10,i5_ACTGGC,ACTGGC,GCCAGT,i712,TACAAG,Ots Final,0,,0_GT.0026_i712_A10_Ots Final,TACAAG,
0,P133_2025-12,B10,i5_GGGCGC,GGGCGC,GCGCCC,i712,TACAAG,Ots Final,0,,0_GT.0026_i712_B10_Ots Final,TACAAG,
0,P133_2025-12,C10,i5_AGGGTC,AGGGTC,GACCCT,i712,TACAAG,Ots Final,0,,0_GT.0026_i712_C10_Ots Final,TACAAG,
0,P133_2025-12,D10,i5_GGTTTG,GGTTTG,CAAACC,i712,TACAAG,Ots Final,0,,0_GT.0026_i712_D10_Ots Final,TACAAG,
0,P133_2025-12,E10,i5_AGTTAA,AGTTAA,TTAACT,i712,TACAAG,Ots Final,0,,0_GT.0026_i712_E10_Ots Final,TACAAG,
0,P133_2025-12,F10,i5_GTCATC,GTCATC,GATGAC,i712,TACAAG,Ots Final,0,,0_GT.0026_i712_F10_Ots Final,TACAAG,
0,P133_2025-12,G10,i5_ATGCAC,ATGCAC,GTGCAT,i712,TACAAG,Ots Final,0,,0_GT.0026_i712_G10_Ots Final,TACAAG,
0,P133_2025-12,H10,i5_GTTGGA,GTTGGA,TCCAAC,i712,TACAAG,Ots Final,0,,0_GT.0026_i712_H10_Ots Final,TACAAG,
0,P133_2025-12,A11,i5_CAAAAA,CAAAAA,TTTTTG,i712,TACAAG,Ots Final,0,,0_GT.0026_i712_A11_Ots Final,TACAAG,
0,P133_2025-12,B11,i5_TACACA,TACACA,TGTGTA,i712,TACAAG,Ots Final,0,,0_GT.0026_i712_B11_Ots Final,TACAAG,
0,P133_2025-12,C11,i5_CAGGCA,CAGGCA,TGCCTG,i712,TACAAG,Ots Final,0,,0_GT.0026_i712_C11_Ots Final,TACAAG,
0,P133_2025-12,D11,i5_TATCAC,TATCAC,GTGATA,i712,TACAAG,Ots Final,0,,0_GT.0026_i712_D11_Ots Final,TACAAG,
0,P133_2025-12,E11,i5_CCCGGT,CCCGGT,ACCGGG,i712,TACAAG,Ots Final,0,,0_GT.0026_i712_E11_Ots Final,TACAAG,
0,P133_2025-12,F11,i5_TCGATT,TCGATT,AATCGA,i712,TACAAG,Ots Final,0,,0_GT.0026_i712_F11_Ots Final,TACAAG,
0,P133_2025-12,G11,i5_CCGCAT,CCGCAT,ATGCGG,i712,TACAAG,Ots Final,0,,0_GT.0026_i712_G11_Ots Final,TACAAG,
0,P133_2025-12,H11,i5_TCTCGG,TCTCGG,CCGAGA,i712,TACAAG,Ots Final,0,,0_GT.0026_i712_H11_Ots Final,TACAAG,
0,P133_2025-12,A12,i5_CGCAGA,CGCAGA,TCTGCG,i712,TACAAG,Ots Final,0,,0_GT.0026_i712_A12_Ots Final,TACAAG,
0,P133_2025-12,B12,i5_TGACAA,TGACAA,TTGTCA,i712,TACAAG,Ots Final,0,,0_GT.0026_i712_B12_Ots Final,TACAAG,
0,P133_2025-12,C12,i5_CGTCTA,CGTCTA,TAGACG,i712,TACAAG,Ots Final,0,,0_GT.0026_i712_C12_Ots Final,TACAAG,
0,P133_2025-12,D12,i5_TGGGGA,TGGGGA,TCCCCA,i712,TACAAG,Ots Final,0,,0_GT.0026_i712_D12_Ots Final,TACAAG,
0,P133_2025-12,E12,i5_CTCGCC,CTCGCC,GGCGAG,i712,TACAAG,Ots Final,0,,0_GT.0026_i712_E12_Ots Final,TACAAG,
0,P133_2025-12,F12,i5_TTCTAG,TTCTAG,CTAGAA,i712,TACAAG,Ots Final,0,,0_GT.0026_i712_F12_Ots Final,TACAAG,
0,P133_2025-12,G12,i5_CTTATG,CTTATG,CATAAG,i712,TACAAG,Ots Final,0,,0_GT.0026_i712_G12_Ots Final,TACAAG,
Negative,P133_2025-12,H12,i5_TTTGTC,TTTGTC,GACAAA,i712,TACAAG,Ots Final,0,,Negative_GT.0026_i712_H12_Ots Final,TACAAG,
22-12001,P133_2025-13,A1,i5_AAACGG,AAACGG,CCGTTT,i713,TTATCC,Ots Final,0,,22-12001_GT.0026_i713_A1_Ots Final,TTATCC,
22-12002,P133_2025-13,B1,i5_GAACCA,GAACCA,TGGTTC,i713,TTATCC,Ots Final,0,,22-12002_GT.0026_i713_B1_Ots Final,TTATCC,
22-12003,P133_2025-13,C1,i5_AAGACG,AAGACG,CGTCTT,i713,TTATCC,Ots Final,0,,22-12003_GT.0026_i713_C1_Ots Final,TTATCC,
22-12004,P133_2025-13,D1,i5_GAGAGA,GAGAGA,TCTCTC,i713,TTATCC,Ots Final,0,,22-12004_GT.0026_i713_D1_Ots Final,TTATCC,
22-12005,P133_2025-13,E1,i5_AATGAG,AATGAG,CTCATT,i713,TTATCC,Ots Final,0,,22-12005_GT.0026_i713_E1_Ots Final,TTATCC,
22-12006,P133_2025-13,F1,i5_GCATGG,GCATGG,CCATGC,i713,TTATCC,Ots Final,0,,22-12006_GT.0026_i713_F1_Ots Final,TTATCC,
22-12007,P133_2025-13,G1,i5_ACATAC,ACATAC,GTATGT,i713,TTATCC,Ots Final,0,,22-12007_GT.0026_i713_G1_Ots Final,TTATCC,
22-12008,P133_2025-13,H1,i5_GCGCTG,GCGCTG,CAGCGC,i713,TTATCC,Ots Final,0,,22-12008_GT.0026_i713_H1_Ots Final,TTATCC,
22-12009,P133_2025-13,A2,i5_ACTCTT,ACTCTT,AAGAGT,i713,TTATCC,Ots Final,0,,22-12009_GT.0026_i713_A2_Ots Final,TTATCC,
22-12010,P133_2025-13,B2,i5_GGCAAG,GGCAAG,CTTGCC,i713,TTATCC,Ots Final,0,,22-12010_GT.0026_i713_B2_Ots Final,TTATCC,
22-12011,P133_2025-13,C2,i5_AGCGCA,AGCGCA,TGCGCT,i713,TTATCC,Ots Final,0,,22-12011_GT.0026_i713_C2_Ots Final,TTATCC,
22-12012,P133_2025-13,D2,i5_GGTACA,GGTACA,TGTACC,i713,TTATCC,Ots Final,0,,22-12012_GT.0026_i713_D2_Ots Final,TTATCC,
22-12013,P133_2025-13,E2,i5_AGTAGG,AGTAGG,CCTACT,i713,TTATCC,Ots Final,0,,22-12013_GT.0026_i713_E2_Ots Final,TTATCC,
22-12014,P133_2025-13,F2,i5_GTATCC,GTATCC,GGATAC,i713,TTATCC,Ots Final,0,,22-12014_GT.0026_i713_F2_Ots Final,TTATCC,
22-12015,P133_2025-13,G2,i5_ATCAAA,ATCAAA,TTTGAT,i713,TTATCC,Ots Final,0,,22-12015_GT.0026_i713_G2_Ots Final,TTATCC,
22-12016,P133_2025-13,H2,i5_GTGTAA,GTGTAA,TTACAC,i713,TTATCC,Ots Final,0,,22-12016_GT.0026_i713_H2_Ots Final,TTATCC,
22-12017,P133_2025-13,A3,i5_ATTCCG,ATTCCG,CGGAAT,i713,TTATCC,Ots Final,0,,22-12017_GT.0026_i713_A3_Ots Final,TTATCC,
22-12018,P133_2025-13,B3,i5_TAATTC,TAATTC,GAATTA,i713,TTATCC,Ots Final,0,,22-12018_GT.0026_i713_B3_Ots Final,TTATCC,
22-12019,P133_2025-13,C3,i5_CACCTC,CACCTC,GAGGTG,i713,TTATCC,Ots Final,0,,22-12019_GT.0026_i713_C3_Ots Final,TTATCC,
22-12020,P133_2025-13,D3,i5_TAGTAT,TAGTAT,ATACTA,i713,TTATCC,Ots Final,0,,22-12020_GT.0026_i713_D3_Ots Final,TTATCC,
22-12021,P133_2025-13,E3,i5_CCATTT,CCATTT,AAATGG,i713,TTATCC,Ots Final,0,,22-12021_GT.0026_i713_E3_Ots Final,TTATCC,
22-12022,P133_2025-13,F3,i5_TCCTGC,TCCTGC,GCAGGA,i713,TTATCC,Ots Final,0,,22-12022_GT.0026_i713_F3_Ots Final,TTATCC,
22-12023,P133_2025-13,G3,i5_CCGAGG,CCGAGG,CCTCGG,i713,TTATCC,Ots Final,0,,22-12023_GT.0026_i713_G3_Ots Final,TTATCC,
22-12024,P133_2025-13,H3,i5_TCGGAC,TCGGAC,GTCCGA,i713,TTATCC,Ots Final,0,,22-12024_GT.0026_i713_H3_Ots Final,TTATCC,
22-12025,P133_2025-13,A4,i5_CGAGGC,CGAGGC,GCCTCG,i713,TTATCC,Ots Final,0,,22-12025_GT.0026_i713_A4_Ots Final,TTATCC,
22-12026,P133_2025-13,B4,i5_TGAACC,TGAACC,GGTTCA,i713,TTATCC,Ots Final,0,,22-12026_GT.0026_i713_B4_Ots Final,TTATCC,
22-12027,P133_2025-13,C4,i5_CGGTCC,CGGTCC,GGACCG,i713,TTATCC,Ots Final,0,,22-12027_GT.0026_i713_C4_Ots Final,TTATCC,
22-12028,P133_2025-13,D4,i5_TGCTTA,TGCTTA,TAAGCA,i713,TTATCC,Ots Final,0,,22-12028_GT.0026_i713_D4_Ots Final,TTATCC,
22-12029,P133_2025-13,E4,i5_CTACAG,CTACAG,CTGTAG,i713,TTATCC,Ots Final,0,,22-12029_GT.0026_i713_E4_Ots Final,TTATCC,
22-12030,P133_2025-13,F4,i5_TTCCGT,TTCCGT,ACGGAA,i713,TTATCC,Ots Final,0,,22-12030_GT.0026_i713_F4_Ots Final,TTATCC,
22-12031,P133_2025-13,G4,i5_CTGGTT,CTGGTT,AACCAG,i713,TTATCC,Ots Final,0,,22-12031_GT.0026_i713_G4_Ots Final,TTATCC,
22-12032,P133_2025-13,H4,i5_TTTAAT,TTTAAT,ATTAAA,i713,TTATCC,Ots Final,0,,22-12032_GT.0026_i713_H4_Ots Final,TTATCC,
22-12033,P133_2025-13,A5,i5_GAAATG,GAAATG,CATTTC,i713,TTATCC,Ots Final,0,,22-12033_GT.0026_i713_A5_Ots Final,TTATCC,
22-12034,P133_2025-13,B5,i5_AACTGA,AACTGA,TCAGTT,i713,TTATCC,Ots Final,0,,22-12034_GT.0026_i713_B5_Ots Final,TTATCC,
22-12035,P133_2025-13,C5,i5_GACTCT,GACTCT,AGAGTC,i713,TTATCC,Ots Final,0,,22-12035_GT.0026_i713_C5_Ots Final,TTATCC,
22-12036,P133_2025-13,D5,i5_AATATC,AATATC,GATATT,i713,TTATCC,Ots Final,0,,22-12036_GT.0026_i713_D5_Ots Final,TTATCC,
22-12037,P133_2025-13,E5,i5_GCAGAT,GCAGAT,ATCTGC,i713,TTATCC,Ots Final,0,,22-12037_GT.0026_i713_E5_Ots Final,TTATCC,
22-12038,P133_2025-13,F5,i5_ACAGCG,ACAGCG,CGCTGT,i713,TTATCC,Ots Final,0,,22-12038_GT.0026_i713_F5_Ots Final,TTATCC,
22-12039,P133_2025-13,G5,i5_GCGACC,GCGACC,GGTCGC,i713,TTATCC,Ots Final,0,,22-12039_GT.0026_i713_G5_Ots Final,TTATCC,
22-12040,P133_2025-13,H5,i5_ACCCCC,ACCCCC,GGGGGT,i713,TTATCC,Ots Final,0,,22-12040_GT.0026_i713_H5_Ots Final,TTATCC,
22-12041,P133_2025-13,A6,i5_GGACTT,GGACTT,AAGTCC,i713,TTATCC,Ots Final,0,,22-12041_GT.0026_i713_A6_Ots Final,TTATCC,
22-12042,P133_2025-13,B6,i5_AGCCAT,AGCCAT,ATGGCT,i713,TTATCC,Ots Final,0,,22-12042_GT.0026_i713_B6_Ots Final,TTATCC,
22-12043,P133_2025-13,C6,i5_GGGGCG,GGGGCG,CGCCCC,i713,TTATCC,Ots Final,0,,22-12043_GT.0026_i713_C6_Ots Final,TTATCC,
22-12044,P133_2025-13,D6,i5_AGGTGT,AGGTGT,ACACCT,i713,TTATCC,Ots Final,0,,22-12044_GT.0026_i713_D6_Ots Final,TTATCC,
22-12045,P133_2025-13,E6,i5_GTAAGT,GTAAGT,ACTTAC,i713,TTATCC,Ots Final,0,,22-12045_GT.0026_i713_E6_Ots Final,TTATCC,
22-12046,P133_2025-13,F6,i5_ATAGTA,ATAGTA,TACTAT,i713,TTATCC,Ots Final,0,,22-12046_GT.0026_i713_F6_Ots Final,TTATCC,
22-12047,P133_2025-13,G6,i5_GTGCCT,GTGCCT,AGGCAC,i713,TTATCC,Ots Final,0,,22-12047_GT.0026_i713_G6_Ots Final,TTATCC,
22-12048,P133_2025-13,H6,i5_ATGTTG,ATGTTG,CAACAT,i713,TTATCC,Ots Final,0,,22-12048_GT.0026_i713_H6_Ots Final,TTATCC,
22-12049,P133_2025-13,A7,i5_TAAGCT,TAAGCT,AGCTTA,i713,TTATCC,Ots Final,0,,22-12049_GT.0026_i713_A7_Ots Final,TTATCC,
22-12050,P133_2025-13,B7,i5_CAATCG,CAATCG,CGATTG,i713,TTATCC,Ots Final,0,,22-12050_GT.0026_i713_B7_Ots Final,TTATCC,
22-12051,P133_2025-13,C7,i5_TACGGG,TACGGG,CCCGTA,i713,TTATCC,Ots Final,0,,22-12051_GT.0026_i713_C7_Ots Final,TTATCC,
22-12052,P133_2025-13,D7,i5_CATACT,CATACT,AGTATG,i713,TTATCC,Ots Final,0,,22-12052_GT.0026_i713_D7_Ots Final,TTATCC,
22-12053,P133_2025-13,E7,i5_TCAAAG,TCAAAG,CTTTGA,i713,TTATCC,Ots Final,0,,22-12053_GT.0026_i713_E7_Ots Final,TTATCC,
22-12054,P133_2025-13,F7,i5_CCCTAA,CCCTAA,TTAGGG,i713,TTATCC,Ots Final,0,,22-12054_GT.0026_i713_F7_Ots Final,TTATCC,
22-12055,P133_2025-13,G7,i5_TCGCCA,TCGCCA,TGGCGA,i713,TTATCC,Ots Final,0,,22-12055_GT.0026_i713_G7_Ots Final,TTATCC,
22-12056,P133_2025-13,H7,i5_CCTAAC,CCTAAC,GTTAGG,i713,TTATCC,Ots Final,0,,22-12056_GT.0026_i713_H7_Ots Final,TTATCC,
22-12057,P133_2025-13,A8,i5_TCTTCT,TCTTCT,AGAAGA,i713,TTATCC,Ots Final,0,,22-12057_GT.0026_i713_A8_Ots Final,TTATCC,
22-12058,P133_2025-13,B8,i5_CGCGTG,CGCGTG,CACGCG,i713,TTATCC,Ots Final,0,,22-12058_GT.0026_i713_B8_Ots Final,TTATCC,
22-12059,P133_2025-13,C8,i5_TGCCCG,TGCCCG,CGGGCA,i713,TTATCC,Ots Final,0,,22-12059_GT.0026_i713_C8_Ots Final,TTATCC,
22-12060,P133_2025-13,D8,i5_CGTGAT,CGTGAT,ATCACG,i713,TTATCC,Ots Final,0,,22-12060_GT.0026_i713_D8_Ots Final,TTATCC,
22-12061,P133_2025-13,E8,i5_TTATGA,TTATGA,TCATAA,i713,TTATCC,Ots Final,0,,22-12061_GT.0026_i713_E8_Ots Final,TTATCC,
22-12062,P133_2025-13,F8,i5_CTGCGA,CTGCGA,TCGCAG,i713,TTATCC,Ots Final,0,,22-12062_GT.0026_i713_F8_Ots Final,TTATCC,
22-12063,P133_2025-13,G8,i5_TTGAGC,TTGAGC,GCTCAA,i713,TTATCC,Ots Final,0,,22-12063_GT.0026_i713_G8_Ots Final,TTATCC,
22-12064,P133_2025-13,H8,i5_CTTTGC,CTTTGC,GCAAAG,i713,TTATCC,Ots Final,0,,22-12064_GT.0026_i713_H8_Ots Final,TTATCC,
22-12065,P133_2025-13,A9,i5_AACGTT,AACGTT,AACGTT,i713,TTATCC,Ots Final,0,,22-12065_GT.0026_i713_A9_Ots Final,TTATCC,
22-12066,P133_2025-13,B9,i5_GACGAC,GACGAC,GTCGTC,i713,TTATCC,Ots Final,0,,22-12066_GT.0026_i713_B9_Ots Final,TTATCC,
22-12067,P133_2025-13,C9,i5_AAGCTA,AAGCTA,TAGCTT,i713,TTATCC,Ots Final,0,,22-12067_GT.0026_i713_C9_Ots Final,TTATCC,
22-12068,P133_2025-13,D9,i5_AATCGT,AATCGT,ACGATT,i713,TTATCC,Ots Final,0,,22-12068_GT.0026_i713_D9_Ots Final,TTATCC,
22-12069,P133_2025-13,E9,i5_ACAAGA,ACAAGA,TCTTGT,i713,TTATCC,Ots Final,0,,22-12069_GT.0026_i713_E9_Ots Final,TTATCC,
22-12070,P133_2025-13,F9,i5_GCCGTA,GCCGTA,TACGGC,i713,TTATCC,Ots Final,0,,22-12070_GT.0026_i713_F9_Ots Final,TTATCC,
22-12071,P133_2025-13,G9,i5_ACCATG,ACCATG,CATGGT,i713,TTATCC,Ots Final,0,,22-12071_GT.0026_i713_G9_Ots Final,TTATCC,
22-12072,P133_2025-13,H9,i5_GCTCAA,GCTCAA,TTGAGC,i713,TTATCC,Ots Final,0,,22-12072_GT.0026_i713_H9_Ots Final,TTATCC,
22-12073,P133_2025-13,A10,i5_ACTGGC,ACTGGC,GCCAGT,i713,TTATCC,Ots Final,0,,22-12073_GT.0026_i713_A10_Ots Final,TTATCC,
22-12074,P133_2025-13,B10,i5_GGGCGC,GGGCGC,GCGCCC,i713,TTATCC,Ots Final,0,,22-12074_GT.0026_i713_B10_Ots Final,TTATCC,
22-12075,P133_2025-13,C10,i5_AGGGTC,AGGGTC,GACCCT,i713,TTATCC,Ots Final,0,,22-12075_GT.0026_i713_C10_Ots Final,TTATCC,
22-12076,P133_2025-13,D10,i5_GGTTTG,GGTTTG,CAAACC,i713,TTATCC,Ots Final,0,,22-12076_GT.0026_i713_D10_Ots Final,TTATCC,
22-12077,P133_2025-13,E10,i5_AGTTAA,AGTTAA,TTAACT,i713,TTATCC,Ots Final,0,,22-12077_GT.0026_i713_E10_Ots Final,TTATCC,
22-12078,P133_2025-13,F10,i5_GTCATC,GTCATC,GATGAC,i713,TTATCC,Ots Final,0,,22-12078_GT.0026_i713_F10_Ots Final,TTATCC,
22-12079,P133_2025-13,G10,i5_ATGCAC,ATGCAC,GTGCAT,i713,TTATCC,Ots Final,0,,22-12079_GT.0026_i713_G10_Ots Final,TTATCC,
22-12080,P133_2025-13,H10,i5_GTTGGA,GTTGGA,TCCAAC,i713,TTATCC,Ots Final,0,,22-12080_GT.0026_i713_H10_Ots Final,TTATCC,
22-12081,P133_2025-13,A11,i5_CAAAAA,CAAAAA,TTTTTG,i713,TTATCC,Ots Final,0,,22-12081_GT.0026_i713_A11_Ots Final,TTATCC,
22-12082,P133_2025-13,B11,i5_TACACA,TACACA,TGTGTA,i713,TTATCC,Ots Final,0,,22-12082_GT.0026_i713_B11_Ots Final,TTATCC,
22-12083,P133_2025-13,C11,i5_CAGGCA,CAGGCA,TGCCTG,i713,TTATCC,Ots Final,0,,22-12083_GT.0026_i713_C11_Ots Final,TTATCC,
22-12084,P133_2025-13,D11,i5_TATCAC,TATCAC,GTGATA,i713,TTATCC,Ots Final,0,,22-12084_GT.0026_i713_D11_Ots Final,TTATCC,
22-12085,P133_2025-13,E11,i5_CCCGGT,CCCGGT,ACCGGG,i713,TTATCC,Ots Final,0,,22-12085_GT.0026_i713_E11_Ots Final,TTATCC,
22-12086,P133_2025-13,F11,i5_TCGATT,TCGATT,AATCGA,i713,TTATCC,Ots Final,0,,22-12086_GT.0026_i713_F11_Ots Final,TTATCC,
22-12087,P133_2025-13,G11,i5_CCGCAT,CCGCAT,ATGCGG,i713,TTATCC,Ots Final,0,,22-12087_GT.0026_i713_G11_Ots Final,TTATCC,
22-12088,P133_2025-13,H11,i5_TCTCGG,TCTCGG,CCGAGA,i713,TTATCC,Ots Final,0,,22-12088_GT.0026_i713_H11_Ots Final,TTATCC,
22-12089,P133_2025-13,A12,i5_CGCAGA,CGCAGA,TCTGCG,i713,TTATCC,Ots Final,0,,22-12089_GT.0026_i713_A12_Ots Final,TTATCC,
22-12090,P133_2025-13,B12,i5_TGACAA,TGACAA,TTGTCA,i713,TTATCC,Ots Final,0,,22-12090_GT.0026_i713_B12_Ots Final,TTATCC,
22-12091,P133_2025-13,C12,i5_CGTCTA,CGTCTA,TAGACG,i713,TTATCC,Ots Final,0,,22-12091_GT.0026_i713_C12_Ots Final,TTATCC,
22-12092,P133_2025-13,D12,i5_TGGGGA,TGGGGA,TCCCCA,i713,TTATCC,Ots Final,0,,22-12092_GT.0026_i713_D12_Ots Final,TTATCC,
22-12093,P133_2025-13,E12,i5_CTCGCC,CTCGCC,GGCGAG,i713,TTATCC,Ots Final,0,,22-12093_GT.0026_i713_E12_Ots Final,TTATCC,
22-12094,P133_2025-13,F12,i5_TTCTAG,TTCTAG,CTAGAA,i713,TTATCC,Ots Final,0,,22-12094_GT.0026_i713_F12_Ots Final,TTATCC,
22-12095,P133_2025-13,G12,i5_CTTATG,CTTATG,CATAAG,i713,TTATCC,Ots Final,0,,22-12095_GT.0026_i713_G12_Ots Final,TTATCC,
Negative,P133_2025-13,H12,i5_TTTGTC,TTTGTC,GACAAA,i713,TTATCC,Ots Final,0,,Negative_GT.0026_i713_H12_Ots Final,TTATCC,
22-12096,P133_2025-14,A1,i5_AAACGG,AAACGG,CCGTTT,i714,CAGCTC,Ots Final,0,,22-12096_GT.0026_i714_A1_Ots Final,CAGCTC,
22-12097,P133_2025-14,B1,i5_GAACCA,GAACCA,TGGTTC,i714,CAGCTC,Ots Final,0,,22-12097_GT.0026_i714_B1_Ots Final,CAGCTC,
22-12098,P133_2025-14,C1,i5_AAGACG,AAGACG,CGTCTT,i714,CAGCTC,Ots Final,0,,22-12098_GT.0026_i714_C1_Ots Final,CAGCTC,
22-12099,P133_2025-14,D1,i5_GAGAGA,GAGAGA,TCTCTC,i714,CAGCTC,Ots Final,0,,22-12099_GT.0026_i714_D1_Ots Final,CAGCTC,
22-12100,P133_2025-14,E1,i5_AATGAG,AATGAG,CTCATT,i714,CAGCTC,Ots Final,0,,22-12100_GT.0026_i714_E1_Ots Final,CAGCTC,
22-12101,P133_2025-14,F1,i5_GCATGG,GCATGG,CCATGC,i714,CAGCTC,Ots Final,0,,22-12101_GT.0026_i714_F1_Ots Final,CAGCTC,
22-12102,P133_2025-14,G1,i5_ACATAC,ACATAC,GTATGT,i714,CAGCTC,Ots Final,0,,22-12102_GT.0026_i714_G1_Ots Final,CAGCTC,
22-12103,P133_2025-14,H1,i5_GCGCTG,GCGCTG,CAGCGC,i714,CAGCTC,Ots Final,0,,22-12103_GT.0026_i714_H1_Ots Final,CAGCTC,
22-12104,P133_2025-14,A2,i5_ACTCTT,ACTCTT,AAGAGT,i714,CAGCTC,Ots Final,0,,22-12104_GT.0026_i714_A2_Ots Final,CAGCTC,
22-12105,P133_2025-14,B2,i5_GGCAAG,GGCAAG,CTTGCC,i714,CAGCTC,Ots Final,0,,22-12105_GT.0026_i714_B2_Ots Final,CAGCTC,
22-12106,P133_2025-14,C2,i5_AGCGCA,AGCGCA,TGCGCT,i714,CAGCTC,Ots Final,0,,22-12106_GT.0026_i714_C2_Ots Final,CAGCTC,
22-12107,P133_2025-14,D2,i5_GGTACA,GGTACA,TGTACC,i714,CAGCTC,Ots Final,0,,22-12107_GT.0026_i714_D2_Ots Final,CAGCTC,
22-12108,P133_2025-14,E2,i5_AGTAGG,AGTAGG,CCTACT,i714,CAGCTC,Ots Final,0,,22-12108_GT.0026_i714_E2_Ots Final,CAGCTC,
22-12109,P133_2025-14,F2,i5_GTATCC,GTATCC,GGATAC,i714,CAGCTC,Ots Final,0,,22-12109_GT.0026_i714_F2_Ots Final,CAGCTC,
22-12110,P133_2025-14,G2,i5_ATCAAA,ATCAAA,TTTGAT,i714,CAGCTC,Ots Final,0,,22-12110_GT.0026_i714_G2_Ots Final,CAGCTC,
22-12111,P133_2025-14,H2,i5_GTGTAA,GTGTAA,TTACAC,i714,CAGCTC,Ots Final,0,,22-12111_GT.0026_i714_H2_Ots Final,CAGCTC,
22-12112,P133_2025-14,A3,i5_ATTCCG,ATTCCG,CGGAAT,i714,CAGCTC,Ots Final,0,,22-12112_GT.0026_i714_A3_Ots Final,CAGCTC,
22-12113,P133_2025-14,B3,i5_TAATTC,TAATTC,GAATTA,i714,CAGCTC,Ots Final,0,,22-12113_GT.0026_i714_B3_Ots Final,CAGCTC,
22-12114,P133_2025-14,C3,i5_CACCTC,CACCTC,GAGGTG,i714,CAGCTC,Ots Final,0,,22-12114_GT.0026_i714_C3_Ots Final,CAGCTC,
22-12115,P133_2025-14,D3,i5_TAGTAT,TAGTAT,ATACTA,i714,CAGCTC,Ots Final,0,,22-12115_GT.0026_i714_D3_Ots Final,CAGCTC,
22-12116,P133_2025-14,E3,i5_CCATTT,CCATTT,AAATGG,i714,CAGCTC,Ots Final,0,,22-12116_GT.0026_i714_E3_Ots Final,CAGCTC,
22-12117,P133_2025-14,F3,i5_TCCTGC,TCCTGC,GCAGGA,i714,CAGCTC,Ots Final,0,,22-12117_GT.0026_i714_F3_Ots Final,CAGCTC,
22-12118,P133_2025-14,G3,i5_CCGAGG,CCGAGG,CCTCGG,i714,CAGCTC,Ots Final,0,,22-12118_GT.0026_i714_G3_Ots Final,CAGCTC,
22-12119,P133_2025-14,H3,i5_TCGGAC,TCGGAC,GTCCGA,i714,CAGCTC,Ots Final,0,,22-12119_GT.0026_i714_H3_Ots Final,CAGCTC,
22-12120,P133_2025-14,A4,i5_CGAGGC,CGAGGC,GCCTCG,i714,CAGCTC,Ots Final,0,,22-12120_GT.0026_i714_A4_Ots Final,CAGCTC,
22-12121,P133_2025-14,B4,i5_TGAACC,TGAACC,GGTTCA,i714,CAGCTC,Ots Final,0,,22-12121_GT.0026_i714_B4_Ots Final,CAGCTC,
22-12122,P133_2025-14,C4,i5_CGGTCC,CGGTCC,GGACCG,i714,CAGCTC,Ots Final,0,,22-12122_GT.0026_i714_C4_Ots Final,CAGCTC,
22-12123,P133_2025-14,D4,i5_TGCTTA,TGCTTA,TAAGCA,i714,CAGCTC,Ots Final,0,,22-12123_GT.0026_i714_D4_Ots Final,CAGCTC,
22-12124,P133_2025-14,E4,i5_CTACAG,CTACAG,CTGTAG,i714,CAGCTC,Ots Final,0,,22-12124_GT.0026_i714_E4_Ots Final,CAGCTC,
22-12125,P133_2025-14,F4,i5_TTCCGT,TTCCGT,ACGGAA,i714,CAGCTC,Ots Final,0,,22-12125_GT.0026_i714_F4_Ots Final,CAGCTC,
22-12126,P133_2025-14,G4,i5_CTGGTT,CTGGTT,AACCAG,i714,CAGCTC,Ots Final,0,,22-12126_GT.0026_i714_G4_Ots Final,CAGCTC,
22-12127,P133_2025-14,H4,i5_TTTAAT,TTTAAT,ATTAAA,i714,CAGCTC,Ots Final,0,,22-12127_GT.0026_i714_H4_Ots Final,CAGCTC,
22-12128,P133_2025-14,A5,i5_GAAATG,GAAATG,CATTTC,i714,CAGCTC,Ots Final,0,,22-12128_GT.0026_i714_A5_Ots Final,CAGCTC,
22-12129,P133_2025-14,B5,i5_AACTGA,AACTGA,TCAGTT,i714,CAGCTC,Ots Final,0,,22-12129_GT.0026_i714_B5_Ots Final,CAGCTC,
22-12130,P133_2025-14,C5,i5_GACTCT,GACTCT,AGAGTC,i714,CAGCTC,Ots Final,0,,22-12130_GT.0026_i714_C5_Ots Final,CAGCTC,
22-12131,P133_2025-14,D5,i5_AATATC,AATATC,GATATT,i714,CAGCTC,Ots Final,0,,22-12131_GT.0026_i714_D5_Ots Final,CAGCTC,
22-12132,P133_2025-14,E5,i5_GCAGAT,GCAGAT,ATCTGC,i714,CAGCTC,Ots Final,0,,22-12132_GT.0026_i714_E5_Ots Final,CAGCTC,
22-12133,P133_2025-14,F5,i5_ACAGCG,ACAGCG,CGCTGT,i714,CAGCTC,Ots Final,0,,22-12133_GT.0026_i714_F5_Ots Final,CAGCTC,
22-12134,P133_2025-14,G5,i5_GCGACC,GCGACC,GGTCGC,i714,CAGCTC,Ots Final,0,,22-12134_GT.0026_i714_G5_Ots Final,CAGCTC,
22-12135,P133_2025-14,H5,i5_ACCCCC,ACCCCC,GGGGGT,i714,CAGCTC,Ots Final,0,,22-12135_GT.0026_i714_H5_Ots Final,CAGCTC,
22-12136,P133_2025-14,A6,i5_GGACTT,GGACTT,AAGTCC,i714,CAGCTC,Ots Final,0,,22-12136_GT.0026_i714_A6_Ots Final,CAGCTC,
22-12137,P133_2025-14,B6,i5_AGCCAT,AGCCAT,ATGGCT,i714,CAGCTC,Ots Final,0,,22-12137_GT.0026_i714_B6_Ots Final,CAGCTC,
22-12138,P133_2025-14,C6,i5_GGGGCG,GGGGCG,CGCCCC,i714,CAGCTC,Ots Final,0,,22-12138_GT.0026_i714_C6_Ots Final,CAGCTC,
22-12139,P133_2025-14,D6,i5_AGGTGT,AGGTGT,ACACCT,i714,CAGCTC,Ots Final,0,,22-12139_GT.0026_i714_D6_Ots Final,CAGCTC,
22-12140,P133_2025-14,E6,i5_GTAAGT,GTAAGT,ACTTAC,i714,CAGCTC,Ots Final,0,,22-12140_GT.0026_i714_E6_Ots Final,CAGCTC,
22-12141,P133_2025-14,F6,i5_ATAGTA,ATAGTA,TACTAT,i714,CAGCTC,Ots Final,0,,22-12141_GT.0026_i714_F6_Ots Final,CAGCTC,
22-12142,P133_2025-14,G6,i5_GTGCCT,GTGCCT,AGGCAC,i714,CAGCTC,Ots Final,0,,22-12142_GT.0026_i714_G6_Ots Final,CAGCTC,
22-12143,P133_2025-14,H6,i5_ATGTTG,ATGTTG,CAACAT,i714,CAGCTC,Ots Final,0,,22-12143_GT.0026_i714_H6_Ots Final,CAGCTC,
22-12144,P133_2025-14,A7,i5_TAAGCT,TAAGCT,AGCTTA,i714,CAGCTC,Ots Final,0,,22-12144_GT.0026_i714_A7_Ots Final,CAGCTC,
22-12145,P133_2025-14,B7,i5_CAATCG,CAATCG,CGATTG,i714,CAGCTC,Ots Final,0,,22-12145_GT.0026_i714_B7_Ots Final,CAGCTC,
22-12146,P133_2025-14,C7,i5_TACGGG,TACGGG,CCCGTA,i714,CAGCTC,Ots Final,0,,22-12146_GT.0026_i714_C7_Ots Final,CAGCTC,
22-12147,P133_2025-14,D7,i5_CATACT,CATACT,AGTATG,i714,CAGCTC,Ots Final,0,,22-12147_GT.0026_i714_D7_Ots Final,CAGCTC,
22-12148,P133_2025-14,E7,i5_TCAAAG,TCAAAG,CTTTGA,i714,CAGCTC,Ots Final,0,,22-12148_GT.0026_i714_E7_Ots Final,CAGCTC,
22-12149,P133_2025-14,F7,i5_CCCTAA,CCCTAA,TTAGGG,i714,CAGCTC,Ots Final,0,,22-12149_GT.0026_i714_F7_Ots Final,CAGCTC,
22-12150,P133_2025-14,G7,i5_TCGCCA,TCGCCA,TGGCGA,i714,CAGCTC,Ots Final,0,,22-12150_GT.0026_i714_G7_Ots Final,CAGCTC,
22-12151,P133_2025-14,H7,i5_CCTAAC,CCTAAC,GTTAGG,i714,CAGCTC,Ots Final,0,,22-12151_GT.0026_i714_H7_Ots Final,CAGCTC,
22-12152,P133_2025-14,A8,i5_TCTTCT,TCTTCT,AGAAGA,i714,CAGCTC,Ots Final,0,,22-12152_GT.0026_i714_A8_Ots Final,CAGCTC,
22-12153,P133_2025-14,B8,i5_CGCGTG,CGCGTG,CACGCG,i714,CAGCTC,Ots Final,0,,22-12153_GT.0026_i714_B8_Ots Final,CAGCTC,
22-12154,P133_2025-14,C8,i5_TGCCCG,TGCCCG,CGGGCA,i714,CAGCTC,Ots Final,0,,22-12154_GT.0026_i714_C8_Ots Final,CAGCTC,
22-12155,P133_2025-14,D8,i5_CGTGAT,CGTGAT,ATCACG,i714,CAGCTC,Ots Final,0,,22-12155_GT.0026_i714_D8_Ots Final,CAGCTC,
22-12156,P133_2025-14,E8,i5_TTATGA,TTATGA,TCATAA,i714,CAGCTC,Ots Final,0,,22-12156_GT.0026_i714_E8_Ots Final,CAGCTC,
22-12157,P133_2025-14,F8,i5_CTGCGA,CTGCGA,TCGCAG,i714,CAGCTC,Ots Final,0,,22-12157_GT.0026_i714_F8_Ots Final,CAGCTC,
22-12158,P133_2025-14,G8,i5_TTGAGC,TTGAGC,GCTCAA,i714,CAGCTC,Ots Final,0,,22-12158_GT.0026_i714_G8_Ots Final,CAGCTC,
22-12159,P133_2025-14,H8,i5_CTTTGC,CTTTGC,GCAAAG,i714,CAGCTC,Ots Final,0,,22-12159_GT.0026_i714_H8_Ots Final,CAGCTC,
22-12160,P133_2025-14,A9,i5_AACGTT,AACGTT,AACGTT,i714,CAGCTC,Ots Final,0,,22-12160_GT.0026_i714_A9_Ots Final,CAGCTC,
22-12161,P133_2025-14,B9,i5_GACGAC,GACGAC,GTCGTC,i714,CAGCTC,Ots Final,0,,22-12161_GT.0026_i714_B9_Ots Final,CAGCTC,
22-12162,P133_2025-14,C9,i5_AAGCTA,AAGCTA,TAGCTT,i714,CAGCTC,Ots Final,0,,22-12162_GT.0026_i714_C9_Ots Final,CAGCTC,
22-12163,P133_2025-14,D9,i5_AATCGT,AATCGT,ACGATT,i714,CAGCTC,Ots Final,0,,22-12163_GT.0026_i714_D9_Ots Final,CAGCTC,
22-12164,P133_2025-14,E9,i5_ACAAGA,ACAAGA,TCTTGT,i714,CAGCTC,Ots Final,0,,22-12164_GT.0026_i714_E9_Ots Final,CAGCTC,
22-12165,P133_2025-14,F9,i5_GCCGTA,GCCGTA,TACGGC,i714,CAGCTC,Ots Final,0,,22-12165_GT.0026_i714_F9_Ots Final,CAGCTC,
22-12166,P133_2025-14,G9,i5_ACCATG,ACCATG,CATGGT,i714,CAGCTC,Ots Final,0,,22-12166_GT.0026_i714_G9_Ots Final,CAGCTC,
22-12167,P133_2025-14,H9,i5_GCTCAA,GCTCAA,TTGAGC,i714,CAGCTC,Ots Final,0,,22-12167_GT.0026_i714_H9_Ots Final,CAGCTC,
22-12168,P133_2025-14,A10,i5_ACTGGC,ACTGGC,GCCAGT,i714,CAGCTC,Ots Final,0,,22-12168_GT.0026_i714_A10_Ots Final,CAGCTC,
22-12169,P133_2025-14,B10,i5_GGGCGC,GGGCGC,GCGCCC,i714,CAGCTC,Ots Final,0,,22-12169_GT.0026_i714_B10_Ots Final,CAGCTC,
22-12170,P133_2025-14,C10,i5_AGGGTC,AGGGTC,GACCCT,i714,CAGCTC,Ots Final,0,,22-12170_GT.0026_i714_C10_Ots Final,CAGCTC,
22-12171,P133_2025-14,D10,i5_GGTTTG,GGTTTG,CAAACC,i714,CAGCTC,Ots Final,0,,22-12171_GT.0026_i714_D10_Ots Final,CAGCTC,
22-12172,P133_2025-14,E10,i5_AGTTAA,AGTTAA,TTAACT,i714,CAGCTC,Ots Final,0,,22-12172_GT.0026_i714_E10_Ots Final,CAGCTC,
22-12173,P133_2025-14,F10,i5_GTCATC,GTCATC,GATGAC,i714,CAGCTC,Ots Final,0,,22-12173_GT.0026_i714_F10_Ots Final,CAGCTC,
22-12174,P133_2025-14,G10,i5_ATGCAC,ATGCAC,GTGCAT,i714,CAGCTC,Ots Final,0,,22-12174_GT.0026_i714_G10_Ots Final,CAGCTC,
22-12175,P133_2025-14,H10,i5_GTTGGA,GTTGGA,TCCAAC,i714,CAGCTC,Ots Final,0,,22-12175_GT.0026_i714_H10_Ots Final,CAGCTC,
22-12176,P133_2025-14,A11,i5_CAAAAA,CAAAAA,TTTTTG,i714,CAGCTC,Ots Final,0,,22-12176_GT.0026_i714_A11_Ots Final,CAGCTC,
22-12177,P133_2025-14,B11,i5_TACACA,TACACA,TGTGTA,i714,CAGCTC,Ots Final,0,,22-12177_GT.0026_i714_B11_Ots Final,CAGCTC,
22-12178,P133_2025-14,C11,i5_CAGGCA,CAGGCA,TGCCTG,i714,CAGCTC,Ots Final,0,,22-12178_GT.0026_i714_C11_Ots Final,CAGCTC,
22-12179,P133_2025-14,D11,i5_TATCAC,TATCAC,GTGATA,i714,CAGCTC,Ots Final,0,,22-12179_GT.0026_i714_D11_Ots Final,CAGCTC,
22-12180,P133_2025-14,E11,i5_CCCGGT,CCCGGT,ACCGGG,i714,CAGCTC,Ots Final,0,,22-12180_GT.0026_i714_E11_Ots Final,CAGCTC,
22-12181,P133_2025-14,F11,i5_TCGATT,TCGATT,AATCGA,i714,CAGCTC,Ots Final,0,,22-12181_GT.0026_i714_F11_Ots Final,CAGCTC,
22-12182,P133_2025-14,G11,i5_CCGCAT,CCGCAT,ATGCGG,i714,CAGCTC,Ots Final,0,,22-12182_GT.0026_i714_G11_Ots Final,CAGCTC,
22-12183,P133_2025-14,H11,i5_TCTCGG,TCTCGG,CCGAGA,i714,CAGCTC,Ots Final,0,,22-12183_GT.0026_i714_H11_Ots Final,CAGCTC,
22-12184,P133_2025-14,A12,i5_CGCAGA,CGCAGA,TCTGCG,i714,CAGCTC,Ots Final,0,,22-12184_GT.0026_i714_A12_Ots Final,CAGCTC,
22-12185,P133_2025-14,B12,i5_TGACAA,TGACAA,TTGTCA,i714,CAGCTC,Ots Final,0,,22-12185_GT.0026_i714_B12_Ots Final,CAGCTC,
22-12186,P133_2025-14,C12,i5_CGTCTA,CGTCTA,TAGACG,i714,CAGCTC,Ots Final,0,,22-12186_GT.0026_i714_C12_Ots Final,CAGCTC,
22-12187,P133_2025-14,D12,i5_TGGGGA,TGGGGA,TCCCCA,i714,CAGCTC,Ots Final,0,,22-12187_GT.0026_i714_D12_Ots Final,CAGCTC,
22-12188,P133_2025-14,E12,i5_CTCGCC,CTCGCC,GGCGAG,i714,CAGCTC,Ots Final,0,,22-12188_GT.0026_i714_E12_Ots Final,CAGCTC,
22-12189,P133_2025-14,F12,i5_TTCTAG,TTCTAG,CTAGAA,i714,CAGCTC,Ots Final,0,,22-12189_GT.0026_i714_F12_Ots Final,CAGCTC,
22-12190,P133_2025-14,G12,i5_CTTATG,CTTATG,CATAAG,i714,CAGCTC,Ots Final,0,,22-12190_GT.0026_i714_G12_Ots Final,CAGCTC,
Negative,P133_2025-14,H12,i5_TTTGTC,TTTGTC,GACAAA,i714,CAGCTC,Ots Final,0,,Negative_GT.0026_i714_H12_Ots Final,CAGCTC,
22-12191,P133_2025-15,A1,i5_AAACGG,AAACGG,CCGTTT,i715,ACAGTA,Ots Final,0,,22-12191_GT.0026_i715_A1_Ots Final,ACAGTA,
22-12192,P133_2025-15,B1,i5_GAACCA,GAACCA,TGGTTC,i715,ACAGTA,Ots Final,0,,22-12192_GT.0026_i715_B1_Ots Final,ACAGTA,
22-12193,P133_2025-15,C1,i5_AAGACG,AAGACG,CGTCTT,i715,ACAGTA,Ots Final,0,,22-12193_GT.0026_i715_C1_Ots Final,ACAGTA,
22-12194,P133_2025-15,D1,i5_GAGAGA,GAGAGA,TCTCTC,i715,ACAGTA,Ots Final,0,,22-12194_GT.0026_i715_D1_Ots Final,ACAGTA,
22-12195,P133_2025-15,E1,i5_AATGAG,AATGAG,CTCATT,i715,ACAGTA,Ots Final,0,,22-12195_GT.0026_i715_E1_Ots Final,ACAGTA,
22-12196,P133_2025-15,F1,i5_GCATGG,GCATGG,CCATGC,i715,ACAGTA,Ots Final,0,,22-12196_GT.0026_i715_F1_Ots Final,ACAGTA,
22-12197,P133_2025-15,G1,i5_ACATAC,ACATAC,GTATGT,i715,ACAGTA,Ots Final,0,,22-12197_GT.0026_i715_G1_Ots Final,ACAGTA,
22-12198,P133_2025-15,H1,i5_GCGCTG,GCGCTG,CAGCGC,i715,ACAGTA,Ots Final,0,,22-12198_GT.0026_i715_H1_Ots Final,ACAGTA,
22-12199,P133_2025-15,A2,i5_ACTCTT,ACTCTT,AAGAGT,i715,ACAGTA,Ots Final,0,,22-12199_GT.0026_i715_A2_Ots Final,ACAGTA,
22-12200,P133_2025-15,B2,i5_GGCAAG,GGCAAG,CTTGCC,i715,ACAGTA,Ots Final,0,,22-12200_GT.0026_i715_B2_Ots Final,ACAGTA,
22-12201,P133_2025-15,C2,i5_AGCGCA,AGCGCA,TGCGCT,i715,ACAGTA,Ots Final,0,,22-12201_GT.0026_i715_C2_Ots Final,ACAGTA,
22-12202,P133_2025-15,D2,i5_GGTACA,GGTACA,TGTACC,i715,ACAGTA,Ots Final,0,,22-12202_GT.0026_i715_D2_Ots Final,ACAGTA,
22-12203,P133_2025-15,E2,i5_AGTAGG,AGTAGG,CCTACT,i715,ACAGTA,Ots Final,0,,22-12203_GT.0026_i715_E2_Ots Final,ACAGTA,
22-12204,P133_2025-15,F2,i5_GTATCC,GTATCC,GGATAC,i715,ACAGTA,Ots Final,0,,22-12204_GT.0026_i715_F2_Ots Final,ACAGTA,
22-12205,P133_2025-15,G2,i5_ATCAAA,ATCAAA,TTTGAT,i715,ACAGTA,Ots Final,0,,22-12205_GT.0026_i715_G2_Ots Final,ACAGTA,
22-12206,P133_2025-15,H2,i5_GTGTAA,GTGTAA,TTACAC,i715,ACAGTA,Ots Final,0,,22-12206_GT.0026_i715_H2_Ots Final,ACAGTA,
22-12207,P133_2025-15,A3,i5_ATTCCG,ATTCCG,CGGAAT,i715,ACAGTA,Ots Final,0,,22-12207_GT.0026_i715_A3_Ots Final,ACAGTA,
22-12208,P133_2025-15,B3,i5_TAATTC,TAATTC,GAATTA,i715,ACAGTA,Ots Final,0,,22-12208_GT.0026_i715_B3_Ots Final,ACAGTA,
22-12209,P133_2025-15,C3,i5_CACCTC,CACCTC,GAGGTG,i715,ACAGTA,Ots Final,0,,22-12209_GT.0026_i715_C3_Ots Final,ACAGTA,
22-12210,P133_2025-15,D3,i5_TAGTAT,TAGTAT,ATACTA,i715,ACAGTA,Ots Final,0,,22-12210_GT.0026_i715_D3_Ots Final,ACAGTA,
22-12211,P133_2025-15,E3,i5_CCATTT,CCATTT,AAATGG,i715,ACAGTA,Ots Final,0,,22-12211_GT.0026_i715_E3_Ots Final,ACAGTA,
22-12212,P133_2025-15,F3,i5_TCCTGC,TCCTGC,GCAGGA,i715,ACAGTA,Ots Final,0,,22-12212_GT.0026_i715_F3_Ots Final,ACAGTA,
22-12213,P133_2025-15,G3,i5_CCGAGG,CCGAGG,CCTCGG,i715,ACAGTA,Ots Final,0,,22-12213_GT.0026_i715_G3_Ots Final,ACAGTA,
22-12214,P133_2025-15,H3,i5_TCGGAC,TCGGAC,GTCCGA,i715,ACAGTA,Ots Final,0,,22-12214_GT.0026_i715_H3_Ots Final,ACAGTA,
22-12215,P133_2025-15,A4,i5_CGAGGC,CGAGGC,GCCTCG,i715,ACAGTA,Ots Final,0,,22-12215_GT.0026_i715_A4_Ots Final,ACAGTA,
22-12216,P133_2025-15,B4,i5_TGAACC,TGAACC,GGTTCA,i715,ACAGTA,Ots Final,0,,22-12216_GT.0026_i715_B4_Ots Final,ACAGTA,
22-12217,P133_2025-15,C4,i5_CGGTCC,CGGTCC,GGACCG,i715,ACAGTA,Ots Final,0,,22-12217_GT.0026_i715_C4_Ots Final,ACAGTA,
22-12218,P133_2025-15,D4,i5_TGCTTA,TGCTTA,TAAGCA,i715,ACAGTA,Ots Final,0,,22-12218_GT.0026_i715_D4_Ots Final,ACAGTA,
22-12219,P133_2025-15,E4,i5_CTACAG,CTACAG,CTGTAG,i715,ACAGTA,Ots Final,0,,22-12219_GT.0026_i715_E4_Ots Final,ACAGTA,
22-12220,P133_2025-15,F4,i5_TTCCGT,TTCCGT,ACGGAA,i715,ACAGTA,Ots Final,0,,22-12220_GT.0026_i715_F4_Ots Final,ACAGTA,
22-12221,P133_2025-15,G4,i5_CTGGTT,CTGGTT,AACCAG,i715,ACAGTA,Ots Final,0,,22-12221_GT.0026_i715_G4_Ots Final,ACAGTA,
22-12222,P133_2025-15,H4,i5_TTTAAT,TTTAAT,ATTAAA,i715,ACAGTA,Ots Final,0,,22-12222_GT.0026_i715_H4_Ots Final,ACAGTA,
22-12223,P133_2025-15,A5,i5_GAAATG,GAAATG,CATTTC,i715,ACAGTA,Ots Final,0,,22-12223_GT.0026_i715_A5_Ots Final,ACAGTA,
22-12224,P133_2025-15,B5,i5_AACTGA,AACTGA,TCAGTT,i715,ACAGTA,Ots Final,0,,22-12224_GT.0026_i715_B5_Ots Final,ACAGTA,
22-12225,P133_2025-15,C5,i5_GACTCT,GACTCT,AGAGTC,i715,ACAGTA,Ots Final,0,,22-12225_GT.0026_i715_C5_Ots Final,ACAGTA,
22-12226,P133_2025-15,D5,i5_AATATC,AATATC,GATATT,i715,ACAGTA,Ots Final,0,,22-12226_GT.0026_i715_D5_Ots Final,ACAGTA,
22-12227,P133_2025-15,E5,i5_GCAGAT,GCAGAT,ATCTGC,i715,ACAGTA,Ots Final,0,,22-12227_GT.0026_i715_E5_Ots Final,ACAGTA,
22-12228,P133_2025-15,F5,i5_ACAGCG,ACAGCG,CGCTGT,i715,ACAGTA,Ots Final,0,,22-12228_GT.0026_i715_F5_Ots Final,ACAGTA,
22-12229,P133_2025-15,G5,i5_GCGACC,GCGACC,GGTCGC,i715,ACAGTA,Ots Final,0,,22-12229_GT.0026_i715_G5_Ots Final,ACAGTA,
22-12230,P133_2025-15,H5,i5_ACCCCC,ACCCCC,GGGGGT,i715,ACAGTA,Ots Final,0,,22-12230_GT.0026_i715_H5_Ots Final,ACAGTA,
22-12231,P133_2025-15,A6,i5_GGACTT,GGACTT,AAGTCC,i715,ACAGTA,Ots Final,0,,22-12231_GT.0026_i715_A6_Ots Final,ACAGTA,
22-12232,P133_2025-15,B6,i5_AGCCAT,AGCCAT,ATGGCT,i715,ACAGTA,Ots Final,0,,22-12232_GT.0026_i715_B6_Ots Final,ACAGTA,
22-12233,P133_2025-15,C6,i5_GGGGCG,GGGGCG,CGCCCC,i715,ACAGTA,Ots Final,0,,22-12233_GT.0026_i715_C6_Ots Final,ACAGTA,
22-12234,P133_2025-15,D6,i5_AGGTGT,AGGTGT,ACACCT,i715,ACAGTA,Ots Final,0,,22-12234_GT.0026_i715_D6_Ots Final,ACAGTA,
22-12235,P133_2025-15,E6,i5_GTAAGT,GTAAGT,ACTTAC,i715,ACAGTA,Ots Final,0,,22-12235_GT.0026_i715_E6_Ots Final,ACAGTA,
22-12236,P133_2025-15,F6,i5_ATAGTA,ATAGTA,TACTAT,i715,ACAGTA,Ots Final,0,,22-12236_GT.0026_i715_F6_Ots Final,ACAGTA,
22-12237,P133_2025-15,G6,i5_GTGCCT,GTGCCT,AGGCAC,i715,ACAGTA,Ots Final,0,,22-12237_GT.0026_i715_G6_Ots Final,ACAGTA,
22-12238,P133_2025-15,H6,i5_ATGTTG,ATGTTG,CAACAT,i715,ACAGTA,Ots Final,0,,22-12238_GT.0026_i715_H6_Ots Final,ACAGTA,
22-12239,P133_2025-15,A7,i5_TAAGCT,TAAGCT,AGCTTA,i715,ACAGTA,Ots Final,0,,22-12239_GT.0026_i715_A7_Ots Final,ACAGTA,
22-12240,P133_2025-15,B7,i5_CAATCG,CAATCG,CGATTG,i715,ACAGTA,Ots Final,0,,22-12240_GT.0026_i715_B7_Ots Final,ACAGTA,
22-12241,P133_2025-15,C7,i5_TACGGG,TACGGG,CCCGTA,i715,ACAGTA,Ots Final,0,,22-12241_GT.0026_i715_C7_Ots Final,ACAGTA,
22-12242,P133_2025-15,D7,i5_CATACT,CATACT,AGTATG,i715,ACAGTA,Ots Final,0,,22-12242_GT.0026_i715_D7_Ots Final,ACAGTA,
22-12243,P133_2025-15,E7,i5_TCAAAG,TCAAAG,CTTTGA,i715,ACAGTA,Ots Final,0,,22-12243_GT.0026_i715_E7_Ots Final,ACAGTA,
22-12244,P133_2025-15,F7,i5_CCCTAA,CCCTAA,TTAGGG,i715,ACAGTA,Ots Final,0,,22-12244_GT.0026_i715_F7_Ots Final,ACAGTA,
22-12245,P133_2025-15,G7,i5_TCGCCA,TCGCCA,TGGCGA,i715,ACAGTA,Ots Final,0,,22-12245_GT.0026_i715_G7_Ots Final,ACAGTA,
22-12246,P133_2025-15,H7,i5_CCTAAC,CCTAAC,GTTAGG,i715,ACAGTA,Ots Final,0,,22-12246_GT.0026_i715_H7_Ots Final,ACAGTA,
22-12247,P133_2025-15,A8,i5_TCTTCT,TCTTCT,AGAAGA,i715,ACAGTA,Ots Final,0,,22-12247_GT.0026_i715_A8_Ots Final,ACAGTA,
22-12248,P133_2025-15,B8,i5_CGCGTG,CGCGTG,CACGCG,i715,ACAGTA,Ots Final,0,,22-12248_GT.0026_i715_B8_Ots Final,ACAGTA,
22-12249,P133_2025-15,C8,i5_TGCCCG,TGCCCG,CGGGCA,i715,ACAGTA,Ots Final,0,,22-12249_GT.0026_i715_C8_Ots Final,ACAGTA,
22-12250,P133_2025-15,D8,i5_CGTGAT,CGTGAT,ATCACG,i715,ACAGTA,Ots Final,0,,22-12250_GT.0026_i715_D8_Ots Final,ACAGTA,
22-12251,P133_2025-15,E8,i5_TTATGA,TTATGA,TCATAA,i715,ACAGTA,Ots Final,0,,22-12251_GT.0026_i715_E8_Ots Final,ACAGTA,
22-12252,P133_2025-15,F8,i5_CTGCGA,CTGCGA,TCGCAG,i715,ACAGTA,Ots Final,0,,22-12252_GT.0026_i715_F8_Ots Final,ACAGTA,
22-12253,P133_2025-15,G8,i5_TTGAGC,TTGAGC,GCTCAA,i715,ACAGTA,Ots Final,0,,22-12253_GT.0026_i715_G8_Ots Final,ACAGTA,
22-12254,P133_2025-15,H8,i5_CTTTGC,CTTTGC,GCAAAG,i715,ACAGTA,Ots Final,0,,22-12254_GT.0026_i715_H8_Ots Final,ACAGTA,
22-12255,P133_2025-15,A9,i5_AACGTT,AACGTT,AACGTT,i715,ACAGTA,Ots Final,0,,22-12255_GT.0026_i715_A9_Ots Final,ACAGTA,
22-12256,P133_2025-15,B9,i5_GACGAC,GACGAC,GTCGTC,i715,ACAGTA,Ots Final,0,,22-12256_GT.0026_i715_B9_Ots Final,ACAGTA,
22-12257,P133_2025-15,C9,i5_AAGCTA,AAGCTA,TAGCTT,i715,ACAGTA,Ots Final,0,,22-12257_GT.0026_i715_C9_Ots Final,ACAGTA,
22-12258,P133_2025-15,D9,i5_AATCGT,AATCGT,ACGATT,i715,ACAGTA,Ots Final,0,,22-12258_GT.0026_i715_D9_Ots Final,ACAGTA,
22-12259,P133_2025-15,E9,i5_ACAAGA,ACAAGA,TCTTGT,i715,ACAGTA,Ots Final,0,,22-12259_GT.0026_i715_E9_Ots Final,ACAGTA,
22-12260,P133_2025-15,F9,i5_GCCGTA,GCCGTA,TACGGC,i715,ACAGTA,Ots Final,0,,22-12260_GT.0026_i715_F9_Ots Final,ACAGTA,
22-12261,P133_2025-15,G9,i5_ACCATG,ACCATG,CATGGT,i715,ACAGTA,Ots Final,0,,22-12261_GT.0026_i715_G9_Ots Final,ACAGTA,
22-12262,P133_2025-15,H9,i5_GCTCAA,GCTCAA,TTGAGC,i715,ACAGTA,Ots Final,0,,22-12262_GT.0026_i715_H9_Ots Final,ACAGTA,
22-12263,P133_2025-15,A10,i5_ACTGGC,ACTGGC,GCCAGT,i715,ACAGTA,Ots Final,0,,22-12263_GT.0026_i715_A10_Ots Final,ACAGTA,
22-12264,P133_2025-15,B10,i5_GGGCGC,GGGCGC,GCGCCC,i715,ACAGTA,Ots Final,0,,22-12264_GT.0026_i715_B10_Ots Final,ACAGTA,
22-12265,P133_2025-15,C10,i5_AGGGTC,AGGGTC,GACCCT,i715,ACAGTA,Ots Final,0,,22-12265_GT.0026_i715_C10_Ots Final,ACAGTA,
22-12266,P133_2025-15,D10,i5_GGTTTG,GGTTTG,CAAACC,i715,ACAGTA,Ots Final,0,,22-12266_GT.0026_i715_D10_Ots Final,ACAGTA,
22-12267,P133_2025-15,E10,i5_AGTTAA,AGTTAA,TTAACT,i715,ACAGTA,Ots Final,0,,22-12267_GT.0026_i715_E10_Ots Final,ACAGTA,
22-12268,P133_2025-15,F10,i5_GTCATC,GTCATC,GATGAC,i715,ACAGTA,Ots Final,0,,22-12268_GT.0026_i715_F10_Ots Final,ACAGTA,
22-12269,P133_2025-15,G10,i5_ATGCAC,ATGCAC,GTGCAT,i715,ACAGTA,Ots Final,0,,22-12269_GT.0026_i715_G10_Ots Final,ACAGTA,
22-12270,P133_2025-15,H10,i5_GTTGGA,GTTGGA,TCCAAC,i715,ACAGTA,Ots Final,0,,22-12270_GT.0026_i715_H10_Ots Final,ACAGTA,
22-12271,P133_2025-15,A11,i5_CAAAAA,CAAAAA,TTTTTG,i715,ACAGTA,Ots Final,0,,22-12271_GT.0026_i715_A11_Ots Final,ACAGTA,
22-12272,P133_2025-15,B11,i5_TACACA,TACACA,TGTGTA,i715,ACAGTA,Ots Final,0,,22-12272_GT.0026_i715_B11_Ots Final,ACAGTA,
22-12273,P133_2025-15,C11,i5_CAGGCA,CAGGCA,TGCCTG,i715,ACAGTA,Ots Final,0,,22-12273_GT.0026_i715_C11_Ots Final,ACAGTA,
22-12274,P133_2025-15,D11,i5_TATCAC,TATCAC,GTGATA,i715,ACAGTA,Ots Final,0,,22-12274_GT.0026_i715_D11_Ots Final,ACAGTA,
22-12275,P133_2025-15,E11,i5_CCCGGT,CCCGGT,ACCGGG,i715,ACAGTA,Ots Final,0,,22-12275_GT.0026_i715_E11_Ots Final,ACAGTA,
22-12276,P133_2025-15,F11,i5_TCGATT,TCGATT,AATCGA,i715,ACAGTA,Ots Final,0,,22-12276_GT.0026_i715_F11_Ots Final,ACAGTA,
22-12277,P133_2025-15,G11,i5_CCGCAT,CCGCAT,ATGCGG,i715,ACAGTA,Ots Final,0,,22-12277_GT.0026_i715_G11_Ots Final,ACAGTA,
22-12278,P133_2025-15,H11,i5_TCTCGG,TCTCGG,CCGAGA,i715,ACAGTA,Ots Final,0,,22-12278_GT.0026_i715_H11_Ots Final,ACAGTA,
22-12279,P133_2025-15,A12,i5_CGCAGA,CGCAGA,TCTGCG,i715,ACAGTA,Ots Final,0,,22-12279_GT.0026_i715_A12_Ots Final,ACAGTA,
22-12280,P133_2025-15,B12,i5_TGACAA,TGACAA,TTGTCA,i715,ACAGTA,Ots Final,0,,22-12280_GT.0026_i715_B12_Ots Final,ACAGTA,
22-12281,P133_2025-15,C12,i5_CGTCTA,CGTCTA,TAGACG,i715,ACAGTA,Ots Final,0,,22-12281_GT.0026_i715_C12_Ots Final,ACAGTA,
22-12282,P133_2025-15,D12,i5_TGGGGA,TGGGGA,TCCCCA,i715,ACAGTA,Ots Final,0,,22-12282_GT.0026_i715_D12_Ots Final,ACAGTA,
22-12283,P133_2025-15,E12,i5_CTCGCC,CTCGCC,GGCGAG,i715,ACAGTA,Ots Final,0,,22-12283_GT.0026_i715_E12_Ots Final,ACAGTA,
22-12284,P133_2025-15,F12,i5_TTCTAG,TTCTAG,CTAGAA,i715,ACAGTA,Ots Final,0,,22-12284_GT.0026_i715_F12_Ots Final,ACAGTA,
22-12285,P133_2025-15,G12,i5_CTTATG,CTTATG,CATAAG,i715,ACAGTA,Ots Final,0,,22-12285_GT.0026_i715_G12_Ots Final,ACAGTA,
Negative,P133_2025-15,H12,i5_TTTGTC,TTTGTC,GACAAA,i715,ACAGTA,Ots Final,0,,Negative_GT.0026_i715_H12_Ots Final,ACAGTA,
22-12286,P133_2025-16,A1,i5_AAACGG,AAACGG,CCGTTT,i716,GCTGGC,Ots Final,0,,22-12286_GT.0026_i716_A1_Ots Final,GCTGGC,
22-12287,P133_2025-16,B1,i5_GAACCA,GAACCA,TGGTTC,i716,GCTGGC,Ots Final,0,,22-12287_GT.0026_i716_B1_Ots Final,GCTGGC,
22-12288,P133_2025-16,C1,i5_AAGACG,AAGACG,CGTCTT,i716,GCTGGC,Ots Final,0,,22-12288_GT.0026_i716_C1_Ots Final,GCTGGC,
22-12289,P133_2025-16,D1,i5_GAGAGA,GAGAGA,TCTCTC,i716,GCTGGC,Ots Final,0,,22-12289_GT.0026_i716_D1_Ots Final,GCTGGC,
22-12290,P133_2025-16,E1,i5_AATGAG,AATGAG,CTCATT,i716,GCTGGC,Ots Final,0,,22-12290_GT.0026_i716_E1_Ots Final,GCTGGC,
22-12291,P133_2025-16,F1,i5_GCATGG,GCATGG,CCATGC,i716,GCTGGC,Ots Final,0,,22-12291_GT.0026_i716_F1_Ots Final,GCTGGC,
22-12292,P133_2025-16,G1,i5_ACATAC,ACATAC,GTATGT,i716,GCTGGC,Ots Final,0,,22-12292_GT.0026_i716_G1_Ots Final,GCTGGC,
22-12293,P133_2025-16,H1,i5_GCGCTG,GCGCTG,CAGCGC,i716,GCTGGC,Ots Final,0,,22-12293_GT.0026_i716_H1_Ots Final,GCTGGC,
22-12294,P133_2025-16,A2,i5_ACTCTT,ACTCTT,AAGAGT,i716,GCTGGC,Ots Final,0,,22-12294_GT.0026_i716_A2_Ots Final,GCTGGC,
22-12295,P133_2025-16,B2,i5_GGCAAG,GGCAAG,CTTGCC,i716,GCTGGC,Ots Final,0,,22-12295_GT.0026_i716_B2_Ots Final,GCTGGC,
22-12296,P133_2025-16,C2,i5_AGCGCA,AGCGCA,TGCGCT,i716,GCTGGC,Ots Final,0,,22-12296_GT.0026_i716_C2_Ots Final,GCTGGC,
22-12297,P133_2025-16,D2,i5_GGTACA,GGTACA,TGTACC,i716,GCTGGC,Ots Final,0,,22-12297_GT.0026_i716_D2_Ots Final,GCTGGC,
22-12298,P133_2025-16,E2,i5_AGTAGG,AGTAGG,CCTACT,i716,GCTGGC,Ots Final,0,,22-12298_GT.0026_i716_E2_Ots Final,GCTGGC,
22-12299,P133_2025-16,F2,i5_GTATCC,GTATCC,GGATAC,i716,GCTGGC,Ots Final,0,,22-12299_GT.0026_i716_F2_Ots Final,GCTGGC,
22-12300,P133_2025-16,G2,i5_ATCAAA,ATCAAA,TTTGAT,i716,GCTGGC,Ots Final,0,,22-12300_GT.0026_i716_G2_Ots Final,GCTGGC,
22-12301,P133_2025-16,H2,i5_GTGTAA,GTGTAA,TTACAC,i716,GCTGGC,Ots Final,0,,22-12301_GT.0026_i716_H2_Ots Final,GCTGGC,
22-12302,P133_2025-16,A3,i5_ATTCCG,ATTCCG,CGGAAT,i716,GCTGGC,Ots Final,0,,22-12302_GT.0026_i716_A3_Ots Final,GCTGGC,
22-12303,P133_2025-16,B3,i5_TAATTC,TAATTC,GAATTA,i716,GCTGGC,Ots Final,0,,22-12303_GT.0026_i716_B3_Ots Final,GCTGGC,
22-12304,P133_2025-16,C3,i5_CACCTC,CACCTC,GAGGTG,i716,GCTGGC,Ots Final,0,,22-12304_GT.0026_i716_C3_Ots Final,GCTGGC,
22-12305,P133_2025-16,D3,i5_TAGTAT,TAGTAT,ATACTA,i716,GCTGGC,Ots Final,0,,22-12305_GT.0026_i716_D3_Ots Final,GCTGGC,
22-12306,P133_2025-16,E3,i5_CCATTT,CCATTT,AAATGG,i716,GCTGGC,Ots Final,0,,22-12306_GT.0026_i716_E3_Ots Final,GCTGGC,
22-12307,P133_2025-16,F3,i5_TCCTGC,TCCTGC,GCAGGA,i716,GCTGGC,Ots Final,0,,22-12307_GT.0026_i716_F3_Ots Final,GCTGGC,
22-12308,P133_2025-16,G3,i5_CCGAGG,CCGAGG,CCTCGG,i716,GCTGGC,Ots Final,0,,22-12308_GT.0026_i716_G3_Ots Final,GCTGGC,
22-12309,P133_2025-16,H3,i5_TCGGAC,TCGGAC,GTCCGA,i716,GCTGGC,Ots Final,0,,22-12309_GT.0026_i716_H3_Ots Final,GCTGGC,
22-12310,P133_2025-16,A4,i5_CGAGGC,CGAGGC,GCCTCG,i716,GCTGGC,Ots Final,0,,22-12310_GT.0026_i716_A4_Ots Final,GCTGGC,
22-12311,P133_2025-16,B4,i5_TGAACC,TGAACC,GGTTCA,i716,GCTGGC,Ots Final,0,,22-12311_GT.0026_i716_B4_Ots Final,GCTGGC,
22-12312,P133_2025-16,C4,i5_CGGTCC,CGGTCC,GGACCG,i716,GCTGGC,Ots Final,0,,22-12312_GT.0026_i716_C4_Ots Final,GCTGGC,
22-12313,P133_2025-16,D4,i5_TGCTTA,TGCTTA,TAAGCA,i716,GCTGGC,Ots Final,0,,22-12313_GT.0026_i716_D4_Ots Final,GCTGGC,
22-12314,P133_2025-16,E4,i5_CTACAG,CTACAG,CTGTAG,i716,GCTGGC,Ots Final,0,,22-12314_GT.0026_i716_E4_Ots Final,GCTGGC,
22-12315,P133_2025-16,F4,i5_TTCCGT,TTCCGT,ACGGAA,i716,GCTGGC,Ots Final,0,,22-12315_GT.0026_i716_F4_Ots Final,GCTGGC,
22-12316,P133_2025-16,G4,i5_CTGGTT,CTGGTT,AACCAG,i716,GCTGGC,Ots Final,0,,22-12316_GT.0026_i716_G4_Ots Final,GCTGGC,
22-12317,P133_2025-16,H4,i5_TTTAAT,TTTAAT,ATTAAA,i716,GCTGGC,Ots Final,0,,22-12317_GT.0026_i716_H4_Ots Final,GCTGGC,
22-12318,P133_2025-16,A5,i5_GAAATG,GAAATG,CATTTC,i716,GCTGGC,Ots Final,0,,22-12318_GT.0026_i716_A5_Ots Final,GCTGGC,
22-12319,P133_2025-16,B5,i5_AACTGA,AACTGA,TCAGTT,i716,GCTGGC,Ots Final,0,,22-12319_GT.0026_i716_B5_Ots Final,GCTGGC,
22-12320,P133_2025-16,C5,i5_GACTCT,GACTCT,AGAGTC,i716,GCTGGC,Ots Final,0,,22-12320_GT.0026_i716_C5_Ots Final,GCTGGC,
22-12321,P133_2025-16,D5,i5_AATATC,AATATC,GATATT,i716,GCTGGC,Ots Final,0,,22-12321_GT.0026_i716_D5_Ots Final,GCTGGC,
22-12322,P133_2025-16,E5,i5_GCAGAT,GCAGAT,ATCTGC,i716,GCTGGC,Ots Final,0,,22-12322_GT.0026_i716_E5_Ots Final,GCTGGC,
22-12323,P133_2025-16,F5,i5_ACAGCG,ACAGCG,CGCTGT,i716,GCTGGC,Ots Final,0,,22-12323_GT.0026_i716_F5_Ots Final,GCTGGC,
22-12324,P133_2025-16,G5,i5_GCGACC,GCGACC,GGTCGC,i716,GCTGGC,Ots Final,0,,22-12324_GT.0026_i716_G5_Ots Final,GCTGGC,
22-12325,P133_2025-16,H5,i5_ACCCCC,ACCCCC,GGGGGT,i716,GCTGGC,Ots Final,0,,22-12325_GT.0026_i716_H5_Ots Final,GCTGGC,
22-12326,P133_2025-16,A6,i5_GGACTT,GGACTT,AAGTCC,i716,GCTGGC,Ots Final,0,,22-12326_GT.0026_i716_A6_Ots Final,GCTGGC,
22-12327,P133_2025-16,B6,i5_AGCCAT,AGCCAT,ATGGCT,i716,GCTGGC,Ots Final,0,,22-12327_GT.0026_i716_B6_Ots Final,GCTGGC,
22-12328,P133_2025-16,C6,i5_GGGGCG,GGGGCG,CGCCCC,i716,GCTGGC,Ots Final,0,,22-12328_GT.0026_i716_C6_Ots Final,GCTGGC,
22-12329,P133_2025-16,D6,i5_AGGTGT,AGGTGT,ACACCT,i716,GCTGGC,Ots Final,0,,22-12329_GT.0026_i716_D6_Ots Final,GCTGGC,
22-12330,P133_2025-16,E6,i5_GTAAGT,GTAAGT,ACTTAC,i716,GCTGGC,Ots Final,0,,22-12330_GT.0026_i716_E6_Ots Final,GCTGGC,
22-12331,P133_2025-16,F6,i5_ATAGTA,ATAGTA,TACTAT,i716,GCTGGC,Ots Final,0,,22-12331_GT.0026_i716_F6_Ots Final,GCTGGC,
22-12332,P133_2025-16,G6,i5_GTGCCT,GTGCCT,AGGCAC,i716,GCTGGC,Ots Final,0,,22-12332_GT.0026_i716_G6_Ots Final,GCTGGC,
22-12333,P133_2025-16,H6,i5_ATGTTG,ATGTTG,CAACAT,i716,GCTGGC,Ots Final,0,,22-12333_GT.0026_i716_H6_Ots Final,GCTGGC,
22-12334,P133_2025-16,A7,i5_TAAGCT,TAAGCT,AGCTTA,i716,GCTGGC,Ots Final,0,,22-12334_GT.0026_i716_A7_Ots Final,GCTGGC,
22-12335,P133_2025-16,B7,i5_CAATCG,CAATCG,CGATTG,i716,GCTGGC,Ots Final,0,,22-12335_GT.0026_i716_B7_Ots Final,GCTGGC,
22-12336,P133_2025-16,C7,i5_TACGGG,TACGGG,CCCGTA,i716,GCTGGC,Ots Final,0,,22-12336_GT.0026_i716_C7_Ots Final,GCTGGC,
22-12337,P133_2025-16,D7,i5_CATACT,CATACT,AGTATG,i716,GCTGGC,Ots Final,0,,22-12337_GT.0026_i716_D7_Ots Final,GCTGGC,
22-12338,P133_2025-16,E7,i5_TCAAAG,TCAAAG,CTTTGA,i716,GCTGGC,Ots Final,0,,22-12338_GT.0026_i716_E7_Ots Final,GCTGGC,
22-12339,P133_2025-16,F7,i5_CCCTAA,CCCTAA,TTAGGG,i716,GCTGGC,Ots Final,0,,22-12339_GT.0026_i716_F7_Ots Final,GCTGGC,
22-12340,P133_2025-16,G7,i5_TCGCCA,TCGCCA,TGGCGA,i716,GCTGGC,Ots Final,0,,22-12340_GT.0026_i716_G7_Ots Final,GCTGGC,
22-12341,P133_2025-16,H7,i5_CCTAAC,CCTAAC,GTTAGG,i716,GCTGGC,Ots Final,0,,22-12341_GT.0026_i716_H7_Ots Final,GCTGGC,
22-12342,P133_2025-16,A8,i5_TCTTCT,TCTTCT,AGAAGA,i716,GCTGGC,Ots Final,0,,22-12342_GT.0026_i716_A8_Ots Final,GCTGGC,
22-12343,P133_2025-16,B8,i5_CGCGTG,CGCGTG,CACGCG,i716,GCTGGC,Ots Final,0,,22-12343_GT.0026_i716_B8_Ots Final,GCTGGC,
22-12344,P133_2025-16,C8,i5_TGCCCG,TGCCCG,CGGGCA,i716,GCTGGC,Ots Final,0,,22-12344_GT.0026_i716_C8_Ots Final,GCTGGC,
22-12345,P133_2025-16,D8,i5_CGTGAT,CGTGAT,ATCACG,i716,GCTGGC,Ots Final,0,,22-12345_GT.0026_i716_D8_Ots Final,GCTGGC,
22-12346,P133_2025-16,E8,i5_TTATGA,TTATGA,TCATAA,i716,GCTGGC,Ots Final,0,,22-12346_GT.0026_i716_E8_Ots Final,GCTGGC,
22-12347,P133_2025-16,F8,i5_CTGCGA,CTGCGA,TCGCAG,i716,GCTGGC,Ots Final,0,,22-12347_GT.0026_i716_F8_Ots Final,GCTGGC,
22-12348,P133_2025-16,G8,i5_TTGAGC,TTGAGC,GCTCAA,i716,GCTGGC,Ots Final,0,,22-12348_GT.0026_i716_G8_Ots Final,GCTGGC,
22-12349,P133_2025-16,H8,i5_CTTTGC,CTTTGC,GCAAAG,i716,GCTGGC,Ots Final,0,,22-12349_GT.0026_i716_H8_Ots Final,GCTGGC,
22-12350,P133_2025-16,A9,i5_AACGTT,AACGTT,AACGTT,i716,GCTGGC,Ots Final,0,,22-12350_GT.0026_i716_A9_Ots Final,GCTGGC,
22-12351,P133_2025-16,B9,i5_GACGAC,GACGAC,GTCGTC,i716,GCTGGC,Ots Final,0,,22-12351_GT.0026_i716_B9_Ots Final,GCTGGC,
22-12352,P133_2025-16,C9,i5_AAGCTA,AAGCTA,TAGCTT,i716,GCTGGC,Ots Final,0,,22-12352_GT.0026_i716_C9_Ots Final,GCTGGC,
22-12353,P133_2025-16,D9,i5_AATCGT,AATCGT,ACGATT,i716,GCTGGC,Ots Final,0,,22-12353_GT.0026_i716_D9_Ots Final,GCTGGC,
22-12354,P133_2025-16,E9,i5_ACAAGA,ACAAGA,TCTTGT,i716,GCTGGC,Ots Final,0,,22-12354_GT.0026_i716_E9_Ots Final,GCTGGC,
22-12355,P133_2025-16,F9,i5_GCCGTA,GCCGTA,TACGGC,i716,GCTGGC,Ots Final,0,,22-12355_GT.0026_i716_F9_Ots Final,GCTGGC,
22-12356,P133_2025-16,G9,i5_ACCATG,ACCATG,CATGGT,i716,GCTGGC,Ots Final,0,,22-12356_GT.0026_i716_G9_Ots Final,GCTGGC,
22-12357,P133_2025-16,H9,i5_GCTCAA,GCTCAA,TTGAGC,i716,GCTGGC,Ots Final,0,,22-12357_GT.0026_i716_H9_Ots Final,GCTGGC,
22-12358,P133_2025-16,A10,i5_ACTGGC,ACTGGC,GCCAGT,i716,GCTGGC,Ots Final,0,,22-12358_GT.0026_i716_A10_Ots Final,GCTGGC,
22-12359,P133_2025-16,B10,i5_GGGCGC,GGGCGC,GCGCCC,i716,GCTGGC,Ots Final,0,,22-12359_GT.0026_i716_B10_Ots Final,GCTGGC,
22-12360,P133_2025-16,C10,i5_AGGGTC,AGGGTC,GACCCT,i716,GCTGGC,Ots Final,0,,22-12360_GT.0026_i716_C10_Ots Final,GCTGGC,
22-12361,P133_2025-16,D10,i5_GGTTTG,GGTTTG,CAAACC,i716,GCTGGC,Ots Final,0,,22-12361_GT.0026_i716_D10_Ots Final,GCTGGC,
22-12362,P133_2025-16,E10,i5_AGTTAA,AGTTAA,TTAACT,i716,GCTGGC,Ots Final,0,,22-12362_GT.0026_i716_E10_Ots Final,GCTGGC,
22-12363,P133_2025-16,F10,i5_GTCATC,GTCATC,GATGAC,i716,GCTGGC,Ots Final,0,,22-12363_GT.0026_i716_F10_Ots Final,GCTGGC,
22-12364,P133_2025-16,G10,i5_ATGCAC,ATGCAC,GTGCAT,i716,GCTGGC,Ots Final,0,,22-12364_GT.0026_i716_G10_Ots Final,GCTGGC,
22-12365,P133_2025-16,H10,i5_GTTGGA,GTTGGA,TCCAAC,i716,GCTGGC,Ots Final,0,,22-12365_GT.0026_i716_H10_Ots Final,GCTGGC,
22-12366,P133_2025-16,A11,i5_CAAAAA,CAAAAA,TTTTTG,i716,GCTGGC,Ots Final,0,,22-12366_GT.0026_i716_A11_Ots Final,GCTGGC,
22-12367,P133_2025-16,B11,i5_TACACA,TACACA,TGTGTA,i716,GCTGGC,Ots Final,0,,22-12367_GT.0026_i716_B11_Ots Final,GCTGGC,
22-12368,P133_2025-16,C11,i5_CAGGCA,CAGGCA,TGCCTG,i716,GCTGGC,Ots Final,0,,22-12368_GT.0026_i716_C11_Ots Final,GCTGGC,
22-12369,P133_2025-16,D11,i5_TATCAC,TATCAC,GTGATA,i716,GCTGGC,Ots Final,0,,22-12369_GT.0026_i716_D11_Ots Final,GCTGGC,
22-12370,P133_2025-16,E11,i5_CCCGGT,CCCGGT,ACCGGG,i716,GCTGGC,Ots Final,0,,22-12370_GT.0026_i716_E11_Ots Final,GCTGGC,
22-12371,P133_2025-16,F11,i5_TCGATT,TCGATT,AATCGA,i716,GCTGGC,Ots Final,0,,22-12371_GT.0026_i716_F11_Ots Final,GCTGGC,
22-12372,P133_2025-16,G11,i5_CCGCAT,CCGCAT,ATGCGG,i716,GCTGGC,Ots Final,0,,22-12372_GT.0026_i716_G11_Ots Final,GCTGGC,
22-12373,P133_2025-16,H11,i5_TCTCGG,TCTCGG,CCGAGA,i716,GCTGGC,Ots Final,0,,22-12373_GT.0026_i716_H11_Ots Final,GCTGGC,
22-12374,P133_2025-16,A12,i5_CGCAGA,CGCAGA,TCTGCG,i716,GCTGGC,Ots Final,0,,22-12374_GT.0026_i716_A12_Ots Final,GCTGGC,
22-12375,P133_2025-16,B12,i5_TGACAA,TGACAA,TTGTCA,i716,GCTGGC,Ots Final,0,,22-12375_GT.0026_i716_B12_Ots Final,GCTGGC,
22-12376,P133_2025-16,C12,i5_CGTCTA,CGTCTA,TAGACG,i716,GCTGGC,Ots Final,0,,22-12376_GT.0026_i716_C12_Ots Final,GCTGGC,
22-12377,P133_2025-16,D12,i5_TGGGGA,TGGGGA,TCCCCA,i716,GCTGGC,Ots Final,0,,22-12377_GT.0026_i716_D12_Ots Final,GCTGGC,
22-12378,P133_2025-16,E12,i5_CTCGCC,CTCGCC,GGCGAG,i716,GCTGGC,Ots Final,0,,22-12378_GT.0026_i716_E12_Ots Final,GCTGGC,
22-12379,P133_2025-16,F12,i5_TTCTAG,TTCTAG,CTAGAA,i716,GCTGGC,Ots Final,0,,22-12379_GT.0026_i716_F12_Ots Final,GCTGGC,
22-12380,P133_2025-16,G12,i5_CTTATG,CTTATG,CATAAG,i716,GCTGGC,Ots Final,0,,22-12380_GT.0026_i716_G12_Ots Final,GCTGGC,
Negative,P133_2025-16,H12,i5_TTTGTC,TTTGTC,GACAAA,i716,GCTGGC,Ots Final,0,,Negative_GT.0026_i716_H12_Ots Final,GCTGGC,
22-12381,P133_2025-17,A1,i5_AAACGG,AAACGG,CCGTTT,i717,GATGAG,Ots Final,0,,22-12381_GT.0026_i717_A1_Ots Final,GATGAG,
22-12382,P133_2025-17,B1,i5_GAACCA,GAACCA,TGGTTC,i717,GATGAG,Ots Final,0,,22-12382_GT.0026_i717_B1_Ots Final,GATGAG,
22-12383,P133_2025-17,C1,i5_AAGACG,AAGACG,CGTCTT,i717,GATGAG,Ots Final,0,,22-12383_GT.0026_i717_C1_Ots Final,GATGAG,
22-12384,P133_2025-17,D1,i5_GAGAGA,GAGAGA,TCTCTC,i717,GATGAG,Ots Final,0,,22-12384_GT.0026_i717_D1_Ots Final,GATGAG,
22-12385,P133_2025-17,E1,i5_AATGAG,AATGAG,CTCATT,i717,GATGAG,Ots Final,0,,22-12385_GT.0026_i717_E1_Ots Final,GATGAG,
22-12386,P133_2025-17,F1,i5_GCATGG,GCATGG,CCATGC,i717,GATGAG,Ots Final,0,,22-12386_GT.0026_i717_F1_Ots Final,GATGAG,
22-12387,P133_2025-17,G1,i5_ACATAC,ACATAC,GTATGT,i717,GATGAG,Ots Final,0,,22-12387_GT.0026_i717_G1_Ots Final,GATGAG,
22-12388,P133_2025-17,H1,i5_GCGCTG,GCGCTG,CAGCGC,i717,GATGAG,Ots Final,0,,22-12388_GT.0026_i717_H1_Ots Final,GATGAG,
22-12389,P133_2025-17,A2,i5_ACTCTT,ACTCTT,AAGAGT,i717,GATGAG,Ots Final,0,,22-12389_GT.0026_i717_A2_Ots Final,GATGAG,
22-12390,P133_2025-17,B2,i5_GGCAAG,GGCAAG,CTTGCC,i717,GATGAG,Ots Final,0,,22-12390_GT.0026_i717_B2_Ots Final,GATGAG,
22-12391,P133_2025-17,C2,i5_AGCGCA,AGCGCA,TGCGCT,i717,GATGAG,Ots Final,0,,22-12391_GT.0026_i717_C2_Ots Final,GATGAG,
22-12392,P133_2025-17,D2,i5_GGTACA,GGTACA,TGTACC,i717,GATGAG,Ots Final,0,,22-12392_GT.0026_i717_D2_Ots Final,GATGAG,
22-12393,P133_2025-17,E2,i5_AGTAGG,AGTAGG,CCTACT,i717,GATGAG,Ots Final,0,,22-12393_GT.0026_i717_E2_Ots Final,GATGAG,
22-12394,P133_2025-17,F2,i5_GTATCC,GTATCC,GGATAC,i717,GATGAG,Ots Final,0,,22-12394_GT.0026_i717_F2_Ots Final,GATGAG,
22-12395,P133_2025-17,G2,i5_ATCAAA,ATCAAA,TTTGAT,i717,GATGAG,Ots Final,0,,22-12395_GT.0026_i717_G2_Ots Final,GATGAG,
22-12396,P133_2025-17,H2,i5_GTGTAA,GTGTAA,TTACAC,i717,GATGAG,Ots Final,0,,22-12396_GT.0026_i717_H2_Ots Final,GATGAG,
22-12397,P133_2025-17,A3,i5_ATTCCG,ATTCCG,CGGAAT,i717,GATGAG,Ots Final,0,,22-12397_GT.0026_i717_A3_Ots Final,GATGAG,
22-12398,P133_2025-17,B3,i5_TAATTC,TAATTC,GAATTA,i717,GATGAG,Ots Final,0,,22-12398_GT.0026_i717_B3_Ots Final,GATGAG,
22-12399,P133_2025-17,C3,i5_CACCTC,CACCTC,GAGGTG,i717,GATGAG,Ots Final,0,,22-12399_GT.0026_i717_C3_Ots Final,GATGAG,
22-12400,P133_2025-17,D3,i5_TAGTAT,TAGTAT,ATACTA,i717,GATGAG,Ots Final,0,,22-12400_GT.0026_i717_D3_Ots Final,GATGAG,
22-12401,P133_2025-17,E3,i5_CCATTT,CCATTT,AAATGG,i717,GATGAG,Ots Final,0,,22-12401_GT.0026_i717_E3_Ots Final,GATGAG,
22-12402,P133_2025-17,F3,i5_TCCTGC,TCCTGC,GCAGGA,i717,GATGAG,Ots Final,0,,22-12402_GT.0026_i717_F3_Ots Final,GATGAG,
22-12403,P133_2025-17,G3,i5_CCGAGG,CCGAGG,CCTCGG,i717,GATGAG,Ots Final,0,,22-12403_GT.0026_i717_G3_Ots Final,GATGAG,
22-12404,P133_2025-17,H3,i5_TCGGAC,TCGGAC,GTCCGA,i717,GATGAG,Ots Final,0,,22-12404_GT.0026_i717_H3_Ots Final,GATGAG,
22-12405,P133_2025-17,A4,i5_CGAGGC,CGAGGC,GCCTCG,i717,GATGAG,Ots Final,0,,22-12405_GT.0026_i717_A4_Ots Final,GATGAG,
22-12406,P133_2025-17,B4,i5_TGAACC,TGAACC,GGTTCA,i717,GATGAG,Ots Final,0,,22-12406_GT.0026_i717_B4_Ots Final,GATGAG,
22-12407,P133_2025-17,C4,i5_CGGTCC,CGGTCC,GGACCG,i717,GATGAG,Ots Final,0,,22-12407_GT.0026_i717_C4_Ots Final,GATGAG,
22-12408,P133_2025-17,D4,i5_TGCTTA,TGCTTA,TAAGCA,i717,GATGAG,Ots Final,0,,22-12408_GT.0026_i717_D4_Ots Final,GATGAG,
22-12409,P133_2025-17,E4,i5_CTACAG,CTACAG,CTGTAG,i717,GATGAG,Ots Final,0,,22-12409_GT.0026_i717_E4_Ots Final,GATGAG,
22-12410,P133_2025-17,F4,i5_TTCCGT,TTCCGT,ACGGAA,i717,GATGAG,Ots Final,0,,22-12410_GT.0026_i717_F4_Ots Final,GATGAG,
22-12411,P133_2025-17,G4,i5_CTGGTT,CTGGTT,AACCAG,i717,GATGAG,Ots Final,0,,22-12411_GT.0026_i717_G4_Ots Final,GATGAG,
22-12412,P133_2025-17,H4,i5_TTTAAT,TTTAAT,ATTAAA,i717,GATGAG,Ots Final,0,,22-12412_GT.0026_i717_H4_Ots Final,GATGAG,
22-12413,P133_2025-17,A5,i5_GAAATG,GAAATG,CATTTC,i717,GATGAG,Ots Final,0,,22-12413_GT.0026_i717_A5_Ots Final,GATGAG,
22-12414,P133_2025-17,B5,i5_AACTGA,AACTGA,TCAGTT,i717,GATGAG,Ots Final,0,,22-12414_GT.0026_i717_B5_Ots Final,GATGAG,
22-12415,P133_2025-17,C5,i5_GACTCT,GACTCT,AGAGTC,i717,GATGAG,Ots Final,0,,22-12415_GT.0026_i717_C5_Ots Final,GATGAG,
22-12416,P133_2025-17,D5,i5_AATATC,AATATC,GATATT,i717,GATGAG,Ots Final,0,,22-12416_GT.0026_i717_D5_Ots Final,GATGAG,
22-12417,P133_2025-17,E5,i5_GCAGAT,GCAGAT,ATCTGC,i717,GATGAG,Ots Final,0,,22-12417_GT.0026_i717_E5_Ots Final,GATGAG,
22-12418,P133_2025-17,F5,i5_ACAGCG,ACAGCG,CGCTGT,i717,GATGAG,Ots Final,0,,22-12418_GT.0026_i717_F5_Ots Final,GATGAG,
22-12419,P133_2025-17,G5,i5_GCGACC,GCGACC,GGTCGC,i717,GATGAG,Ots Final,0,,22-12419_GT.0026_i717_G5_Ots Final,GATGAG,
22-12420,P133_2025-17,H5,i5_ACCCCC,ACCCCC,GGGGGT,i717,GATGAG,Ots Final,0,,22-12420_GT.0026_i717_H5_Ots Final,GATGAG,
22-12421,P133_2025-17,A6,i5_GGACTT,GGACTT,AAGTCC,i717,GATGAG,Ots Final,0,,22-12421_GT.0026_i717_A6_Ots Final,GATGAG,
22-12422,P133_2025-17,B6,i5_AGCCAT,AGCCAT,ATGGCT,i717,GATGAG,Ots Final,0,,22-12422_GT.0026_i717_B6_Ots Final,GATGAG,
22-12423,P133_2025-17,C6,i5_GGGGCG,GGGGCG,CGCCCC,i717,GATGAG,Ots Final,0,,22-12423_GT.0026_i717_C6_Ots Final,GATGAG,
22-12424,P133_2025-17,D6,i5_AGGTGT,AGGTGT,ACACCT,i717,GATGAG,Ots Final,0,,22-12424_GT.0026_i717_D6_Ots Final,GATGAG,
22-12425,P133_2025-17,E6,i5_GTAAGT,GTAAGT,ACTTAC,i717,GATGAG,Ots Final,0,,22-12425_GT.0026_i717_E6_Ots Final,GATGAG,
22-12426,P133_2025-17,F6,i5_ATAGTA,ATAGTA,TACTAT,i717,GATGAG,Ots Final,0,,22-12426_GT.0026_i717_F6_Ots Final,GATGAG,
22-12427,P133_2025-17,G6,i5_GTGCCT,GTGCCT,AGGCAC,i717,GATGAG,Ots Final,0,,22-12427_GT.0026_i717_G6_Ots Final,GATGAG,
22-12428,P133_2025-17,H6,i5_ATGTTG,ATGTTG,CAACAT,i717,GATGAG,Ots Final,0,,22-12428_GT.0026_i717_H6_Ots Final,GATGAG,
22-12429,P133_2025-17,A7,i5_TAAGCT,TAAGCT,AGCTTA,i717,GATGAG,Ots Final,0,,22-12429_GT.0026_i717_A7_Ots Final,GATGAG,
22-12430,P133_2025-17,B7,i5_CAATCG,CAATCG,CGATTG,i717,GATGAG,Ots Final,0,,22-12430_GT.0026_i717_B7_Ots Final,GATGAG,
22-12431,P133_2025-17,C7,i5_TACGGG,TACGGG,CCCGTA,i717,GATGAG,Ots Final,0,,22-12431_GT.0026_i717_C7_Ots Final,GATGAG,
22-12432,P133_2025-17,D7,i5_CATACT,CATACT,AGTATG,i717,GATGAG,Ots Final,0,,22-12432_GT.0026_i717_D7_Ots Final,GATGAG,
22-12433,P133_2025-17,E7,i5_TCAAAG,TCAAAG,CTTTGA,i717,GATGAG,Ots Final,0,,22-12433_GT.0026_i717_E7_Ots Final,GATGAG,
22-12434,P133_2025-17,F7,i5_CCCTAA,CCCTAA,TTAGGG,i717,GATGAG,Ots Final,0,,22-12434_GT.0026_i717_F7_Ots Final,GATGAG,
22-12435,P133_2025-17,G7,i5_TCGCCA,TCGCCA,TGGCGA,i717,GATGAG,Ots Final,0,,22-12435_GT.0026_i717_G7_Ots Final,GATGAG,
22-12436,P133_2025-17,H7,i5_CCTAAC,CCTAAC,GTTAGG,i717,GATGAG,Ots Final,0,,22-12436_GT.0026_i717_H7_Ots Final,GATGAG,
22-12437,P133_2025-17,A8,i5_TCTTCT,TCTTCT,AGAAGA,i717,GATGAG,Ots Final,0,,22-12437_GT.0026_i717_A8_Ots Final,GATGAG,
22-12438,P133_2025-17,B8,i5_CGCGTG,CGCGTG,CACGCG,i717,GATGAG,Ots Final,0,,22-12438_GT.0026_i717_B8_Ots Final,GATGAG,
22-12439,P133_2025-17,C8,i5_TGCCCG,TGCCCG,CGGGCA,i717,GATGAG,Ots Final,0,,22-12439_GT.0026_i717_C8_Ots Final,GATGAG,
22-12440,P133_2025-17,D8,i5_CGTGAT,CGTGAT,ATCACG,i717,GATGAG,Ots Final,0,,22-12440_GT.0026_i717_D8_Ots Final,GATGAG,
22-12441,P133_2025-17,E8,i5_TTATGA,TTATGA,TCATAA,i717,GATGAG,Ots Final,0,,22-12441_GT.0026_i717_E8_Ots Final,GATGAG,
22-12442,P133_2025-17,F8,i5_CTGCGA,CTGCGA,TCGCAG,i717,GATGAG,Ots Final,0,,22-12442_GT.0026_i717_F8_Ots Final,GATGAG,
22-12443,P133_2025-17,G8,i5_TTGAGC,TTGAGC,GCTCAA,i717,GATGAG,Ots Final,0,,22-12443_GT.0026_i717_G8_Ots Final,GATGAG,
22-12444,P133_2025-17,H8,i5_CTTTGC,CTTTGC,GCAAAG,i717,GATGAG,Ots Final,0,,22-12444_GT.0026_i717_H8_Ots Final,GATGAG,
22-12445,P133_2025-17,A9,i5_AACGTT,AACGTT,AACGTT,i717,GATGAG,Ots Final,0,,22-12445_GT.0026_i717_A9_Ots Final,GATGAG,
22-12446,P133_2025-17,B9,i5_GACGAC,GACGAC,GTCGTC,i717,GATGAG,Ots Final,0,,22-12446_GT.0026_i717_B9_Ots Final,GATGAG,
22-12447,P133_2025-17,C9,i5_AAGCTA,AAGCTA,TAGCTT,i717,GATGAG,Ots Final,0,,22-12447_GT.0026_i717_C9_Ots Final,GATGAG,
22-12448,P133_2025-17,D9,i5_AATCGT,AATCGT,ACGATT,i717,GATGAG,Ots Final,0,,22-12448_GT.0026_i717_D9_Ots Final,GATGAG,
22-12449,P133_2025-17,E9,i5_ACAAGA,ACAAGA,TCTTGT,i717,GATGAG,Ots Final,0,,22-12449_GT.0026_i717_E9_Ots Final,GATGAG,
22-12450,P133_2025-17,F9,i5_GCCGTA,GCCGTA,TACGGC,i717,GATGAG,Ots Final,0,,22-12450_GT.0026_i717_F9_Ots Final,GATGAG,
22-12451,P133_2025-17,G9,i5_ACCATG,ACCATG,CATGGT,i717,GATGAG,Ots Final,0,,22-12451_GT.0026_i717_G9_Ots Final,GATGAG,
22-12452,P133_2025-17,H9,i5_GCTCAA,GCTCAA,TTGAGC,i717,GATGAG,Ots Final,0,,22-12452_GT.0026_i717_H9_Ots Final,GATGAG,
22-12453,P133_2025-17,A10,i5_ACTGGC,ACTGGC,GCCAGT,i717,GATGAG,Ots Final,0,,22-12453_GT.0026_i717_A10_Ots Final,GATGAG,
22-12454,P133_2025-17,B10,i5_GGGCGC,GGGCGC,GCGCCC,i717,GATGAG,Ots Final,0,,22-12454_GT.0026_i717_B10_Ots Final,GATGAG,
22-12455,P133_2025-17,C10,i5_AGGGTC,AGGGTC,GACCCT,i717,GATGAG,Ots Final,0,,22-12455_GT.0026_i717_C10_Ots Final,GATGAG,
22-12456,P133_2025-17,D10,i5_GGTTTG,GGTTTG,CAAACC,i717,GATGAG,Ots Final,0,,22-12456_GT.0026_i717_D10_Ots Final,GATGAG,
22-12457,P133_2025-17,E10,i5_AGTTAA,AGTTAA,TTAACT,i717,GATGAG,Ots Final,0,,22-12457_GT.0026_i717_E10_Ots Final,GATGAG,
22-12458,P133_2025-17,F10,i5_GTCATC,GTCATC,GATGAC,i717,GATGAG,Ots Final,0,,22-12458_GT.0026_i717_F10_Ots Final,GATGAG,
22-12459,P133_2025-17,G10,i5_ATGCAC,ATGCAC,GTGCAT,i717,GATGAG,Ots Final,0,,22-12459_GT.0026_i717_G10_Ots Final,GATGAG,
22-12460,P133_2025-17,H10,i5_GTTGGA,GTTGGA,TCCAAC,i717,GATGAG,Ots Final,0,,22-12460_GT.0026_i717_H10_Ots Final,GATGAG,
22-12461,P133_2025-17,A11,i5_CAAAAA,CAAAAA,TTTTTG,i717,GATGAG,Ots Final,0,,22-12461_GT.0026_i717_A11_Ots Final,GATGAG,
22-12462,P133_2025-17,B11,i5_TACACA,TACACA,TGTGTA,i717,GATGAG,Ots Final,0,,22-12462_GT.0026_i717_B11_Ots Final,GATGAG,
22-12463,P133_2025-17,C11,i5_CAGGCA,CAGGCA,TGCCTG,i717,GATGAG,Ots Final,0,,22-12463_GT.0026_i717_C11_Ots Final,GATGAG,
22-12464,P133_2025-17,D11,i5_TATCAC,TATCAC,GTGATA,i717,GATGAG,Ots Final,0,,22-12464_GT.0026_i717_D11_Ots Final,GATGAG,
22-12465,P133_2025-17,E11,i5_CCCGGT,CCCGGT,ACCGGG,i717,GATGAG,Ots Final,0,,22-12465_GT.0026_i717_E11_Ots Final,GATGAG,
22-12466,P133_2025-17,F11,i5_TCGATT,TCGATT,AATCGA,i717,GATGAG,Ots Final,0,,22-12466_GT.0026_i717_F11_Ots Final,GATGAG,
22-12467,P133_2025-17,G11,i5_CCGCAT,CCGCAT,ATGCGG,i717,GATGAG,Ots Final,0,,22-12467_GT.0026_i717_G11_Ots Final,GATGAG,
22-12468,P133_2025-17,H11,i5_TCTCGG,TCTCGG,CCGAGA,i717,GATGAG,Ots Final,0,,22-12468_GT.0026_i717_H11_Ots Final,GATGAG,
22-12469,P133_2025-17,A12,i5_CGCAGA,CGCAGA,TCTGCG,i717,GATGAG,Ots Final,0,,22-12469_GT.0026_i717_A12_Ots Final,GATGAG,
22-12470,P133_2025-17,B12,i5_TGACAA,TGACAA,TTGTCA,i717,GATGAG,Ots Final,0,,22-12470_GT.0026_i717_B12_Ots Final,GATGAG,
22-12471,P133_2025-17,C12,i5_CGTCTA,CGTCTA,TAGACG,i717,GATGAG,Ots Final,0,,22-12471_GT.0026_i717_C12_Ots Final,GATGAG,
22-12472,P133_2025-17,D12,i5_TGGGGA,TGGGGA,TCCCCA,i717,GATGAG,Ots Final,0,,22-12472_GT.0026_i717_D12_Ots Final,GATGAG,
22-12473,P133_2025-17,E12,i5_CTCGCC,CTCGCC,GGCGAG,i717,GATGAG,Ots Final,0,,22-12473_GT.0026_i717_E12_Ots Final,GATGAG,
22-12474,P133_2025-17,F12,i5_TTCTAG,TTCTAG,CTAGAA,i717,GATGAG,Ots Final,0,,22-12474_GT.0026_i717_F12_Ots Final,GATGAG,
22-12475,P133_2025-17,G12,i5_CTTATG,CTTATG,CATAAG,i717,GATGAG,Ots Final,0,,22-12475_GT.0026_i717_G12_Ots Final,GATGAG,
Negative,P133_2025-17,H12,i5_TTTGTC,TTTGTC,GACAAA,i717,GATGAG,Ots Final,0,,Negative_GT.0026_i717_H12_Ots Final,GATGAG,
22-12476,P133_2025-18,A1,i5_AAACGG,AAACGG,CCGTTT,i718,AGCATA,Ots Final,0,,22-12476_GT.0026_i718_A1_Ots Final,AGCATA,
22-12477,P133_2025-18,B1,i5_GAACCA,GAACCA,TGGTTC,i718,AGCATA,Ots Final,0,,22-12477_GT.0026_i718_B1_Ots Final,AGCATA,
22-12478,P133_2025-18,C1,i5_AAGACG,AAGACG,CGTCTT,i718,AGCATA,Ots Final,0,,22-12478_GT.0026_i718_C1_Ots Final,AGCATA,
22-12479,P133_2025-18,D1,i5_GAGAGA,GAGAGA,TCTCTC,i718,AGCATA,Ots Final,0,,22-12479_GT.0026_i718_D1_Ots Final,AGCATA,
22-12480,P133_2025-18,E1,i5_AATGAG,AATGAG,CTCATT,i718,AGCATA,Ots Final,0,,22-12480_GT.0026_i718_E1_Ots Final,AGCATA,
22-12481,P133_2025-18,F1,i5_GCATGG,GCATGG,CCATGC,i718,AGCATA,Ots Final,0,,22-12481_GT.0026_i718_F1_Ots Final,AGCATA,
22-12482,P133_2025-18,G1,i5_ACATAC,ACATAC,GTATGT,i718,AGCATA,Ots Final,0,,22-12482_GT.0026_i718_G1_Ots Final,AGCATA,
22-12483,P133_2025-18,H1,i5_GCGCTG,GCGCTG,CAGCGC,i718,AGCATA,Ots Final,0,,22-12483_GT.0026_i718_H1_Ots Final,AGCATA,
22-12484,P133_2025-18,A2,i5_ACTCTT,ACTCTT,AAGAGT,i718,AGCATA,Ots Final,0,,22-12484_GT.0026_i718_A2_Ots Final,AGCATA,
22-12485,P133_2025-18,B2,i5_GGCAAG,GGCAAG,CTTGCC,i718,AGCATA,Ots Final,0,,22-12485_GT.0026_i718_B2_Ots Final,AGCATA,
22-12486,P133_2025-18,C2,i5_AGCGCA,AGCGCA,TGCGCT,i718,AGCATA,Ots Final,0,,22-12486_GT.0026_i718_C2_Ots Final,AGCATA,
22-12487,P133_2025-18,D2,i5_GGTACA,GGTACA,TGTACC,i718,AGCATA,Ots Final,0,,22-12487_GT.0026_i718_D2_Ots Final,AGCATA,
22-12488,P133_2025-18,E2,i5_AGTAGG,AGTAGG,CCTACT,i718,AGCATA,Ots Final,0,,22-12488_GT.0026_i718_E2_Ots Final,AGCATA,
22-12489,P133_2025-18,F2,i5_GTATCC,GTATCC,GGATAC,i718,AGCATA,Ots Final,0,,22-12489_GT.0026_i718_F2_Ots Final,AGCATA,
22-12490,P133_2025-18,G2,i5_ATCAAA,ATCAAA,TTTGAT,i718,AGCATA,Ots Final,0,,22-12490_GT.0026_i718_G2_Ots Final,AGCATA,
22-12491,P133_2025-18,H2,i5_GTGTAA,GTGTAA,TTACAC,i718,AGCATA,Ots Final,0,,22-12491_GT.0026_i718_H2_Ots Final,AGCATA,
22-12492,P133_2025-18,A3,i5_ATTCCG,ATTCCG,CGGAAT,i718,AGCATA,Ots Final,0,,22-12492_GT.0026_i718_A3_Ots Final,AGCATA,
22-12493,P133_2025-18,B3,i5_TAATTC,TAATTC,GAATTA,i718,AGCATA,Ots Final,0,,22-12493_GT.0026_i718_B3_Ots Final,AGCATA,
22-12494,P133_2025-18,C3,i5_CACCTC,CACCTC,GAGGTG,i718,AGCATA,Ots Final,0,,22-12494_GT.0026_i718_C3_Ots Final,AGCATA,
22-12495,P133_2025-18,D3,i5_TAGTAT,TAGTAT,ATACTA,i718,AGCATA,Ots Final,0,,22-12495_GT.0026_i718_D3_Ots Final,AGCATA,
22-12496,P133_2025-18,E3,i5_CCATTT,CCATTT,AAATGG,i718,AGCATA,Ots Final,0,,22-12496_GT.0026_i718_E3_Ots Final,AGCATA,
22-12497,P133_2025-18,F3,i5_TCCTGC,TCCTGC,GCAGGA,i718,AGCATA,Ots Final,0,,22-12497_GT.0026_i718_F3_Ots Final,AGCATA,
22-12498,P133_2025-18,G3,i5_CCGAGG,CCGAGG,CCTCGG,i718,AGCATA,Ots Final,0,,22-12498_GT.0026_i718_G3_Ots Final,AGCATA,
22-12499,P133_2025-18,H3,i5_TCGGAC,TCGGAC,GTCCGA,i718,AGCATA,Ots Final,0,,22-12499_GT.0026_i718_H3_Ots Final,AGCATA,
22-12500,P133_2025-18,A4,i5_CGAGGC,CGAGGC,GCCTCG,i718,AGCATA,Ots Final,0,,22-12500_GT.0026_i718_A4_Ots Final,AGCATA,
22-12501,P133_2025-18,B4,i5_TGAACC,TGAACC,GGTTCA,i718,AGCATA,Ots Final,0,,22-12501_GT.0026_i718_B4_Ots Final,AGCATA,
22-12502,P133_2025-18,C4,i5_CGGTCC,CGGTCC,GGACCG,i718,AGCATA,Ots Final,0,,22-12502_GT.0026_i718_C4_Ots Final,AGCATA,
22-12503,P133_2025-18,D4,i5_TGCTTA,TGCTTA,TAAGCA,i718,AGCATA,Ots Final,0,,22-12503_GT.0026_i718_D4_Ots Final,AGCATA,
22-12504,P133_2025-18,E4,i5_CTACAG,CTACAG,CTGTAG,i718,AGCATA,Ots Final,0,,22-12504_GT.0026_i718_E4_Ots Final,AGCATA,
22-12505,P133_2025-18,F4,i5_TTCCGT,TTCCGT,ACGGAA,i718,AGCATA,Ots Final,0,,22-12505_GT.0026_i718_F4_Ots Final,AGCATA,
22-12506,P133_2025-18,G4,i5_CTGGTT,CTGGTT,AACCAG,i718,AGCATA,Ots Final,0,,22-12506_GT.0026_i718_G4_Ots Final,AGCATA,
22-12507,P133_2025-18,H4,i5_TTTAAT,TTTAAT,ATTAAA,i718,AGCATA,Ots Final,0,,22-12507_GT.0026_i718_H4_Ots Final,AGCATA,
22-12508,P133_2025-18,A5,i5_GAAATG,GAAATG,CATTTC,i718,AGCATA,Ots Final,0,,22-12508_GT.0026_i718_A5_Ots Final,AGCATA,
22-12509,P133_2025-18,B5,i5_AACTGA,AACTGA,TCAGTT,i718,AGCATA,Ots Final,0,,22-12509_GT.0026_i718_B5_Ots Final,AGCATA,
22-12510,P133_2025-18,C5,i5_GACTCT,GACTCT,AGAGTC,i718,AGCATA,Ots Final,0,,22-12510_GT.0026_i718_C5_Ots Final,AGCATA,
22-12511,P133_2025-18,D5,i5_AATATC,AATATC,GATATT,i718,AGCATA,Ots Final,0,,22-12511_GT.0026_i718_D5_Ots Final,AGCATA,
22-12512,P133_2025-18,E5,i5_GCAGAT,GCAGAT,ATCTGC,i718,AGCATA,Ots Final,0,,22-12512_GT.0026_i718_E5_Ots Final,AGCATA,
22-12513,P133_2025-18,F5,i5_ACAGCG,ACAGCG,CGCTGT,i718,AGCATA,Ots Final,0,,22-12513_GT.0026_i718_F5_Ots Final,AGCATA,
22-12514,P133_2025-18,G5,i5_GCGACC,GCGACC,GGTCGC,i718,AGCATA,Ots Final,0,,22-12514_GT.0026_i718_G5_Ots Final,AGCATA,
22-12515,P133_2025-18,H5,i5_ACCCCC,ACCCCC,GGGGGT,i718,AGCATA,Ots Final,0,,22-12515_GT.0026_i718_H5_Ots Final,AGCATA,
22-12516,P133_2025-18,A6,i5_GGACTT,GGACTT,AAGTCC,i718,AGCATA,Ots Final,0,,22-12516_GT.0026_i718_A6_Ots Final,AGCATA,
22-12517,P133_2025-18,B6,i5_AGCCAT,AGCCAT,ATGGCT,i718,AGCATA,Ots Final,0,,22-12517_GT.0026_i718_B6_Ots Final,AGCATA,
22-12518,P133_2025-18,C6,i5_GGGGCG,GGGGCG,CGCCCC,i718,AGCATA,Ots Final,0,,22-12518_GT.0026_i718_C6_Ots Final,AGCATA,
22-12519,P133_2025-18,D6,i5_AGGTGT,AGGTGT,ACACCT,i718,AGCATA,Ots Final,0,,22-12519_GT.0026_i718_D6_Ots Final,AGCATA,
22-12520,P133_2025-18,E6,i5_GTAAGT,GTAAGT,ACTTAC,i718,AGCATA,Ots Final,0,,22-12520_GT.0026_i718_E6_Ots Final,AGCATA,
22-12521,P133_2025-18,F6,i5_ATAGTA,ATAGTA,TACTAT,i718,AGCATA,Ots Final,0,,22-12521_GT.0026_i718_F6_Ots Final,AGCATA,
22-12522,P133_2025-18,G6,i5_GTGCCT,GTGCCT,AGGCAC,i718,AGCATA,Ots Final,0,,22-12522_GT.0026_i718_G6_Ots Final,AGCATA,
22-12523,P133_2025-18,H6,i5_ATGTTG,ATGTTG,CAACAT,i718,AGCATA,Ots Final,0,,22-12523_GT.0026_i718_H6_Ots Final,AGCATA,
22-12524,P133_2025-18,A7,i5_TAAGCT,TAAGCT,AGCTTA,i718,AGCATA,Ots Final,0,,22-12524_GT.0026_i718_A7_Ots Final,AGCATA,
22-12525,P133_2025-18,B7,i5_CAATCG,CAATCG,CGATTG,i718,AGCATA,Ots Final,0,,22-12525_GT.0026_i718_B7_Ots Final,AGCATA,
22-12526,P133_2025-18,C7,i5_TACGGG,TACGGG,CCCGTA,i718,AGCATA,Ots Final,0,,22-12526_GT.0026_i718_C7_Ots Final,AGCATA,
22-12527,P133_2025-18,D7,i5_CATACT,CATACT,AGTATG,i718,AGCATA,Ots Final,0,,22-12527_GT.0026_i718_D7_Ots Final,AGCATA,
22-12528,P133_2025-18,E7,i5_TCAAAG,TCAAAG,CTTTGA,i718,AGCATA,Ots Final,0,,22-12528_GT.0026_i718_E7_Ots Final,AGCATA,
22-12529,P133_2025-18,F7,i5_CCCTAA,CCCTAA,TTAGGG,i718,AGCATA,Ots Final,0,,22-12529_GT.0026_i718_F7_Ots Final,AGCATA,
22-12530,P133_2025-18,G7,i5_TCGCCA,TCGCCA,TGGCGA,i718,AGCATA,Ots Final,0,,22-12530_GT.0026_i718_G7_Ots Final,AGCATA,
22-12531,P133_2025-18,H7,i5_CCTAAC,CCTAAC,GTTAGG,i718,AGCATA,Ots Final,0,,22-12531_GT.0026_i718_H7_Ots Final,AGCATA,
22-12532,P133_2025-18,A8,i5_TCTTCT,TCTTCT,AGAAGA,i718,AGCATA,Ots Final,0,,22-12532_GT.0026_i718_A8_Ots Final,AGCATA,
22-12533,P133_2025-18,B8,i5_CGCGTG,CGCGTG,CACGCG,i718,AGCATA,Ots Final,0,,22-12533_GT.0026_i718_B8_Ots Final,AGCATA,
22-12534,P133_2025-18,C8,i5_TGCCCG,TGCCCG,CGGGCA,i718,AGCATA,Ots Final,0,,22-12534_GT.0026_i718_C8_Ots Final,AGCATA,
22-12535,P133_2025-18,D8,i5_CGTGAT,CGTGAT,ATCACG,i718,AGCATA,Ots Final,0,,22-12535_GT.0026_i718_D8_Ots Final,AGCATA,
22-12536,P133_2025-18,E8,i5_TTATGA,TTATGA,TCATAA,i718,AGCATA,Ots Final,0,,22-12536_GT.0026_i718_E8_Ots Final,AGCATA,
22-12537,P133_2025-18,F8,i5_CTGCGA,CTGCGA,TCGCAG,i718,AGCATA,Ots Final,0,,22-12537_GT.0026_i718_F8_Ots Final,AGCATA,
22-12538,P133_2025-18,G8,i5_TTGAGC,TTGAGC,GCTCAA,i718,AGCATA,Ots Final,0,,22-12538_GT.0026_i718_G8_Ots Final,AGCATA,
22-12539,P133_2025-18,H8,i5_CTTTGC,CTTTGC,GCAAAG,i718,AGCATA,Ots Final,0,,22-12539_GT.0026_i718_H8_Ots Final,AGCATA,
22-12540,P133_2025-18,A9,i5_AACGTT,AACGTT,AACGTT,i718,AGCATA,Ots Final,0,,22-12540_GT.0026_i718_A9_Ots Final,AGCATA,
22-12541,P133_2025-18,B9,i5_GACGAC,GACGAC,GTCGTC,i718,AGCATA,Ots Final,0,,22-12541_GT.0026_i718_B9_Ots Final,AGCATA,
22-12542,P133_2025-18,C9,i5_AAGCTA,AAGCTA,TAGCTT,i718,AGCATA,Ots Final,0,,22-12542_GT.0026_i718_C9_Ots Final,AGCATA,
22-12543,P133_2025-18,D9,i5_AATCGT,AATCGT,ACGATT,i718,AGCATA,Ots Final,0,,22-12543_GT.0026_i718_D9_Ots Final,AGCATA,
22-12544,P133_2025-18,E9,i5_ACAAGA,ACAAGA,TCTTGT,i718,AGCATA,Ots Final,0,,22-12544_GT.0026_i718_E9_Ots Final,AGCATA,
22-12545,P133_2025-18,F9,i5_GCCGTA,GCCGTA,TACGGC,i718,AGCATA,Ots Final,0,,22-12545_GT.0026_i718_F9_Ots Final,AGCATA,
22-12546,P133_2025-18,G9,i5_ACCATG,ACCATG,CATGGT,i718,AGCATA,Ots Final,0,,22-12546_GT.0026_i718_G9_Ots Final,AGCATA,
22-12547,P133_2025-18,H9,i5_GCTCAA,GCTCAA,TTGAGC,i718,AGCATA,Ots Final,0,,22-12547_GT.0026_i718_H9_Ots Final,AGCATA,
22-12548,P133_2025-18,A10,i5_ACTGGC,ACTGGC,GCCAGT,i718,AGCATA,Ots Final,0,,22-12548_GT.0026_i718_A10_Ots Final,AGCATA,
22-12549,P133_2025-18,B10,i5_GGGCGC,GGGCGC,GCGCCC,i718,AGCATA,Ots Final,0,,22-12549_GT.0026_i718_B10_Ots Final,AGCATA,
22-12550,P133_2025-18,C10,i5_AGGGTC,AGGGTC,GACCCT,i718,AGCATA,Ots Final,0,,22-12550_GT.0026_i718_C10_Ots Final,AGCATA,
22-12551,P133_2025-18,D10,i5_GGTTTG,GGTTTG,CAAACC,i718,AGCATA,Ots Final,0,,22-12551_GT.0026_i718_D10_Ots Final,AGCATA,
22-12552,P133_2025-18,E10,i5_AGTTAA,AGTTAA,TTAACT,i718,AGCATA,Ots Final,0,,22-12552_GT.0026_i718_E10_Ots Final,AGCATA,
22-12553,P133_2025-18,F10,i5_GTCATC,GTCATC,GATGAC,i718,AGCATA,Ots Final,0,,22-12553_GT.0026_i718_F10_Ots Final,AGCATA,
22-12554,P133_2025-18,G10,i5_ATGCAC,ATGCAC,GTGCAT,i718,AGCATA,Ots Final,0,,22-12554_GT.0026_i718_G10_Ots Final,AGCATA,
22-12555,P133_2025-18,H10,i5_GTTGGA,GTTGGA,TCCAAC,i718,AGCATA,Ots Final,0,,22-12555_GT.0026_i718_H10_Ots Final,AGCATA,
22-12556,P133_2025-18,A11,i5_CAAAAA,CAAAAA,TTTTTG,i718,AGCATA,Ots Final,0,,22-12556_GT.0026_i718_A11_Ots Final,AGCATA,
22-12557,P133_2025-18,B11,i5_TACACA,TACACA,TGTGTA,i718,AGCATA,Ots Final,0,,22-12557_GT.0026_i718_B11_Ots Final,AGCATA,
22-12558,P133_2025-18,C11,i5_CAGGCA,CAGGCA,TGCCTG,i718,AGCATA,Ots Final,0,,22-12558_GT.0026_i718_C11_Ots Final,AGCATA,
22-12559,P133_2025-18,D11,i5_TATCAC,TATCAC,GTGATA,i718,AGCATA,Ots Final,0,,22-12559_GT.0026_i718_D11_Ots Final,AGCATA,
22-12560,P133_2025-18,E11,i5_CCCGGT,CCCGGT,ACCGGG,i718,AGCATA,Ots Final,0,,22-12560_GT.0026_i718_E11_Ots Final,AGCATA,
22-12561,P133_2025-18,F11,i5_TCGATT,TCGATT,AATCGA,i718,AGCATA,Ots Final,0,,22-12561_GT.0026_i718_F11_Ots Final,AGCATA,
22-12562,P133_2025-18,G11,i5_CCGCAT,CCGCAT,ATGCGG,i718,AGCATA,Ots Final,0,,22-12562_GT.0026_i718_G11_Ots Final,AGCATA,
22-12563,P133_2025-18,H11,i5_TCTCGG,TCTCGG,CCGAGA,i718,AGCATA,Ots Final,0,,22-12563_GT.0026_i718_H11_Ots Final,AGCATA,
22-12564,P133_2025-18,A12,i5_CGCAGA,CGCAGA,TCTGCG,i718,AGCATA,Ots Final,0,,22-12564_GT.0026_i718_A12_Ots Final,AGCATA,
22-12565,P133_2025-18,B12,i5_TGACAA,TGACAA,TTGTCA,i718,AGCATA,Ots Final,0,,22-12565_GT.0026_i718_B12_Ots Final,AGCATA,
22-12566,P133_2025-18,C12,i5_CGTCTA,CGTCTA,TAGACG,i718,AGCATA,Ots Final,0,,22-12566_GT.0026_i718_C12_Ots Final,AGCATA,
22-12567,P133_2025-18,D12,i5_TGGGGA,TGGGGA,TCCCCA,i718,AGCATA,Ots Final,0,,22-12567_GT.0026_i718_D12_Ots Final,AGCATA,
22-12568,P133_2025-18,E12,i5_CTCGCC,CTCGCC,GGCGAG,i718,AGCATA,Ots Final,0,,22-12568_GT.0026_i718_E12_Ots Final,AGCATA,
22-12569,P133_2025-18,F12,i5_TTCTAG,TTCTAG,CTAGAA,i718,AGCATA,Ots Final,0,,22-12569_GT.0026_i718_F12_Ots Final,AGCATA,
22-12570,P133_2025-18,G12,i5_CTTATG,CTTATG,CATAAG,i718,AGCATA,Ots Final,0,,22-12570_GT.0026_i718_G12_Ots Final,AGCATA,
Negative,P133_2025-18,H12,i5_TTTGTC,TTTGTC,GACAAA,i718,AGCATA,Ots Final,0,,Negative_GT.0026_i718_H12_Ots Final,AGCATA,
22-12571,P133_2025-19,A1,i5_AAACGG,AAACGG,CCGTTT,i719,CGACTG,Ots Final,0,,22-12571_GT.0026_i719_A1_Ots Final,CGACTG,
22-12572,P133_2025-19,B1,i5_GAACCA,GAACCA,TGGTTC,i719,CGACTG,Ots Final,0,,22-12572_GT.0026_i719_B1_Ots Final,CGACTG,
22-12573,P133_2025-19,C1,i5_AAGACG,AAGACG,CGTCTT,i719,CGACTG,Ots Final,0,,22-12573_GT.0026_i719_C1_Ots Final,CGACTG,
22-12574,P133_2025-19,D1,i5_GAGAGA,GAGAGA,TCTCTC,i719,CGACTG,Ots Final,0,,22-12574_GT.0026_i719_D1_Ots Final,CGACTG,
22-12575,P133_2025-19,E1,i5_AATGAG,AATGAG,CTCATT,i719,CGACTG,Ots Final,0,,22-12575_GT.0026_i719_E1_Ots Final,CGACTG,
22-12576,P133_2025-19,F1,i5_GCATGG,GCATGG,CCATGC,i719,CGACTG,Ots Final,0,,22-12576_GT.0026_i719_F1_Ots Final,CGACTG,
22-12577,P133_2025-19,G1,i5_ACATAC,ACATAC,GTATGT,i719,CGACTG,Ots Final,0,,22-12577_GT.0026_i719_G1_Ots Final,CGACTG,
22-12578,P133_2025-19,H1,i5_GCGCTG,GCGCTG,CAGCGC,i719,CGACTG,Ots Final,0,,22-12578_GT.0026_i719_H1_Ots Final,CGACTG,
22-12579,P133_2025-19,A2,i5_ACTCTT,ACTCTT,AAGAGT,i719,CGACTG,Ots Final,0,,22-12579_GT.0026_i719_A2_Ots Final,CGACTG,
22-12580,P133_2025-19,B2,i5_GGCAAG,GGCAAG,CTTGCC,i719,CGACTG,Ots Final,0,,22-12580_GT.0026_i719_B2_Ots Final,CGACTG,
22-12581,P133_2025-19,C2,i5_AGCGCA,AGCGCA,TGCGCT,i719,CGACTG,Ots Final,0,,22-12581_GT.0026_i719_C2_Ots Final,CGACTG,
22-12582,P133_2025-19,D2,i5_GGTACA,GGTACA,TGTACC,i719,CGACTG,Ots Final,0,,22-12582_GT.0026_i719_D2_Ots Final,CGACTG,
22-12583,P133_2025-19,E2,i5_AGTAGG,AGTAGG,CCTACT,i719,CGACTG,Ots Final,0,,22-12583_GT.0026_i719_E2_Ots Final,CGACTG,
22-12584,P133_2025-19,F2,i5_GTATCC,GTATCC,GGATAC,i719,CGACTG,Ots Final,0,,22-12584_GT.0026_i719_F2_Ots Final,CGACTG,
22-12585,P133_2025-19,G2,i5_ATCAAA,ATCAAA,TTTGAT,i719,CGACTG,Ots Final,0,,22-12585_GT.0026_i719_G2_Ots Final,CGACTG,
22-12586,P133_2025-19,H2,i5_GTGTAA,GTGTAA,TTACAC,i719,CGACTG,Ots Final,0,,22-12586_GT.0026_i719_H2_Ots Final,CGACTG,
22-12587,P133_2025-19,A3,i5_ATTCCG,ATTCCG,CGGAAT,i719,CGACTG,Ots Final,0,,22-12587_GT.0026_i719_A3_Ots Final,CGACTG,
22-12588,P133_2025-19,B3,i5_TAATTC,TAATTC,GAATTA,i719,CGACTG,Ots Final,0,,22-12588_GT.0026_i719_B3_Ots Final,CGACTG,
22-12589,P133_2025-19,C3,i5_CACCTC,CACCTC,GAGGTG,i719,CGACTG,Ots Final,0,,22-12589_GT.0026_i719_C3_Ots Final,CGACTG,
22-12590,P133_2025-19,D3,i5_TAGTAT,TAGTAT,ATACTA,i719,CGACTG,Ots Final,0,,22-12590_GT.0026_i719_D3_Ots Final,CGACTG,
22-12591,P133_2025-19,E3,i5_CCATTT,CCATTT,AAATGG,i719,CGACTG,Ots Final,0,,22-12591_GT.0026_i719_E3_Ots Final,CGACTG,
22-12592,P133_2025-19,F3,i5_TCCTGC,TCCTGC,GCAGGA,i719,CGACTG,Ots Final,0,,22-12592_GT.0026_i719_F3_Ots Final,CGACTG,
22-12593,P133_2025-19,G3,i5_CCGAGG,CCGAGG,CCTCGG,i719,CGACTG,Ots Final,0,,22-12593_GT.0026_i719_G3_Ots Final,CGACTG,
22-12594,P133_2025-19,H3,i5_TCGGAC,TCGGAC,GTCCGA,i719,CGACTG,Ots Final,0,,22-12594_GT.0026_i719_H3_Ots Final,CGACTG,
22-12595,P133_2025-19,A4,i5_CGAGGC,CGAGGC,GCCTCG,i719,CGACTG,Ots Final,0,,22-12595_GT.0026_i719_A4_Ots Final,CGACTG,
22-12596,P133_2025-19,B4,i5_TGAACC,TGAACC,GGTTCA,i719,CGACTG,Ots Final,0,,22-12596_GT.0026_i719_B4_Ots Final,CGACTG,
22-12597,P133_2025-19,C4,i5_CGGTCC,CGGTCC,GGACCG,i719,CGACTG,Ots Final,0,,22-12597_GT.0026_i719_C4_Ots Final,CGACTG,
22-12598,P133_2025-19,D4,i5_TGCTTA,TGCTTA,TAAGCA,i719,CGACTG,Ots Final,0,,22-12598_GT.0026_i719_D4_Ots Final,CGACTG,
22-12599,P133_2025-19,E4,i5_CTACAG,CTACAG,CTGTAG,i719,CGACTG,Ots Final,0,,22-12599_GT.0026_i719_E4_Ots Final,CGACTG,
22-12600,P133_2025-19,F4,i5_TTCCGT,TTCCGT,ACGGAA,i719,CGACTG,Ots Final,0,,22-12600_GT.0026_i719_F4_Ots Final,CGACTG,
22-12601,P133_2025-19,G4,i5_CTGGTT,CTGGTT,AACCAG,i719,CGACTG,Ots Final,0,,22-12601_GT.0026_i719_G4_Ots Final,CGACTG,
22-12602,P133_2025-19,H4,i5_TTTAAT,TTTAAT,ATTAAA,i719,CGACTG,Ots Final,0,,22-12602_GT.0026_i719_H4_Ots Final,CGACTG,
22-12603,P133_2025-19,A5,i5_GAAATG,GAAATG,CATTTC,i719,CGACTG,Ots Final,0,,22-12603_GT.0026_i719_A5_Ots Final,CGACTG,
22-12604,P133_2025-19,B5,i5_AACTGA,AACTGA,TCAGTT,i719,CGACTG,Ots Final,0,,22-12604_GT.0026_i719_B5_Ots Final,CGACTG,
22-12605,P133_2025-19,C5,i5_GACTCT,GACTCT,AGAGTC,i719,CGACTG,Ots Final,0,,22-12605_GT.0026_i719_C5_Ots Final,CGACTG,
22-12606,P133_2025-19,D5,i5_AATATC,AATATC,GATATT,i719,CGACTG,Ots Final,0,,22-12606_GT.0026_i719_D5_Ots Final,CGACTG,
22-12607,P133_2025-19,E5,i5_GCAGAT,GCAGAT,ATCTGC,i719,CGACTG,Ots Final,0,,22-12607_GT.0026_i719_E5_Ots Final,CGACTG,
22-12608,P133_2025-19,F5,i5_ACAGCG,ACAGCG,CGCTGT,i719,CGACTG,Ots Final,0,,22-12608_GT.0026_i719_F5_Ots Final,CGACTG,
22-12609,P133_2025-19,G5,i5_GCGACC,GCGACC,GGTCGC,i719,CGACTG,Ots Final,0,,22-12609_GT.0026_i719_G5_Ots Final,CGACTG,
22-12610,P133_2025-19,H5,i5_ACCCCC,ACCCCC,GGGGGT,i719,CGACTG,Ots Final,0,,22-12610_GT.0026_i719_H5_Ots Final,CGACTG,
22-12611,P133_2025-19,A6,i5_GGACTT,GGACTT,AAGTCC,i719,CGACTG,Ots Final,0,,22-12611_GT.0026_i719_A6_Ots Final,CGACTG,
22-12612,P133_2025-19,B6,i5_AGCCAT,AGCCAT,ATGGCT,i719,CGACTG,Ots Final,0,,22-12612_GT.0026_i719_B6_Ots Final,CGACTG,
22-12613,P133_2025-19,C6,i5_GGGGCG,GGGGCG,CGCCCC,i719,CGACTG,Ots Final,0,,22-12613_GT.0026_i719_C6_Ots Final,CGACTG,
22-12614,P133_2025-19,D6,i5_AGGTGT,AGGTGT,ACACCT,i719,CGACTG,Ots Final,0,,22-12614_GT.0026_i719_D6_Ots Final,CGACTG,
22-12615,P133_2025-19,E6,i5_GTAAGT,GTAAGT,ACTTAC,i719,CGACTG,Ots Final,0,,22-12615_GT.0026_i719_E6_Ots Final,CGACTG,
22-12616,P133_2025-19,F6,i5_ATAGTA,ATAGTA,TACTAT,i719,CGACTG,Ots Final,0,,22-12616_GT.0026_i719_F6_Ots Final,CGACTG,
22-12617,P133_2025-19,G6,i5_GTGCCT,GTGCCT,AGGCAC,i719,CGACTG,Ots Final,0,,22-12617_GT.0026_i719_G6_Ots Final,CGACTG,
22-12618,P133_2025-19,H6,i5_ATGTTG,ATGTTG,CAACAT,i719,CGACTG,Ots Final,0,,22-12618_GT.0026_i719_H6_Ots Final,CGACTG,
22-12619,P133_2025-19,A7,i5_TAAGCT,TAAGCT,AGCTTA,i719,CGACTG,Ots Final,0,,22-12619_GT.0026_i719_A7_Ots Final,CGACTG,
22-12620,P133_2025-19,B7,i5_CAATCG,CAATCG,CGATTG,i719,CGACTG,Ots Final,0,,22-12620_GT.0026_i719_B7_Ots Final,CGACTG,
22-12621,P133_2025-19,C7,i5_TACGGG,TACGGG,CCCGTA,i719,CGACTG,Ots Final,0,,22-12621_GT.0026_i719_C7_Ots Final,CGACTG,
22-12622,P133_2025-19,D7,i5_CATACT,CATACT,AGTATG,i719,CGACTG,Ots Final,0,,22-12622_GT.0026_i719_D7_Ots Final,CGACTG,
22-12623,P133_2025-19,E7,i5_TCAAAG,TCAAAG,CTTTGA,i719,CGACTG,Ots Final,0,,22-12623_GT.0026_i719_E7_Ots Final,CGACTG,
22-12624,P133_2025-19,F7,i5_CCCTAA,CCCTAA,TTAGGG,i719,CGACTG,Ots Final,0,,22-12624_GT.0026_i719_F7_Ots Final,CGACTG,
22-12625,P133_2025-19,G7,i5_TCGCCA,TCGCCA,TGGCGA,i719,CGACTG,Ots Final,0,,22-12625_GT.0026_i719_G7_Ots Final,CGACTG,
22-12626,P133_2025-19,H7,i5_CCTAAC,CCTAAC,GTTAGG,i719,CGACTG,Ots Final,0,,22-12626_GT.0026_i719_H7_Ots Final,CGACTG,
22-12627,P133_2025-19,A8,i5_TCTTCT,TCTTCT,AGAAGA,i719,CGACTG,Ots Final,0,,22-12627_GT.0026_i719_A8_Ots Final,CGACTG,
22-12628,P133_2025-19,B8,i5_CGCGTG,CGCGTG,CACGCG,i719,CGACTG,Ots Final,0,,22-12628_GT.0026_i719_B8_Ots Final,CGACTG,
22-12629,P133_2025-19,C8,i5_TGCCCG,TGCCCG,CGGGCA,i719,CGACTG,Ots Final,0,,22-12629_GT.0026_i719_C8_Ots Final,CGACTG,
22-12630,P133_2025-19,D8,i5_CGTGAT,CGTGAT,ATCACG,i719,CGACTG,Ots Final,0,,22-12630_GT.0026_i719_D8_Ots Final,CGACTG,
22-12631,P133_2025-19,E8,i5_TTATGA,TTATGA,TCATAA,i719,CGACTG,Ots Final,0,,22-12631_GT.0026_i719_E8_Ots Final,CGACTG,
22-12632,P133_2025-19,F8,i5_CTGCGA,CTGCGA,TCGCAG,i719,CGACTG,Ots Final,0,,22-12632_GT.0026_i719_F8_Ots Final,CGACTG,
22-12633,P133_2025-19,G8,i5_TTGAGC,TTGAGC,GCTCAA,i719,CGACTG,Ots Final,0,,22-12633_GT.0026_i719_G8_Ots Final,CGACTG,
22-12634,P133_2025-19,H8,i5_CTTTGC,CTTTGC,GCAAAG,i719,CGACTG,Ots Final,0,,22-12634_GT.0026_i719_H8_Ots Final,CGACTG,
22-12635,P133_2025-19,A9,i5_AACGTT,AACGTT,AACGTT,i719,CGACTG,Ots Final,0,,22-12635_GT.0026_i719_A9_Ots Final,CGACTG,
22-12636,P133_2025-19,B9,i5_GACGAC,GACGAC,GTCGTC,i719,CGACTG,Ots Final,0,,22-12636_GT.0026_i719_B9_Ots Final,CGACTG,
22-12637,P133_2025-19,C9,i5_AAGCTA,AAGCTA,TAGCTT,i719,CGACTG,Ots Final,0,,22-12637_GT.0026_i719_C9_Ots Final,CGACTG,
22-12638,P133_2025-19,D9,i5_AATCGT,AATCGT,ACGATT,i719,CGACTG,Ots Final,0,,22-12638_GT.0026_i719_D9_Ots Final,CGACTG,
22-12639,P133_2025-19,E9,i5_ACAAGA,ACAAGA,TCTTGT,i719,CGACTG,Ots Final,0,,22-12639_GT.0026_i719_E9_Ots Final,CGACTG,
22-12640,P133_2025-19,F9,i5_GCCGTA,GCCGTA,TACGGC,i719,CGACTG,Ots Final,0,,22-12640_GT.0026_i719_F9_Ots Final,CGACTG,
22-12641,P133_2025-19,G9,i5_ACCATG,ACCATG,CATGGT,i719,CGACTG,Ots Final,0,,22-12641_GT.0026_i719_G9_Ots Final,CGACTG,
22-12642,P133_2025-19,H9,i5_GCTCAA,GCTCAA,TTGAGC,i719,CGACTG,Ots Final,0,,22-12642_GT.0026_i719_H9_Ots Final,CGACTG,
22-12643,P133_2025-19,A10,i5_ACTGGC,ACTGGC,GCCAGT,i719,CGACTG,Ots Final,0,,22-12643_GT.0026_i719_A10_Ots Final,CGACTG,
22-12644,P133_2025-19,B10,i5_GGGCGC,GGGCGC,GCGCCC,i719,CGACTG,Ots Final,0,,22-12644_GT.0026_i719_B10_Ots Final,CGACTG,
22-12645,P133_2025-19,C10,i5_AGGGTC,AGGGTC,GACCCT,i719,CGACTG,Ots Final,0,,22-12645_GT.0026_i719_C10_Ots Final,CGACTG,
22-12646,P133_2025-19,D10,i5_GGTTTG,GGTTTG,CAAACC,i719,CGACTG,Ots Final,0,,22-12646_GT.0026_i719_D10_Ots Final,CGACTG,
22-12647,P133_2025-19,E10,i5_AGTTAA,AGTTAA,TTAACT,i719,CGACTG,Ots Final,0,,22-12647_GT.0026_i719_E10_Ots Final,CGACTG,
22-12648,P133_2025-19,F10,i5_GTCATC,GTCATC,GATGAC,i719,CGACTG,Ots Final,0,,22-12648_GT.0026_i719_F10_Ots Final,CGACTG,
22-12649,P133_2025-19,G10,i5_ATGCAC,ATGCAC,GTGCAT,i719,CGACTG,Ots Final,0,,22-12649_GT.0026_i719_G10_Ots Final,CGACTG,
22-12650,P133_2025-19,H10,i5_GTTGGA,GTTGGA,TCCAAC,i719,CGACTG,Ots Final,0,,22-12650_GT.0026_i719_H10_Ots Final,CGACTG,
22-12651,P133_2025-19,A11,i5_CAAAAA,CAAAAA,TTTTTG,i719,CGACTG,Ots Final,0,,22-12651_GT.0026_i719_A11_Ots Final,CGACTG,
22-12652,P133_2025-19,B11,i5_TACACA,TACACA,TGTGTA,i719,CGACTG,Ots Final,0,,22-12652_GT.0026_i719_B11_Ots Final,CGACTG,
22-12653,P133_2025-19,C11,i5_CAGGCA,CAGGCA,TGCCTG,i719,CGACTG,Ots Final,0,,22-12653_GT.0026_i719_C11_Ots Final,CGACTG,
22-12654,P133_2025-19,D11,i5_TATCAC,TATCAC,GTGATA,i719,CGACTG,Ots Final,0,,22-12654_GT.0026_i719_D11_Ots Final,CGACTG,
22-12655,P133_2025-19,E11,i5_CCCGGT,CCCGGT,ACCGGG,i719,CGACTG,Ots Final,0,,22-12655_GT.0026_i719_E11_Ots Final,CGACTG,
22-12656,P133_2025-19,F11,i5_TCGATT,TCGATT,AATCGA,i719,CGACTG,Ots Final,0,,22-12656_GT.0026_i719_F11_Ots Final,CGACTG,
22-12657,P133_2025-19,G11,i5_CCGCAT,CCGCAT,ATGCGG,i719,CGACTG,Ots Final,0,,22-12657_GT.0026_i719_G11_Ots Final,CGACTG,
22-12658,P133_2025-19,H11,i5_TCTCGG,TCTCGG,CCGAGA,i719,CGACTG,Ots Final,0,,22-12658_GT.0026_i719_H11_Ots Final,CGACTG,
22-12659,P133_2025-19,A12,i5_CGCAGA,CGCAGA,TCTGCG,i719,CGACTG,Ots Final,0,,22-12659_GT.0026_i719_A12_Ots Final,CGACTG,
22-12660,P133_2025-19,B12,i5_TGACAA,TGACAA,TTGTCA,i719,CGACTG,Ots Final,0,,22-12660_GT.0026_i719_B12_Ots Final,CGACTG,
22-12661,P133_2025-19,C12,i5_CGTCTA,CGTCTA,TAGACG,i719,CGACTG,Ots Final,0,,22-12661_GT.0026_i719_C12_Ots Final,CGACTG,
22-12662,P133_2025-19,D12,i5_TGGGGA,TGGGGA,TCCCCA,i719,CGACTG,Ots Final,0,,22-12662_GT.0026_i719_D12_Ots Final,CGACTG,
22-12663,P133_2025-19,E12,i5_CTCGCC,CTCGCC,GGCGAG,i719,CGACTG,Ots Final,0,,22-12663_GT.0026_i719_E12_Ots Final,CGACTG,
22-12664,P133_2025-19,F12,i5_TTCTAG,TTCTAG,CTAGAA,i719,CGACTG,Ots Final,0,,22-12664_GT.0026_i719_F12_Ots Final,CGACTG,
22-12665,P133_2025-19,G12,i5_CTTATG,CTTATG,CATAAG,i719,CGACTG,Ots Final,0,,22-12665_GT.0026_i719_G12_Ots Final,CGACTG,
Negative,P133_2025-19,H12,i5_TTTGTC,TTTGTC,GACAAA,i719,CGACTG,Ots Final,0,,Negative_GT.0026_i719_H12_Ots Final,CGACTG,
23-12001,P133_2025-20,A1,i5_AAACGG,AAACGG,CCGTTT,i720,CCTGAC,Ots Final,0,,23-12001_GT.0026_i720_A1_Ots Final,CCTGAC,
23-12002,P133_2025-20,B1,i5_GAACCA,GAACCA,TGGTTC,i720,CCTGAC,Ots Final,0,,23-12002_GT.0026_i720_B1_Ots Final,CCTGAC,
23-12003,P133_2025-20,C1,i5_AAGACG,AAGACG,CGTCTT,i720,CCTGAC,Ots Final,0,,23-12003_GT.0026_i720_C1_Ots Final,CCTGAC,
23-12004,P133_2025-20,D1,i5_GAGAGA,GAGAGA,TCTCTC,i720,CCTGAC,Ots Final,0,,23-12004_GT.0026_i720_D1_Ots Final,CCTGAC,
23-12005,P133_2025-20,E1,i5_AATGAG,AATGAG,CTCATT,i720,CCTGAC,Ots Final,0,,23-12005_GT.0026_i720_E1_Ots Final,CCTGAC,
23-12006,P133_2025-20,F1,i5_GCATGG,GCATGG,CCATGC,i720,CCTGAC,Ots Final,0,,23-12006_GT.0026_i720_F1_Ots Final,CCTGAC,
23-12007,P133_2025-20,G1,i5_ACATAC,ACATAC,GTATGT,i720,CCTGAC,Ots Final,0,,23-12007_GT.0026_i720_G1_Ots Final,CCTGAC,
23-12008,P133_2025-20,H1,i5_GCGCTG,GCGCTG,CAGCGC,i720,CCTGAC,Ots Final,0,,23-12008_GT.0026_i720_H1_Ots Final,CCTGAC,
23-12009,P133_2025-20,A2,i5_ACTCTT,ACTCTT,AAGAGT,i720,CCTGAC,Ots Final,0,,23-12009_GT.0026_i720_A2_Ots Final,CCTGAC,
23-12010,P133_2025-20,B2,i5_GGCAAG,GGCAAG,CTTGCC,i720,CCTGAC,Ots Final,0,,23-12010_GT.0026_i720_B2_Ots Final,CCTGAC,
23-12011,P133_2025-20,C2,i5_AGCGCA,AGCGCA,TGCGCT,i720,CCTGAC,Ots Final,0,,23-12011_GT.0026_i720_C2_Ots Final,CCTGAC,
23-12012,P133_2025-20,D2,i5_GGTACA,GGTACA,TGTACC,i720,CCTGAC,Ots Final,0,,23-12012_GT.0026_i720_D2_Ots Final,CCTGAC,
23-12013,P133_2025-20,E2,i5_AGTAGG,AGTAGG,CCTACT,i720,CCTGAC,Ots Final,0,,23-12013_GT.0026_i720_E2_Ots Final,CCTGAC,
23-12014,P133_2025-20,F2,i5_GTATCC,GTATCC,GGATAC,i720,CCTGAC,Ots Final,0,,23-12014_GT.0026_i720_F2_Ots Final,CCTGAC,
23-12015,P133_2025-20,G2,i5_ATCAAA,ATCAAA,TTTGAT,i720,CCTGAC,Ots Final,0,,23-12015_GT.0026_i720_G2_Ots Final,CCTGAC,
23-12016,P133_2025-20,H2,i5_GTGTAA,GTGTAA,TTACAC,i720,CCTGAC,Ots Final,0,,23-12016_GT.0026_i720_H2_Ots Final,CCTGAC,
23-12017,P133_2025-20,A3,i5_ATTCCG,ATTCCG,CGGAAT,i720,CCTGAC,Ots Final,0,,23-12017_GT.0026_i720_A3_Ots Final,CCTGAC,
23-12018,P133_2025-20,B3,i5_TAATTC,TAATTC,GAATTA,i720,CCTGAC,Ots Final,0,,23-12018_GT.0026_i720_B3_Ots Final,CCTGAC,
23-12019,P133_2025-20,C3,i5_CACCTC,CACCTC,GAGGTG,i720,CCTGAC,Ots Final,0,,23-12019_GT.0026_i720_C3_Ots Final,CCTGAC,
23-12020,P133_2025-20,D3,i5_TAGTAT,TAGTAT,ATACTA,i720,CCTGAC,Ots Final,0,,23-12020_GT.0026_i720_D3_Ots Final,CCTGAC,
23-12021,P133_2025-20,E3,i5_CCATTT,CCATTT,AAATGG,i720,CCTGAC,Ots Final,0,,23-12021_GT.0026_i720_E3_Ots Final,CCTGAC,
23-12022,P133_2025-20,F3,i5_TCCTGC,TCCTGC,GCAGGA,i720,CCTGAC,Ots Final,0,,23-12022_GT.0026_i720_F3_Ots Final,CCTGAC,
23-12023,P133_2025-20,G3,i5_CCGAGG,CCGAGG,CCTCGG,i720,CCTGAC,Ots Final,0,,23-12023_GT.0026_i720_G3_Ots Final,CCTGAC,
23-12024,P133_2025-20,H3,i5_TCGGAC,TCGGAC,GTCCGA,i720,CCTGAC,Ots Final,0,,23-12024_GT.0026_i720_H3_Ots Final,CCTGAC,
23-12025,P133_2025-20,A4,i5_CGAGGC,CGAGGC,GCCTCG,i720,CCTGAC,Ots Final,0,,23-12025_GT.0026_i720_A4_Ots Final,CCTGAC,
23-12026,P133_2025-20,B4,i5_TGAACC,TGAACC,GGTTCA,i720,CCTGAC,Ots Final,0,,23-12026_GT.0026_i720_B4_Ots Final,CCTGAC,
23-12027,P133_2025-20,C4,i5_CGGTCC,CGGTCC,GGACCG,i720,CCTGAC,Ots Final,0,,23-12027_GT.0026_i720_C4_Ots Final,CCTGAC,
23-12028,P133_2025-20,D4,i5_TGCTTA,TGCTTA,TAAGCA,i720,CCTGAC,Ots Final,0,,23-12028_GT.0026_i720_D4_Ots Final,CCTGAC,
23-12029,P133_2025-20,E4,i5_CTACAG,CTACAG,CTGTAG,i720,CCTGAC,Ots Final,0,,23-12029_GT.0026_i720_E4_Ots Final,CCTGAC,
23-12030,P133_2025-20,F4,i5_TTCCGT,TTCCGT,ACGGAA,i720,CCTGAC,Ots Final,0,,23-12030_GT.0026_i720_F4_Ots Final,CCTGAC,
23-12031,P133_2025-20,G4,i5_CTGGTT,CTGGTT,AACCAG,i720,CCTGAC,Ots Final,0,,23-12031_GT.0026_i720_G4_Ots Final,CCTGAC,
23-12032,P133_2025-20,H4,i5_TTTAAT,TTTAAT,ATTAAA,i720,CCTGAC,Ots Final,0,,23-12032_GT.0026_i720_H4_Ots Final,CCTGAC,
23-12033,P133_2025-20,A5,i5_GAAATG,GAAATG,CATTTC,i720,CCTGAC,Ots Final,0,,23-12033_GT.0026_i720_A5_Ots Final,CCTGAC,
23-12034,P133_2025-20,B5,i5_AACTGA,AACTGA,TCAGTT,i720,CCTGAC,Ots Final,0,,23-12034_GT.0026_i720_B5_Ots Final,CCTGAC,
23-12035,P133_2025-20,C5,i5_GACTCT,GACTCT,AGAGTC,i720,CCTGAC,Ots Final,0,,23-12035_GT.0026_i720_C5_Ots Final,CCTGAC,
23-12036,P133_2025-20,D5,i5_AATATC,AATATC,GATATT,i720,CCTGAC,Ots Final,0,,23-12036_GT.0026_i720_D5_Ots Final,CCTGAC,
23-12037,P133_2025-20,E5,i5_GCAGAT,GCAGAT,ATCTGC,i720,CCTGAC,Ots Final,0,,23-12037_GT.0026_i720_E5_Ots Final,CCTGAC,
23-12038,P133_2025-20,F5,i5_ACAGCG,ACAGCG,CGCTGT,i720,CCTGAC,Ots Final,0,,23-12038_GT.0026_i720_F5_Ots Final,CCTGAC,
23-12039,P133_2025-20,G5,i5_GCGACC,GCGACC,GGTCGC,i720,CCTGAC,Ots Final,0,,23-12039_GT.0026_i720_G5_Ots Final,CCTGAC,
23-12040,P133_2025-20,H5,i5_ACCCCC,ACCCCC,GGGGGT,i720,CCTGAC,Ots Final,0,,23-12040_GT.0026_i720_H5_Ots Final,CCTGAC,
23-12041,P133_2025-20,A6,i5_GGACTT,GGACTT,AAGTCC,i720,CCTGAC,Ots Final,0,,23-12041_GT.0026_i720_A6_Ots Final,CCTGAC,
23-12042,P133_2025-20,B6,i5_AGCCAT,AGCCAT,ATGGCT,i720,CCTGAC,Ots Final,0,,23-12042_GT.0026_i720_B6_Ots Final,CCTGAC,
23-12043,P133_2025-20,C6,i5_GGGGCG,GGGGCG,CGCCCC,i720,CCTGAC,Ots Final,0,,23-12043_GT.0026_i720_C6_Ots Final,CCTGAC,
23-12044,P133_2025-20,D6,i5_AGGTGT,AGGTGT,ACACCT,i720,CCTGAC,Ots Final,0,,23-12044_GT.0026_i720_D6_Ots Final,CCTGAC,
23-12045,P133_2025-20,E6,i5_GTAAGT,GTAAGT,ACTTAC,i720,CCTGAC,Ots Final,0,,23-12045_GT.0026_i720_E6_Ots Final,CCTGAC,
23-12046,P133_2025-20,F6,i5_ATAGTA,ATAGTA,TACTAT,i720,CCTGAC,Ots Final,0,,23-12046_GT.0026_i720_F6_Ots Final,CCTGAC,
23-12047,P133_2025-20,G6,i5_GTGCCT,GTGCCT,AGGCAC,i720,CCTGAC,Ots Final,0,,23-12047_GT.0026_i720_G6_Ots Final,CCTGAC,
23-12048,P133_2025-20,H6,i5_ATGTTG,ATGTTG,CAACAT,i720,CCTGAC,Ots Final,0,,23-12048_GT.0026_i720_H6_Ots Final,CCTGAC,
23-12049,P133_2025-20,A7,i5_TAAGCT,TAAGCT,AGCTTA,i720,CCTGAC,Ots Final,0,,23-12049_GT.0026_i720_A7_Ots Final,CCTGAC,
23-12050,P133_2025-20,B7,i5_CAATCG,CAATCG,CGATTG,i720,CCTGAC,Ots Final,0,,23-12050_GT.0026_i720_B7_Ots Final,CCTGAC,
23-12051,P133_2025-20,C7,i5_TACGGG,TACGGG,CCCGTA,i720,CCTGAC,Ots Final,0,,23-12051_GT.0026_i720_C7_Ots Final,CCTGAC,
23-12052,P133_2025-20,D7,i5_CATACT,CATACT,AGTATG,i720,CCTGAC,Ots Final,0,,23-12052_GT.0026_i720_D7_Ots Final,CCTGAC,
23-12053,P133_2025-20,E7,i5_TCAAAG,TCAAAG,CTTTGA,i720,CCTGAC,Ots Final,0,,23-12053_GT.0026_i720_E7_Ots Final,CCTGAC,
23-12054,P133_2025-20,F7,i5_CCCTAA,CCCTAA,TTAGGG,i720,CCTGAC,Ots Final,0,,23-12054_GT.0026_i720_F7_Ots Final,CCTGAC,
23-12055,P133_2025-20,G7,i5_TCGCCA,TCGCCA,TGGCGA,i720,CCTGAC,Ots Final,0,,23-12055_GT.0026_i720_G7_Ots Final,CCTGAC,
23-12056,P133_2025-20,H7,i5_CCTAAC,CCTAAC,GTTAGG,i720,CCTGAC,Ots Final,0,,23-12056_GT.0026_i720_H7_Ots Final,CCTGAC,
23-12057,P133_2025-20,A8,i5_TCTTCT,TCTTCT,AGAAGA,i720,CCTGAC,Ots Final,0,,23-12057_GT.0026_i720_A8_Ots Final,CCTGAC,
23-12058,P133_2025-20,B8,i5_CGCGTG,CGCGTG,CACGCG,i720,CCTGAC,Ots Final,0,,23-12058_GT.0026_i720_B8_Ots Final,CCTGAC,
23-12059,P133_2025-20,C8,i5_TGCCCG,TGCCCG,CGGGCA,i720,CCTGAC,Ots Final,0,,23-12059_GT.0026_i720_C8_Ots Final,CCTGAC,
23-12060,P133_2025-20,D8,i5_CGTGAT,CGTGAT,ATCACG,i720,CCTGAC,Ots Final,0,,23-12060_GT.0026_i720_D8_Ots Final,CCTGAC,
23-12061,P133_2025-20,E8,i5_TTATGA,TTATGA,TCATAA,i720,CCTGAC,Ots Final,0,,23-12061_GT.0026_i720_E8_Ots Final,CCTGAC,
23-12062,P133_2025-20,F8,i5_CTGCGA,CTGCGA,TCGCAG,i720,CCTGAC,Ots Final,0,,23-12062_GT.0026_i720_F8_Ots Final,CCTGAC,
23-12063,P133_2025-20,G8,i5_TTGAGC,TTGAGC,GCTCAA,i720,CCTGAC,Ots Final,0,,23-12063_GT.0026_i720_G8_Ots Final,CCTGAC,
23-12064,P133_2025-20,H8,i5_CTTTGC,CTTTGC,GCAAAG,i720,CCTGAC,Ots Final,0,,23-12064_GT.0026_i720_H8_Ots Final,CCTGAC,
23-12065,P133_2025-20,A9,i5_AACGTT,AACGTT,AACGTT,i720,CCTGAC,Ots Final,0,,23-12065_GT.0026_i720_A9_Ots Final,CCTGAC,
23-12066,P133_2025-20,B9,i5_GACGAC,GACGAC,GTCGTC,i720,CCTGAC,Ots Final,0,,23-12066_GT.0026_i720_B9_Ots Final,CCTGAC,
23-12067,P133_2025-20,C9,i5_AAGCTA,AAGCTA,TAGCTT,i720,CCTGAC,Ots Final,0,,23-12067_GT.0026_i720_C9_Ots Final,CCTGAC,
23-12068,P133_2025-20,D9,i5_AATCGT,AATCGT,ACGATT,i720,CCTGAC,Ots Final,0,,23-12068_GT.0026_i720_D9_Ots Final,CCTGAC,
23-12069,P133_2025-20,E9,i5_ACAAGA,ACAAGA,TCTTGT,i720,CCTGAC,Ots Final,0,,23-12069_GT.0026_i720_E9_Ots Final,CCTGAC,
23-12070,P133_2025-20,F9,i5_GCCGTA,GCCGTA,TACGGC,i720,CCTGAC,Ots Final,0,,23-12070_GT.0026_i720_F9_Ots Final,CCTGAC,
23-12071,P133_2025-20,G9,i5_ACCATG,ACCATG,CATGGT,i720,CCTGAC,Ots Final,0,,23-12071_GT.0026_i720_G9_Ots Final,CCTGAC,
23-12072,P133_2025-20,H9,i5_GCTCAA,GCTCAA,TTGAGC,i720,CCTGAC,Ots Final,0,,23-12072_GT.0026_i720_H9_Ots Final,CCTGAC,
23-12073,P133_2025-20,A10,i5_ACTGGC,ACTGGC,GCCAGT,i720,CCTGAC,Ots Final,0,,23-12073_GT.0026_i720_A10_Ots Final,CCTGAC,
23-12074,P133_2025-20,B10,i5_GGGCGC,GGGCGC,GCGCCC,i720,CCTGAC,Ots Final,0,,23-12074_GT.0026_i720_B10_Ots Final,CCTGAC,
23-12075,P133_2025-20,C10,i5_AGGGTC,AGGGTC,GACCCT,i720,CCTGAC,Ots Final,0,,23-12075_GT.0026_i720_C10_Ots Final,CCTGAC,
23-12076,P133_2025-20,D10,i5_GGTTTG,GGTTTG,CAAACC,i720,CCTGAC,Ots Final,0,,23-12076_GT.0026_i720_D10_Ots Final,CCTGAC,
23-12077,P133_2025-20,E10,i5_AGTTAA,AGTTAA,TTAACT,i720,CCTGAC,Ots Final,0,,23-12077_GT.0026_i720_E10_Ots Final,CCTGAC,
23-12078,P133_2025-20,F10,i5_GTCATC,GTCATC,GATGAC,i720,CCTGAC,Ots Final,0,,23-12078_GT.0026_i720_F10_Ots Final,CCTGAC,
23-12079,P133_2025-20,G10,i5_ATGCAC,ATGCAC,GTGCAT,i720,CCTGAC,Ots Final,0,,23-12079_GT.0026_i720_G10_Ots Final,CCTGAC,
23-12080,P133_2025-20,H10,i5_GTTGGA,GTTGGA,TCCAAC,i720,CCTGAC,Ots Final,0,,23-12080_GT.0026_i720_H10_Ots Final,CCTGAC,
23-12081,P133_2025-20,A11,i5_CAAAAA,CAAAAA,TTTTTG,i720,CCTGAC,Ots Final,0,,23-12081_GT.0026_i720_A11_Ots Final,CCTGAC,
23-12082,P133_2025-20,B11,i5_TACACA,TACACA,TGTGTA,i720,CCTGAC,Ots Final,0,,23-12082_GT.0026_i720_B11_Ots Final,CCTGAC,
23-12083,P133_2025-20,C11,i5_CAGGCA,CAGGCA,TGCCTG,i720,CCTGAC,Ots Final,0,,23-12083_GT.0026_i720_C11_Ots Final,CCTGAC,
23-12084,P133_2025-20,D11,i5_TATCAC,TATCAC,GTGATA,i720,CCTGAC,Ots Final,0,,23-12084_GT.0026_i720_D11_Ots Final,CCTGAC,
23-12085,P133_2025-20,E11,i5_CCCGGT,CCCGGT,ACCGGG,i720,CCTGAC,Ots Final,0,,23-12085_GT.0026_i720_E11_Ots Final,CCTGAC,
23-12086,P133_2025-20,F11,i5_TCGATT,TCGATT,AATCGA,i720,CCTGAC,Ots Final,0,,23-12086_GT.0026_i720_F11_Ots Final,CCTGAC,
23-12087,P133_2025-20,G11,i5_CCGCAT,CCGCAT,ATGCGG,i720,CCTGAC,Ots Final,0,,23-12087_GT.0026_i720_G11_Ots Final,CCTGAC,
23-12088,P133_2025-20,H11,i5_TCTCGG,TCTCGG,CCGAGA,i720,CCTGAC,Ots Final,0,,23-12088_GT.0026_i720_H11_Ots Final,CCTGAC,
23-12089,P133_2025-20,A12,i5_CGCAGA,CGCAGA,TCTGCG,i720,CCTGAC,Ots Final,0,,23-12089_GT.0026_i720_A12_Ots Final,CCTGAC,
23-12090,P133_2025-20,B12,i5_TGACAA,TGACAA,TTGTCA,i720,CCTGAC,Ots Final,0,,23-12090_GT.0026_i720_B12_Ots Final,CCTGAC,
23-12091,P133_2025-20,C12,i5_CGTCTA,CGTCTA,TAGACG,i720,CCTGAC,Ots Final,0,,23-12091_GT.0026_i720_C12_Ots Final,CCTGAC,
23-12092,P133_2025-20,D12,i5_TGGGGA,TGGGGA,TCCCCA,i720,CCTGAC,Ots Final,0,,23-12092_GT.0026_i720_D12_Ots Final,CCTGAC,
23-12093,P133_2025-20,E12,i5_CTCGCC,CTCGCC,GGCGAG,i720,CCTGAC,Ots Final,0,,23-12093_GT.0026_i720_E12_Ots Final,CCTGAC,
23-12094,P133_2025-20,F12,i5_TTCTAG,TTCTAG,CTAGAA,i720,CCTGAC,Ots Final,0,,23-12094_GT.0026_i720_F12_Ots Final,CCTGAC,
23-12095,P133_2025-20,G12,i5_CTTATG,CTTATG,CATAAG,i720,CCTGAC,Ots Final,0,,23-12095_GT.0026_i720_G12_Ots Final,CCTGAC,
Negative,P133_2025-20,H12,i5_TTTGTC,TTTGTC,GACAAA,i720,CCTGAC,Ots Final,0,,Negative_GT.0026_i720_H12_Ots Final,CCTGAC,
